term,case,docket,circuit,issue_area,outcome,split,n_conservative,justice,is_majority
2020,Google LLC v. Oracle America Inc.,18-956,Federal Circuit,Unknown,1,6-3,6,Breyer,1
2020,Google LLC v. Oracle America Inc.,18-956,Federal Circuit,Unknown,1,6-3,6,Jr.,1
2020,Google LLC v. Oracle America Inc.,18-956,Federal Circuit,Unknown,1,6-3,6,Sotomayor,1
2020,Google LLC v. Oracle America Inc.,18-956,Federal Circuit,Unknown,1,6-3,6,Kagan,1
2020,Google LLC v. Oracle America Inc.,18-956,Federal Circuit,Unknown,1,6-3,6,Gorsuch,1
2020,Google LLC v. Oracle America Inc.,18-956,Federal Circuit,Unknown,1,6-3,6,Kavanaugh,1
2020,Google LLC v. Oracle America Inc.,18-956,Federal Circuit,Unknown,1,6-3,6,Thomas,0
2020,Google LLC v. Oracle America Inc.,18-956,Federal Circuit,Unknown,1,6-3,6,Jr.,0
2020,Google LLC v. Oracle America Inc.,18-956,Federal Circuit,Unknown,1,6-3,6,Barrett,0
2020,United States v. Briggs,19-108,Other,Unknown,1,8-1,6,Jr.,1
2020,United States v. Briggs,19-108,Other,Unknown,1,8-1,6,Gorsuch,1
2020,United States v. Briggs,19-108,Other,Unknown,1,8-1,6,Jr.,1
2020,United States v. Briggs,19-108,Other,Unknown,1,8-1,6,Thomas,1
2020,United States v. Briggs,19-108,Other,Unknown,1,8-1,6,Sotomayor,1
2020,United States v. Briggs,19-108,Other,Unknown,1,8-1,6,Kagan,1
2020,United States v. Briggs,19-108,Other,Unknown,1,8-1,6,Kavanaugh,1
2020,United States v. Briggs,19-108,Other,Unknown,1,8-1,6,Breyer,1
2020,United States v. Briggs,19-108,Other,Unknown,1,8-1,6,Barrett,0
2020,Tanzin v. Tanvir,19-71,2nd Circuit,Unknown,0,8-1,6,Thomas,1
2020,Tanzin v. Tanvir,19-71,2nd Circuit,Unknown,0,8-1,6,Jr.,1
2020,Tanzin v. Tanvir,19-71,2nd Circuit,Unknown,0,8-1,6,Breyer,1
2020,Tanzin v. Tanvir,19-71,2nd Circuit,Unknown,0,8-1,6,Jr.,1
2020,Tanzin v. Tanvir,19-71,2nd Circuit,Unknown,0,8-1,6,Sotomayor,1
2020,Tanzin v. Tanvir,19-71,2nd Circuit,Unknown,0,8-1,6,Kagan,1
2020,Tanzin v. Tanvir,19-71,2nd Circuit,Unknown,0,8-1,6,Gorsuch,1
2020,Tanzin v. Tanvir,19-71,2nd Circuit,Unknown,0,8-1,6,Kavanaugh,1
2020,Tanzin v. Tanvir,19-71,2nd Circuit,Unknown,0,8-1,6,Barrett,0
2020,Carney v. Adams,19-309,3rd Circuit,Unknown,1,8-1,6,Breyer,1
2020,Carney v. Adams,19-309,3rd Circuit,Unknown,1,8-1,6,Jr.,1
2020,Carney v. Adams,19-309,3rd Circuit,Unknown,1,8-1,6,Thomas,1
2020,Carney v. Adams,19-309,3rd Circuit,Unknown,1,8-1,6,Jr.,1
2020,Carney v. Adams,19-309,3rd Circuit,Unknown,1,8-1,6,Sotomayor,1
2020,Carney v. Adams,19-309,3rd Circuit,Unknown,1,8-1,6,Kagan,1
2020,Carney v. Adams,19-309,3rd Circuit,Unknown,1,8-1,6,Gorsuch,1
2020,Carney v. Adams,19-309,3rd Circuit,Unknown,1,8-1,6,Kavanaugh,1
2020,Carney v. Adams,19-309,3rd Circuit,Unknown,1,8-1,6,Barrett,0
2020,Torres v. Madrid,19-292,10th Circuit,Unknown,1,5-4,6,Jr.,1
2020,Torres v. Madrid,19-292,10th Circuit,Unknown,1,5-4,6,Sotomayor,1
2020,Torres v. Madrid,19-292,10th Circuit,Unknown,1,5-4,6,Breyer,1
2020,Torres v. Madrid,19-292,10th Circuit,Unknown,1,5-4,6,Kagan,1
2020,Torres v. Madrid,19-292,10th Circuit,Unknown,1,5-4,6,Kavanaugh,1
2020,Torres v. Madrid,19-292,10th Circuit,Unknown,1,5-4,6,Gorsuch,0
2020,Torres v. Madrid,19-292,10th Circuit,Unknown,1,5-4,6,Jr.,0
2020,Torres v. Madrid,19-292,10th Circuit,Unknown,1,5-4,6,Thomas,0
2020,Torres v. Madrid,19-292,10th Circuit,Unknown,1,5-4,6,Barrett,0
2020,City of Chicago v. Fulton,19-357,7th Circuit,Unknown,1,8-1,6,Jr.,1
2020,City of Chicago v. Fulton,19-357,7th Circuit,Unknown,1,8-1,6,Sotomayor,1
2020,City of Chicago v. Fulton,19-357,7th Circuit,Unknown,1,8-1,6,Jr.,1
2020,City of Chicago v. Fulton,19-357,7th Circuit,Unknown,1,8-1,6,Thomas,1
2020,City of Chicago v. Fulton,19-357,7th Circuit,Unknown,1,8-1,6,Breyer,1
2020,City of Chicago v. Fulton,19-357,7th Circuit,Unknown,1,8-1,6,Kagan,1
2020,City of Chicago v. Fulton,19-357,7th Circuit,Unknown,1,8-1,6,Gorsuch,1
2020,City of Chicago v. Fulton,19-357,7th Circuit,Unknown,1,8-1,6,Kavanaugh,1
2020,City of Chicago v. Fulton,19-357,7th Circuit,Unknown,1,8-1,6,Barrett,0
2020,Pereida v. Wilkinson,19-438,8th Circuit,Unknown,0,5-4,6,Gorsuch,1
2020,Pereida v. Wilkinson,19-438,8th Circuit,Unknown,0,5-4,6,Jr.,1
2020,Pereida v. Wilkinson,19-438,8th Circuit,Unknown,0,5-4,6,Thomas,1
2020,Pereida v. Wilkinson,19-438,8th Circuit,Unknown,0,5-4,6,Jr.,1
2020,Pereida v. Wilkinson,19-438,8th Circuit,Unknown,0,5-4,6,Kavanaugh,1
2020,Pereida v. Wilkinson,19-438,8th Circuit,Unknown,0,5-4,6,Breyer,0
2020,Pereida v. Wilkinson,19-438,8th Circuit,Unknown,0,5-4,6,Sotomayor,0
2020,Pereida v. Wilkinson,19-438,8th Circuit,Unknown,0,5-4,6,Kagan,0
2020,Pereida v. Wilkinson,19-438,8th Circuit,Unknown,0,5-4,6,Barrett,0
2020,Rutledge v. Pharmaceutical Care Management Association,18-540,8th Circuit,Unknown,1,8-1,6,Sotomayor,1
2020,Rutledge v. Pharmaceutical Care Management Association,18-540,8th Circuit,Unknown,1,8-1,6,Jr.,1
2020,Rutledge v. Pharmaceutical Care Management Association,18-540,8th Circuit,Unknown,1,8-1,6,Thomas,1
2020,Rutledge v. Pharmaceutical Care Management Association,18-540,8th Circuit,Unknown,1,8-1,6,Jr.,1
2020,Rutledge v. Pharmaceutical Care Management Association,18-540,8th Circuit,Unknown,1,8-1,6,Breyer,1
2020,Rutledge v. Pharmaceutical Care Management Association,18-540,8th Circuit,Unknown,1,8-1,6,Kagan,1
2020,Rutledge v. Pharmaceutical Care Management Association,18-540,8th Circuit,Unknown,1,8-1,6,Gorsuch,1
2020,Rutledge v. Pharmaceutical Care Management Association,18-540,8th Circuit,Unknown,1,8-1,6,Kavanaugh,1
2020,Rutledge v. Pharmaceutical Care Management Association,18-540,8th Circuit,Unknown,1,8-1,6,Barrett,0
2020,Salinas v. United States Railroad Retirement Board,19-199,5th Circuit,Unknown,1,5-4,6,Sotomayor,1
2020,Salinas v. United States Railroad Retirement Board,19-199,5th Circuit,Unknown,1,5-4,6,Jr.,1
2020,Salinas v. United States Railroad Retirement Board,19-199,5th Circuit,Unknown,1,5-4,6,Breyer,1
2020,Salinas v. United States Railroad Retirement Board,19-199,5th Circuit,Unknown,1,5-4,6,Kagan,1
2020,Salinas v. United States Railroad Retirement Board,19-199,5th Circuit,Unknown,1,5-4,6,Kavanaugh,1
2020,Salinas v. United States Railroad Retirement Board,19-199,5th Circuit,Unknown,1,5-4,6,Thomas,0
2020,Salinas v. United States Railroad Retirement Board,19-199,5th Circuit,Unknown,1,5-4,6,Barrett,0
2020,Salinas v. United States Railroad Retirement Board,19-199,5th Circuit,Unknown,1,5-4,6,Gorsuch,0
2020,Salinas v. United States Railroad Retirement Board,19-199,5th Circuit,Unknown,1,5-4,6,Jr.,0
2020,Ford Motor Company v. Montana Eighth Judicial District Court,19-368,Other,Unknown,0,8-1,6,Kagan,1
2020,Ford Motor Company v. Montana Eighth Judicial District Court,19-368,Other,Unknown,0,8-1,6,Jr.,1
2020,Ford Motor Company v. Montana Eighth Judicial District Court,19-368,Other,Unknown,0,8-1,6,Breyer,1
2020,Ford Motor Company v. Montana Eighth Judicial District Court,19-368,Other,Unknown,0,8-1,6,Sotomayor,1
2020,Ford Motor Company v. Montana Eighth Judicial District Court,19-368,Other,Unknown,0,8-1,6,Jr.,1
2020,Ford Motor Company v. Montana Eighth Judicial District Court,19-368,Other,Unknown,0,8-1,6,Gorsuch,1
2020,Ford Motor Company v. Montana Eighth Judicial District Court,19-368,Other,Unknown,0,8-1,6,Thomas,1
2020,Ford Motor Company v. Montana Eighth Judicial District Court,19-368,Other,Unknown,0,8-1,6,Kavanaugh,1
2020,Ford Motor Company v. Montana Eighth Judicial District Court,19-368,Other,Unknown,0,8-1,6,Barrett,0
2020,Fulton v. City of Philadelphia,19-123,3rd Circuit,Unknown,1,9-0,6,Jr.,1
2020,Fulton v. City of Philadelphia,19-123,3rd Circuit,Unknown,1,9-0,6,Sotomayor,1
2020,Fulton v. City of Philadelphia,19-123,3rd Circuit,Unknown,1,9-0,6,Kagan,1
2020,Fulton v. City of Philadelphia,19-123,3rd Circuit,Unknown,1,9-0,6,Breyer,1
2020,Fulton v. City of Philadelphia,19-123,3rd Circuit,Unknown,1,9-0,6,Kavanaugh,1
2020,Fulton v. City of Philadelphia,19-123,3rd Circuit,Unknown,1,9-0,6,Barrett,1
2020,Fulton v. City of Philadelphia,19-123,3rd Circuit,Unknown,1,9-0,6,Jr.,1
2020,Fulton v. City of Philadelphia,19-123,3rd Circuit,Unknown,1,9-0,6,Thomas,1
2020,Fulton v. City of Philadelphia,19-123,3rd Circuit,Unknown,1,9-0,6,Gorsuch,1
2020,U.S. Fish and Wildlife Service v. Sierra Club,19-547,9th Circuit,Unknown,1,7-2,6,Barrett,1
2020,U.S. Fish and Wildlife Service v. Sierra Club,19-547,9th Circuit,Unknown,1,7-2,6,Jr.,1
2020,U.S. Fish and Wildlife Service v. Sierra Club,19-547,9th Circuit,Unknown,1,7-2,6,Thomas,1
2020,U.S. Fish and Wildlife Service v. Sierra Club,19-547,9th Circuit,Unknown,1,7-2,6,Breyer,0
2020,U.S. Fish and Wildlife Service v. Sierra Club,19-547,9th Circuit,Unknown,1,7-2,6,Sotomayor,0
2020,U.S. Fish and Wildlife Service v. Sierra Club,19-547,9th Circuit,Unknown,1,7-2,6,Jr.,1
2020,U.S. Fish and Wildlife Service v. Sierra Club,19-547,9th Circuit,Unknown,1,7-2,6,Gorsuch,1
2020,U.S. Fish and Wildlife Service v. Sierra Club,19-547,9th Circuit,Unknown,1,7-2,6,Kavanaugh,1
2020,U.S. Fish and Wildlife Service v. Sierra Club,19-547,9th Circuit,Unknown,1,7-2,6,Kagan,1
2020,Borden v. United States,19-5410,6th Circuit,Unknown,1,5-4,6,Kagan,1
2020,Borden v. United States,19-5410,6th Circuit,Unknown,1,5-4,6,Sotomayor,1
2020,Borden v. United States,19-5410,6th Circuit,Unknown,1,5-4,6,Breyer,1
2020,Borden v. United States,19-5410,6th Circuit,Unknown,1,5-4,6,Gorsuch,1
2020,Borden v. United States,19-5410,6th Circuit,Unknown,1,5-4,6,Thomas,1
2020,Borden v. United States,19-5410,6th Circuit,Unknown,1,5-4,6,Kavanaugh,0
2020,Borden v. United States,19-5410,6th Circuit,Unknown,1,5-4,6,Jr.,0
2020,Borden v. United States,19-5410,6th Circuit,Unknown,1,5-4,6,Barrett,0
2020,Borden v. United States,19-5410,6th Circuit,Unknown,1,5-4,6,Jr.,0
2020,California v. Texas,19-840,5th Circuit,Unknown,1,7-2,6,Breyer,1
2020,California v. Texas,19-840,5th Circuit,Unknown,1,7-2,6,Jr.,1
2020,California v. Texas,19-840,5th Circuit,Unknown,1,7-2,6,Sotomayor,1
2020,California v. Texas,19-840,5th Circuit,Unknown,1,7-2,6,Kagan,1
2020,California v. Texas,19-840,5th Circuit,Unknown,1,7-2,6,Thomas,1
2020,California v. Texas,19-840,5th Circuit,Unknown,1,7-2,6,Kavanaugh,1
2020,California v. Texas,19-840,5th Circuit,Unknown,1,7-2,6,Barrett,1
2020,California v. Texas,19-840,5th Circuit,Unknown,1,7-2,6,Jr.,0
2020,California v. Texas,19-840,5th Circuit,Unknown,1,7-2,6,Gorsuch,0
2020,Jones v. Mississippi,18-1259,State Supreme Court,Unknown,0,6-3,6,Kavanaugh,1
2020,Jones v. Mississippi,18-1259,State Supreme Court,Unknown,0,6-3,6,Jr.,1
2020,Jones v. Mississippi,18-1259,State Supreme Court,Unknown,0,6-3,6,Thomas,1
2020,Jones v. Mississippi,18-1259,State Supreme Court,Unknown,0,6-3,6,Breyer,0
2020,Jones v. Mississippi,18-1259,State Supreme Court,Unknown,0,6-3,6,Jr.,1
2020,Jones v. Mississippi,18-1259,State Supreme Court,Unknown,0,6-3,6,Sotomayor,0
2020,Jones v. Mississippi,18-1259,State Supreme Court,Unknown,0,6-3,6,Kagan,0
2020,Jones v. Mississippi,18-1259,State Supreme Court,Unknown,0,6-3,6,Gorsuch,1
2020,Jones v. Mississippi,18-1259,State Supreme Court,Unknown,0,6-3,6,Barrett,1
2020,Brownback v. King,19-546,6th Circuit,Unknown,1,9-0,6,Thomas,1
2020,Brownback v. King,19-546,6th Circuit,Unknown,1,9-0,6,Jr.,1
2020,Brownback v. King,19-546,6th Circuit,Unknown,1,9-0,6,Breyer,1
2020,Brownback v. King,19-546,6th Circuit,Unknown,1,9-0,6,Jr.,1
2020,Brownback v. King,19-546,6th Circuit,Unknown,1,9-0,6,Sotomayor,1
2020,Brownback v. King,19-546,6th Circuit,Unknown,1,9-0,6,Kagan,1
2020,Brownback v. King,19-546,6th Circuit,Unknown,1,9-0,6,Gorsuch,1
2020,Brownback v. King,19-546,6th Circuit,Unknown,1,9-0,6,Kavanaugh,1
2020,Brownback v. King,19-546,6th Circuit,Unknown,1,9-0,6,Barrett,1
2020,Van Buren v. United States,19-783,11th Circuit,Unknown,1,6-3,6,Barrett,1
2020,Van Buren v. United States,19-783,11th Circuit,Unknown,1,6-3,6,Breyer,1
2020,Van Buren v. United States,19-783,11th Circuit,Unknown,1,6-3,6,Sotomayor,1
2020,Van Buren v. United States,19-783,11th Circuit,Unknown,1,6-3,6,Kagan,1
2020,Van Buren v. United States,19-783,11th Circuit,Unknown,1,6-3,6,Gorsuch,1
2020,Van Buren v. United States,19-783,11th Circuit,Unknown,1,6-3,6,Kavanaugh,1
2020,Van Buren v. United States,19-783,11th Circuit,Unknown,1,6-3,6,Thomas,0
2020,Van Buren v. United States,19-783,11th Circuit,Unknown,1,6-3,6,Jr.,0
2020,Van Buren v. United States,19-783,11th Circuit,Unknown,1,6-3,6,Jr.,0
2020,Niz-Chavez v. Garland,19-863,6th Circuit,Unknown,1,6-3,6,Gorsuch,1
2020,Niz-Chavez v. Garland,19-863,6th Circuit,Unknown,1,6-3,6,Thomas,1
2020,Niz-Chavez v. Garland,19-863,6th Circuit,Unknown,1,6-3,6,Breyer,1
2020,Niz-Chavez v. Garland,19-863,6th Circuit,Unknown,1,6-3,6,Sotomayor,1
2020,Niz-Chavez v. Garland,19-863,6th Circuit,Unknown,1,6-3,6,Kagan,1
2020,Niz-Chavez v. Garland,19-863,6th Circuit,Unknown,1,6-3,6,Barrett,1
2020,Niz-Chavez v. Garland,19-863,6th Circuit,Unknown,1,6-3,6,Kavanaugh,0
2020,Niz-Chavez v. Garland,19-863,6th Circuit,Unknown,1,6-3,6,Jr.,0
2020,Niz-Chavez v. Garland,19-863,6th Circuit,Unknown,1,6-3,6,Jr.,0
2020,Edwards v. Vannoy,19-5807,5th Circuit,Unknown,0,6-3,6,Kavanaugh,1
2020,Edwards v. Vannoy,19-5807,5th Circuit,Unknown,0,6-3,6,Jr.,1
2020,Edwards v. Vannoy,19-5807,5th Circuit,Unknown,0,6-3,6,Thomas,1
2020,Edwards v. Vannoy,19-5807,5th Circuit,Unknown,0,6-3,6,Gorsuch,1
2020,Edwards v. Vannoy,19-5807,5th Circuit,Unknown,0,6-3,6,Jr.,1
2020,Edwards v. Vannoy,19-5807,5th Circuit,Unknown,0,6-3,6,Barrett,1
2020,Edwards v. Vannoy,19-5807,5th Circuit,Unknown,0,6-3,6,Kagan,0
2020,Edwards v. Vannoy,19-5807,5th Circuit,Unknown,0,6-3,6,Sotomayor,0
2020,Edwards v. Vannoy,19-5807,5th Circuit,Unknown,0,6-3,6,Breyer,0
2020,Johnson v. Guzman Chavez,19-897,4th Circuit,Unknown,1,6-3,6,Jr.,1
2020,Johnson v. Guzman Chavez,19-897,4th Circuit,Unknown,1,6-3,6,Jr.,1
2020,Johnson v. Guzman Chavez,19-897,4th Circuit,Unknown,1,6-3,6,Breyer,0
2020,Johnson v. Guzman Chavez,19-897,4th Circuit,Unknown,1,6-3,6,Thomas,1
2020,Johnson v. Guzman Chavez,19-897,4th Circuit,Unknown,1,6-3,6,Sotomayor,0
2020,Johnson v. Guzman Chavez,19-897,4th Circuit,Unknown,1,6-3,6,Kagan,0
2020,Johnson v. Guzman Chavez,19-897,4th Circuit,Unknown,1,6-3,6,Gorsuch,1
2020,Johnson v. Guzman Chavez,19-897,4th Circuit,Unknown,1,6-3,6,Kavanaugh,1
2020,Johnson v. Guzman Chavez,19-897,4th Circuit,Unknown,1,6-3,6,Barrett,1
2020,Collins v. Yellen,19-422,5th Circuit,Unknown,1,9-0,6,Jr.,1
2020,Collins v. Yellen,19-422,5th Circuit,Unknown,1,9-0,6,Jr.,1
2020,Collins v. Yellen,19-422,5th Circuit,Unknown,1,9-0,6,Kavanaugh,1
2020,Collins v. Yellen,19-422,5th Circuit,Unknown,1,9-0,6,Barrett,1
2020,Collins v. Yellen,19-422,5th Circuit,Unknown,1,9-0,6,Thomas,1
2020,Collins v. Yellen,19-422,5th Circuit,Unknown,1,9-0,6,Gorsuch,1
2020,Collins v. Yellen,19-422,5th Circuit,Unknown,1,9-0,6,Kagan,1
2020,Collins v. Yellen,19-422,5th Circuit,Unknown,1,9-0,6,Breyer,1
2020,Collins v. Yellen,19-422,5th Circuit,Unknown,1,9-0,6,Sotomayor,1
2020,Collins v. Yellen,19-422,5th Circuit,Unknown,1,7-2,6,Jr.,1
2020,Collins v. Yellen,19-422,5th Circuit,Unknown,1,7-2,6,Jr.,1
2020,Collins v. Yellen,19-422,5th Circuit,Unknown,1,7-2,6,Thomas,1
2020,Collins v. Yellen,19-422,5th Circuit,Unknown,1,7-2,6,Kavanaugh,1
2020,Collins v. Yellen,19-422,5th Circuit,Unknown,1,7-2,6,Barrett,1
2020,Collins v. Yellen,19-422,5th Circuit,Unknown,1,7-2,6,Gorsuch,1
2020,Collins v. Yellen,19-422,5th Circuit,Unknown,1,7-2,6,Kagan,1
2020,Collins v. Yellen,19-422,5th Circuit,Unknown,1,7-2,6,Breyer,0
2020,Collins v. Yellen,19-422,5th Circuit,Unknown,1,7-2,6,Sotomayor,0
2020,Collins v. Yellen,19-422,5th Circuit,Unknown,1,9-0,6,Jr.,1
2020,Collins v. Yellen,19-422,5th Circuit,Unknown,1,9-0,6,Jr.,1
2020,Collins v. Yellen,19-422,5th Circuit,Unknown,1,9-0,6,Thomas,1
2020,Collins v. Yellen,19-422,5th Circuit,Unknown,1,9-0,6,Gorsuch,1
2020,Collins v. Yellen,19-422,5th Circuit,Unknown,1,9-0,6,Kavanaugh,1
2020,Collins v. Yellen,19-422,5th Circuit,Unknown,1,9-0,6,Barrett,1
2020,Collins v. Yellen,19-422,5th Circuit,Unknown,1,9-0,6,Kagan,1
2020,Collins v. Yellen,19-422,5th Circuit,Unknown,1,9-0,6,Breyer,1
2020,Collins v. Yellen,19-422,5th Circuit,Unknown,1,9-0,6,Sotomayor,1
2020,"AMG Capital Management, LLC v. Federal Trade Commission",19-508,9th Circuit,Unknown,1,9-0,6,Breyer,1
2020,"AMG Capital Management, LLC v. Federal Trade Commission",19-508,9th Circuit,Unknown,1,9-0,6,Jr.,1
2020,"AMG Capital Management, LLC v. Federal Trade Commission",19-508,9th Circuit,Unknown,1,9-0,6,Thomas,1
2020,"AMG Capital Management, LLC v. Federal Trade Commission",19-508,9th Circuit,Unknown,1,9-0,6,Jr.,1
2020,"AMG Capital Management, LLC v. Federal Trade Commission",19-508,9th Circuit,Unknown,1,9-0,6,Sotomayor,1
2020,"AMG Capital Management, LLC v. Federal Trade Commission",19-508,9th Circuit,Unknown,1,9-0,6,Kagan,1
2020,"AMG Capital Management, LLC v. Federal Trade Commission",19-508,9th Circuit,Unknown,1,9-0,6,Gorsuch,1
2020,"AMG Capital Management, LLC v. Federal Trade Commission",19-508,9th Circuit,Unknown,1,9-0,6,Kavanaugh,1
2020,"AMG Capital Management, LLC v. Federal Trade Commission",19-508,9th Circuit,Unknown,1,9-0,6,Barrett,1
2020,"Facebook, Inc. v. Duguid",19-511,9th Circuit,Unknown,1,9-0,6,Sotomayor,1
2020,"Facebook, Inc. v. Duguid",19-511,9th Circuit,Unknown,1,9-0,6,Jr.,1
2020,"Facebook, Inc. v. Duguid",19-511,9th Circuit,Unknown,1,9-0,6,Thomas,1
2020,"Facebook, Inc. v. Duguid",19-511,9th Circuit,Unknown,1,9-0,6,Jr.,1
2020,"Facebook, Inc. v. Duguid",19-511,9th Circuit,Unknown,1,9-0,6,Kagan,1
2020,"Facebook, Inc. v. Duguid",19-511,9th Circuit,Unknown,1,9-0,6,Gorsuch,1
2020,"Facebook, Inc. v. Duguid",19-511,9th Circuit,Unknown,1,9-0,6,Kavanaugh,1
2020,"Facebook, Inc. v. Duguid",19-511,9th Circuit,Unknown,1,9-0,6,Barrett,1
2020,"Facebook, Inc. v. Duguid",19-511,9th Circuit,Unknown,1,9-0,6,Breyer,1
2020,Uzuegbunam v. Preczewski,19-968,11th Circuit,Unknown,1,8-1,6,Thomas,1
2020,Uzuegbunam v. Preczewski,19-968,11th Circuit,Unknown,1,8-1,6,Jr.,0
2020,Uzuegbunam v. Preczewski,19-968,11th Circuit,Unknown,1,8-1,6,Kavanaugh,1
2020,Uzuegbunam v. Preczewski,19-968,11th Circuit,Unknown,1,8-1,6,Breyer,1
2020,Uzuegbunam v. Preczewski,19-968,11th Circuit,Unknown,1,8-1,6,Jr.,1
2020,Uzuegbunam v. Preczewski,19-968,11th Circuit,Unknown,1,8-1,6,Sotomayor,1
2020,Uzuegbunam v. Preczewski,19-968,11th Circuit,Unknown,1,8-1,6,Kagan,1
2020,Uzuegbunam v. Preczewski,19-968,11th Circuit,Unknown,1,8-1,6,Gorsuch,1
2020,Uzuegbunam v. Preczewski,19-968,11th Circuit,Unknown,1,8-1,6,Barrett,1
2020,Federal Republic of Germany v. Philipp,19-351,Other,Unknown,1,9-0,6,Jr.,1
2020,Federal Republic of Germany v. Philipp,19-351,Other,Unknown,1,9-0,6,Thomas,1
2020,Federal Republic of Germany v. Philipp,19-351,Other,Unknown,1,9-0,6,Breyer,1
2020,Federal Republic of Germany v. Philipp,19-351,Other,Unknown,1,9-0,6,Jr.,1
2020,Federal Republic of Germany v. Philipp,19-351,Other,Unknown,1,9-0,6,Sotomayor,1
2020,Federal Republic of Germany v. Philipp,19-351,Other,Unknown,1,9-0,6,Kagan,1
2020,Federal Republic of Germany v. Philipp,19-351,Other,Unknown,1,9-0,6,Gorsuch,1
2020,Federal Republic of Germany v. Philipp,19-351,Other,Unknown,1,9-0,6,Kavanaugh,1
2020,Federal Republic of Germany v. Philipp,19-351,Other,Unknown,1,9-0,6,Barrett,1
2020,"Nestlé USA, Inc. v. Doe I",19-416,9th Circuit,Unknown,1,8-1,6,Thomas,1
2020,"Nestlé USA, Inc. v. Doe I",19-416,9th Circuit,Unknown,1,8-1,6,Jr.,1
2020,"Nestlé USA, Inc. v. Doe I",19-416,9th Circuit,Unknown,1,8-1,6,Breyer,1
2020,"Nestlé USA, Inc. v. Doe I",19-416,9th Circuit,Unknown,1,8-1,6,Kagan,1
2020,"Nestlé USA, Inc. v. Doe I",19-416,9th Circuit,Unknown,1,8-1,6,Sotomayor,1
2020,"Nestlé USA, Inc. v. Doe I",19-416,9th Circuit,Unknown,1,8-1,6,Gorsuch,1
2020,"Nestlé USA, Inc. v. Doe I",19-416,9th Circuit,Unknown,1,8-1,6,Kavanaugh,1
2020,"Nestlé USA, Inc. v. Doe I",19-416,9th Circuit,Unknown,1,8-1,6,Barrett,1
2020,"Nestlé USA, Inc. v. Doe I",19-416,9th Circuit,Unknown,1,8-1,6,Jr.,0
2020,Texas v. New Mexico,65-orig,Other,Unknown,0,8-1,6,Kavanaugh,1
2020,Texas v. New Mexico,65-orig,Other,Unknown,0,8-1,6,Jr.,1
2020,Texas v. New Mexico,65-orig,Other,Unknown,0,8-1,6,Thomas,1
2020,Texas v. New Mexico,65-orig,Other,Unknown,0,8-1,6,Breyer,1
2020,Texas v. New Mexico,65-orig,Other,Unknown,0,8-1,6,Sotomayor,1
2020,Texas v. New Mexico,65-orig,Other,Unknown,0,8-1,6,Kagan,1
2020,Texas v. New Mexico,65-orig,Other,Unknown,0,8-1,6,Jr.,1
2020,Texas v. New Mexico,65-orig,Other,Unknown,0,8-1,6,Gorsuch,1
2020,Texas v. New Mexico,65-orig,Other,Unknown,0,8-1,6,Barrett,0
2020,Garland v. Dai,19-1155,9th Circuit,Unknown,1,9-0,6,Gorsuch,1
2020,Garland v. Dai,19-1155,9th Circuit,Unknown,1,9-0,6,Jr.,1
2020,Garland v. Dai,19-1155,9th Circuit,Unknown,1,9-0,6,Thomas,1
2020,Garland v. Dai,19-1155,9th Circuit,Unknown,1,9-0,6,Breyer,1
2020,Garland v. Dai,19-1155,9th Circuit,Unknown,1,9-0,6,Jr.,1
2020,Garland v. Dai,19-1155,9th Circuit,Unknown,1,9-0,6,Sotomayor,1
2020,Garland v. Dai,19-1155,9th Circuit,Unknown,1,9-0,6,Kagan,1
2020,Garland v. Dai,19-1155,9th Circuit,Unknown,1,9-0,6,Kavanaugh,1
2020,Garland v. Dai,19-1155,9th Circuit,Unknown,1,9-0,6,Barrett,1
2020,FCC v. Prometheus Radio Project,19-1231,3rd Circuit,Unknown,1,9-0,6,Kavanaugh,1
2020,FCC v. Prometheus Radio Project,19-1231,3rd Circuit,Unknown,1,9-0,6,Jr.,1
2020,FCC v. Prometheus Radio Project,19-1231,3rd Circuit,Unknown,1,9-0,6,Thomas,1
2020,FCC v. Prometheus Radio Project,19-1231,3rd Circuit,Unknown,1,9-0,6,Breyer,1
2020,FCC v. Prometheus Radio Project,19-1231,3rd Circuit,Unknown,1,9-0,6,Sotomayor,1
2020,FCC v. Prometheus Radio Project,19-1231,3rd Circuit,Unknown,1,9-0,6,Kagan,1
2020,FCC v. Prometheus Radio Project,19-1231,3rd Circuit,Unknown,1,9-0,6,Gorsuch,1
2020,FCC v. Prometheus Radio Project,19-1231,3rd Circuit,Unknown,1,9-0,6,Barrett,1
2020,FCC v. Prometheus Radio Project,19-1231,3rd Circuit,Unknown,1,9-0,6,Jr.,1
2020,Brnovich v. Democratic National Committee,19-1257,9th Circuit,Unknown,1,6-3,6,Jr.,1
2020,Brnovich v. Democratic National Committee,19-1257,9th Circuit,Unknown,1,6-3,6,Jr.,1
2020,Brnovich v. Democratic National Committee,19-1257,9th Circuit,Unknown,1,6-3,6,Thomas,1
2020,Brnovich v. Democratic National Committee,19-1257,9th Circuit,Unknown,1,6-3,6,Breyer,0
2020,Brnovich v. Democratic National Committee,19-1257,9th Circuit,Unknown,1,6-3,6,Sotomayor,0
2020,Brnovich v. Democratic National Committee,19-1257,9th Circuit,Unknown,1,6-3,6,Kagan,0
2020,Brnovich v. Democratic National Committee,19-1257,9th Circuit,Unknown,1,6-3,6,Gorsuch,1
2020,Brnovich v. Democratic National Committee,19-1257,9th Circuit,Unknown,1,6-3,6,Kavanaugh,1
2020,Brnovich v. Democratic National Committee,19-1257,9th Circuit,Unknown,1,6-3,6,Barrett,1
2020,"United States v. Arthrex, Inc.",19-1434,Federal Circuit,Unknown,1,5-4,6,Jr.,1
2020,"United States v. Arthrex, Inc.",19-1434,Federal Circuit,Unknown,1,5-4,6,Jr.,1
2020,"United States v. Arthrex, Inc.",19-1434,Federal Circuit,Unknown,1,5-4,6,Kavanaugh,1
2020,"United States v. Arthrex, Inc.",19-1434,Federal Circuit,Unknown,1,5-4,6,Barrett,1
2020,"United States v. Arthrex, Inc.",19-1434,Federal Circuit,Unknown,1,5-4,6,Gorsuch,1
2020,"United States v. Arthrex, Inc.",19-1434,Federal Circuit,Unknown,1,5-4,6,Breyer,0
2020,"United States v. Arthrex, Inc.",19-1434,Federal Circuit,Unknown,1,5-4,6,Sotomayor,0
2020,"United States v. Arthrex, Inc.",19-1434,Federal Circuit,Unknown,1,5-4,6,Kagan,0
2020,"United States v. Arthrex, Inc.",19-1434,Federal Circuit,Unknown,1,5-4,6,Thomas,0
2020,Lange v. California,20-18,Other,Unknown,1,9-0,6,Kagan,1
2020,Lange v. California,20-18,Other,Unknown,1,9-0,6,Jr.,1
2020,Lange v. California,20-18,Other,Unknown,1,9-0,6,Jr.,1
2020,Lange v. California,20-18,Other,Unknown,1,9-0,6,Thomas,1
2020,Lange v. California,20-18,Other,Unknown,1,9-0,6,Kavanaugh,1
2020,Lange v. California,20-18,Other,Unknown,1,9-0,6,Sotomayor,1
2020,Lange v. California,20-18,Other,Unknown,1,9-0,6,Breyer,1
2020,Lange v. California,20-18,Other,Unknown,1,9-0,6,Gorsuch,1
2020,Lange v. California,20-18,Other,Unknown,1,9-0,6,Barrett,1
2020,Carr v. Saul,19-1442,10th Circuit,Unknown,1,9-0,6,Sotomayor,1
2020,Carr v. Saul,19-1442,10th Circuit,Unknown,1,9-0,6,Jr.,1
2020,Carr v. Saul,19-1442,10th Circuit,Unknown,1,9-0,6,Jr.,1
2020,Carr v. Saul,19-1442,10th Circuit,Unknown,1,9-0,6,Kagan,1
2020,Carr v. Saul,19-1442,10th Circuit,Unknown,1,9-0,6,Kavanaugh,1
2020,Carr v. Saul,19-1442,10th Circuit,Unknown,1,9-0,6,Thomas,1
2020,Carr v. Saul,19-1442,10th Circuit,Unknown,1,9-0,6,Gorsuch,1
2020,Carr v. Saul,19-1442,10th Circuit,Unknown,1,9-0,6,Barrett,1
2020,Carr v. Saul,19-1442,10th Circuit,Unknown,1,9-0,6,Breyer,1
2020,Cedar Point Nursery v. Hassid,20-107,9th Circuit,Unknown,1,6-3,6,Jr.,1
2020,Cedar Point Nursery v. Hassid,20-107,9th Circuit,Unknown,1,6-3,6,Thomas,1
2020,Cedar Point Nursery v. Hassid,20-107,9th Circuit,Unknown,1,6-3,6,Breyer,0
2020,Cedar Point Nursery v. Hassid,20-107,9th Circuit,Unknown,1,6-3,6,Jr.,1
2020,Cedar Point Nursery v. Hassid,20-107,9th Circuit,Unknown,1,6-3,6,Sotomayor,0
2020,Cedar Point Nursery v. Hassid,20-107,9th Circuit,Unknown,1,6-3,6,Kagan,0
2020,Cedar Point Nursery v. Hassid,20-107,9th Circuit,Unknown,1,6-3,6,Gorsuch,1
2020,Cedar Point Nursery v. Hassid,20-107,9th Circuit,Unknown,1,6-3,6,Kavanaugh,1
2020,Cedar Point Nursery v. Hassid,20-107,9th Circuit,Unknown,1,6-3,6,Barrett,1
2020,Roman Catholic Diocese of Brooklyn v. Cuomo,20A87,2nd Circuit,Unknown,1,5-4,6,Gorsuch,1
2020,Roman Catholic Diocese of Brooklyn v. Cuomo,20A87,2nd Circuit,Unknown,1,5-4,6,Kavanaugh,1
2020,Roman Catholic Diocese of Brooklyn v. Cuomo,20A87,2nd Circuit,Unknown,1,5-4,6,Jr.,0
2020,Roman Catholic Diocese of Brooklyn v. Cuomo,20A87,2nd Circuit,Unknown,1,5-4,6,Breyer,0
2020,Roman Catholic Diocese of Brooklyn v. Cuomo,20A87,2nd Circuit,Unknown,1,5-4,6,Sotomayor,0
2020,Roman Catholic Diocese of Brooklyn v. Cuomo,20A87,2nd Circuit,Unknown,1,5-4,6,Kagan,0
2020,Roman Catholic Diocese of Brooklyn v. Cuomo,20A87,2nd Circuit,Unknown,1,5-4,6,Thomas,1
2020,Roman Catholic Diocese of Brooklyn v. Cuomo,20A87,2nd Circuit,Unknown,1,5-4,6,Jr.,1
2020,Roman Catholic Diocese of Brooklyn v. Cuomo,20A87,2nd Circuit,Unknown,1,5-4,6,Barrett,1
2020,Trump v. New York,20-366,Other,Unknown,1,6-3,6,Jr.,1
2020,Trump v. New York,20-366,Other,Unknown,1,6-3,6,Thomas,1
2020,Trump v. New York,20-366,Other,Unknown,1,6-3,6,Jr.,1
2020,Trump v. New York,20-366,Other,Unknown,1,6-3,6,Gorsuch,1
2020,Trump v. New York,20-366,Other,Unknown,1,6-3,6,Kavanaugh,1
2020,Trump v. New York,20-366,Other,Unknown,1,6-3,6,Barrett,1
2020,Trump v. New York,20-366,Other,Unknown,1,6-3,6,Breyer,0
2020,Trump v. New York,20-366,Other,Unknown,1,6-3,6,Kagan,0
2020,Trump v. New York,20-366,Other,Unknown,1,6-3,6,Sotomayor,0
2020,Caniglia v. Strom,20-157,1st Circuit,Unknown,1,9-0,6,Thomas,1
2020,Caniglia v. Strom,20-157,1st Circuit,Unknown,1,9-0,6,Jr.,1
2020,Caniglia v. Strom,20-157,1st Circuit,Unknown,1,9-0,6,Breyer,1
2020,Caniglia v. Strom,20-157,1st Circuit,Unknown,1,9-0,6,Jr.,1
2020,Caniglia v. Strom,20-157,1st Circuit,Unknown,1,9-0,6,Sotomayor,1
2020,Caniglia v. Strom,20-157,1st Circuit,Unknown,1,9-0,6,Kagan,1
2020,Caniglia v. Strom,20-157,1st Circuit,Unknown,1,9-0,6,Gorsuch,1
2020,Caniglia v. Strom,20-157,1st Circuit,Unknown,1,9-0,6,Kavanaugh,1
2020,Caniglia v. Strom,20-157,1st Circuit,Unknown,1,9-0,6,Barrett,1
2020,Goldman Sachs Group Inc. v. Arkansas Teacher Retirement System,20-222,2nd Circuit,Unknown,1,9-0,6,Barrett,1
2020,Goldman Sachs Group Inc. v. Arkansas Teacher Retirement System,20-222,2nd Circuit,Unknown,1,9-0,6,Jr.,1
2020,Goldman Sachs Group Inc. v. Arkansas Teacher Retirement System,20-222,2nd Circuit,Unknown,1,9-0,6,Thomas,1
2020,Goldman Sachs Group Inc. v. Arkansas Teacher Retirement System,20-222,2nd Circuit,Unknown,1,9-0,6,Breyer,1
2020,Goldman Sachs Group Inc. v. Arkansas Teacher Retirement System,20-222,2nd Circuit,Unknown,1,9-0,6,Jr.,1
2020,Goldman Sachs Group Inc. v. Arkansas Teacher Retirement System,20-222,2nd Circuit,Unknown,1,9-0,6,Kagan,1
2020,Goldman Sachs Group Inc. v. Arkansas Teacher Retirement System,20-222,2nd Circuit,Unknown,1,9-0,6,Sotomayor,1
2020,Goldman Sachs Group Inc. v. Arkansas Teacher Retirement System,20-222,2nd Circuit,Unknown,1,9-0,6,Kavanaugh,1
2020,Goldman Sachs Group Inc. v. Arkansas Teacher Retirement System,20-222,2nd Circuit,Unknown,1,9-0,6,Gorsuch,1
2020,Goldman Sachs Group Inc. v. Arkansas Teacher Retirement System,20-222,2nd Circuit,Unknown,1,6-3,6,Barrett,1
2020,Goldman Sachs Group Inc. v. Arkansas Teacher Retirement System,20-222,2nd Circuit,Unknown,1,6-3,6,Jr.,1
2020,Goldman Sachs Group Inc. v. Arkansas Teacher Retirement System,20-222,2nd Circuit,Unknown,1,6-3,6,Thomas,0
2020,Goldman Sachs Group Inc. v. Arkansas Teacher Retirement System,20-222,2nd Circuit,Unknown,1,6-3,6,Breyer,1
2020,Goldman Sachs Group Inc. v. Arkansas Teacher Retirement System,20-222,2nd Circuit,Unknown,1,6-3,6,Jr.,0
2020,Goldman Sachs Group Inc. v. Arkansas Teacher Retirement System,20-222,2nd Circuit,Unknown,1,6-3,6,Sotomayor,1
2020,Goldman Sachs Group Inc. v. Arkansas Teacher Retirement System,20-222,2nd Circuit,Unknown,1,6-3,6,Gorsuch,0
2020,Goldman Sachs Group Inc. v. Arkansas Teacher Retirement System,20-222,2nd Circuit,Unknown,1,6-3,6,Kagan,1
2020,Goldman Sachs Group Inc. v. Arkansas Teacher Retirement System,20-222,2nd Circuit,Unknown,1,6-3,6,Kavanaugh,1
2020,TransUnion LLC v. Ramirez,20-297,9th Circuit,Unknown,1,5-4,6,Kavanaugh,1
2020,TransUnion LLC v. Ramirez,20-297,9th Circuit,Unknown,1,5-4,6,Jr.,1
2020,TransUnion LLC v. Ramirez,20-297,9th Circuit,Unknown,1,5-4,6,Jr.,1
2020,TransUnion LLC v. Ramirez,20-297,9th Circuit,Unknown,1,5-4,6,Gorsuch,1
2020,TransUnion LLC v. Ramirez,20-297,9th Circuit,Unknown,1,5-4,6,Barrett,1
2020,TransUnion LLC v. Ramirez,20-297,9th Circuit,Unknown,1,5-4,6,Thomas,0
2020,TransUnion LLC v. Ramirez,20-297,9th Circuit,Unknown,1,5-4,6,Kagan,0
2020,TransUnion LLC v. Ramirez,20-297,9th Circuit,Unknown,1,5-4,6,Sotomayor,0
2020,TransUnion LLC v. Ramirez,20-297,9th Circuit,Unknown,1,5-4,6,Breyer,0
2020,National Collegiate Athletic Association v. Alston,20-512,9th Circuit,Unknown,0,9-0,6,Gorsuch,1
2020,National Collegiate Athletic Association v. Alston,20-512,9th Circuit,Unknown,0,9-0,6,Jr.,1
2020,National Collegiate Athletic Association v. Alston,20-512,9th Circuit,Unknown,0,9-0,6,Thomas,1
2020,National Collegiate Athletic Association v. Alston,20-512,9th Circuit,Unknown,0,9-0,6,Breyer,1
2020,National Collegiate Athletic Association v. Alston,20-512,9th Circuit,Unknown,0,9-0,6,Jr.,1
2020,National Collegiate Athletic Association v. Alston,20-512,9th Circuit,Unknown,0,9-0,6,Sotomayor,1
2020,National Collegiate Athletic Association v. Alston,20-512,9th Circuit,Unknown,0,9-0,6,Kagan,1
2020,National Collegiate Athletic Association v. Alston,20-512,9th Circuit,Unknown,0,9-0,6,Kavanaugh,1
2020,National Collegiate Athletic Association v. Alston,20-512,9th Circuit,Unknown,0,9-0,6,Barrett,1
2020,Americans for Prosperity v. Bonta,19-251,9th Circuit,Unknown,1,6-3,6,Jr.,1
2020,Americans for Prosperity v. Bonta,19-251,9th Circuit,Unknown,1,6-3,6,Thomas,1
2020,Americans for Prosperity v. Bonta,19-251,9th Circuit,Unknown,1,6-3,6,Kavanaugh,1
2020,Americans for Prosperity v. Bonta,19-251,9th Circuit,Unknown,1,6-3,6,Barrett,1
2020,Americans for Prosperity v. Bonta,19-251,9th Circuit,Unknown,1,6-3,6,Jr.,1
2020,Americans for Prosperity v. Bonta,19-251,9th Circuit,Unknown,1,6-3,6,Gorsuch,1
2020,Americans for Prosperity v. Bonta,19-251,9th Circuit,Unknown,1,6-3,6,Sotomayor,0
2020,Americans for Prosperity v. Bonta,19-251,9th Circuit,Unknown,1,6-3,6,Breyer,0
2020,Americans for Prosperity v. Bonta,19-251,9th Circuit,Unknown,1,6-3,6,Kagan,0
2020,Greer v. United States,19-8709,11th Circuit,Unknown,0,9-0,6,Kavanaugh,1
2020,Greer v. United States,19-8709,11th Circuit,Unknown,0,9-0,6,Jr.,1
2020,Greer v. United States,19-8709,11th Circuit,Unknown,0,9-0,6,Thomas,1
2020,Greer v. United States,19-8709,11th Circuit,Unknown,0,9-0,6,Jr.,1
2020,Greer v. United States,19-8709,11th Circuit,Unknown,0,9-0,6,Breyer,1
2020,Greer v. United States,19-8709,11th Circuit,Unknown,0,9-0,6,Kagan,1
2020,Greer v. United States,19-8709,11th Circuit,Unknown,0,9-0,6,Sotomayor,1
2020,Greer v. United States,19-8709,11th Circuit,Unknown,0,9-0,6,Gorsuch,1
2020,Greer v. United States,19-8709,11th Circuit,Unknown,0,9-0,6,Barrett,1
2020,Sanchez v. Mayorkas,20-315,3rd Circuit,Unknown,0,9-0,6,Kagan,1
2020,Sanchez v. Mayorkas,20-315,3rd Circuit,Unknown,0,9-0,6,Jr.,1
2020,Sanchez v. Mayorkas,20-315,3rd Circuit,Unknown,0,9-0,6,Thomas,1
2020,Sanchez v. Mayorkas,20-315,3rd Circuit,Unknown,0,9-0,6,Breyer,1
2020,Sanchez v. Mayorkas,20-315,3rd Circuit,Unknown,0,9-0,6,Jr.,1
2020,Sanchez v. Mayorkas,20-315,3rd Circuit,Unknown,0,9-0,6,Sotomayor,1
2020,Sanchez v. Mayorkas,20-315,3rd Circuit,Unknown,0,9-0,6,Gorsuch,1
2020,Sanchez v. Mayorkas,20-315,3rd Circuit,Unknown,0,9-0,6,Kavanaugh,1
2020,Sanchez v. Mayorkas,20-315,3rd Circuit,Unknown,0,9-0,6,Barrett,1
2020,"San Antonio v. Hotels.com, L.P.",20-334,5th Circuit,Unknown,0,9-0,6,Jr.,1
2020,"San Antonio v. Hotels.com, L.P.",20-334,5th Circuit,Unknown,0,9-0,6,Jr.,1
2020,"San Antonio v. Hotels.com, L.P.",20-334,5th Circuit,Unknown,0,9-0,6,Thomas,1
2020,"San Antonio v. Hotels.com, L.P.",20-334,5th Circuit,Unknown,0,9-0,6,Breyer,1
2020,"San Antonio v. Hotels.com, L.P.",20-334,5th Circuit,Unknown,0,9-0,6,Sotomayor,1
2020,"San Antonio v. Hotels.com, L.P.",20-334,5th Circuit,Unknown,0,9-0,6,Kagan,1
2020,"San Antonio v. Hotels.com, L.P.",20-334,5th Circuit,Unknown,0,9-0,6,Gorsuch,1
2020,"San Antonio v. Hotels.com, L.P.",20-334,5th Circuit,Unknown,0,9-0,6,Kavanaugh,1
2020,"San Antonio v. Hotels.com, L.P.",20-334,5th Circuit,Unknown,0,9-0,6,Barrett,1
2020,Guam v. United States,20-382,Other,Unknown,1,9-0,6,Thomas,1
2020,Guam v. United States,20-382,Other,Unknown,1,9-0,6,Jr.,1
2020,Guam v. United States,20-382,Other,Unknown,1,9-0,6,Breyer,1
2020,Guam v. United States,20-382,Other,Unknown,1,9-0,6,Jr.,1
2020,Guam v. United States,20-382,Other,Unknown,1,9-0,6,Sotomayor,1
2020,Guam v. United States,20-382,Other,Unknown,1,9-0,6,Kagan,1
2020,Guam v. United States,20-382,Other,Unknown,1,9-0,6,Gorsuch,1
2020,Guam v. United States,20-382,Other,Unknown,1,9-0,6,Kavanaugh,1
2020,Guam v. United States,20-382,Other,Unknown,1,9-0,6,Barrett,1
2020,"Minerva Surgical, Inc. v. Hologic, Inc.",20-440,Federal Circuit,Unknown,1,5-4,6,Kagan,1
2020,"Minerva Surgical, Inc. v. Hologic, Inc.",20-440,Federal Circuit,Unknown,1,5-4,6,Jr.,1
2020,"Minerva Surgical, Inc. v. Hologic, Inc.",20-440,Federal Circuit,Unknown,1,5-4,6,Breyer,1
2020,"Minerva Surgical, Inc. v. Hologic, Inc.",20-440,Federal Circuit,Unknown,1,5-4,6,Sotomayor,1
2020,"Minerva Surgical, Inc. v. Hologic, Inc.",20-440,Federal Circuit,Unknown,1,5-4,6,Kavanaugh,1
2020,"Minerva Surgical, Inc. v. Hologic, Inc.",20-440,Federal Circuit,Unknown,1,5-4,6,Jr.,0
2020,"Minerva Surgical, Inc. v. Hologic, Inc.",20-440,Federal Circuit,Unknown,1,5-4,6,Barrett,0
2020,"Minerva Surgical, Inc. v. Hologic, Inc.",20-440,Federal Circuit,Unknown,1,5-4,6,Thomas,0
2020,"Minerva Surgical, Inc. v. Hologic, Inc.",20-440,Federal Circuit,Unknown,1,5-4,6,Gorsuch,0
2020,HollyFrontier Cheyenne Refining LLC v. Renewable Fuels Association,20-472,10th Circuit,Unknown,1,6-3,6,Gorsuch,1
2020,HollyFrontier Cheyenne Refining LLC v. Renewable Fuels Association,20-472,10th Circuit,Unknown,1,6-3,6,Jr.,1
2020,HollyFrontier Cheyenne Refining LLC v. Renewable Fuels Association,20-472,10th Circuit,Unknown,1,6-3,6,Thomas,1
2020,HollyFrontier Cheyenne Refining LLC v. Renewable Fuels Association,20-472,10th Circuit,Unknown,1,6-3,6,Jr.,1
2020,HollyFrontier Cheyenne Refining LLC v. Renewable Fuels Association,20-472,10th Circuit,Unknown,1,6-3,6,Breyer,1
2020,HollyFrontier Cheyenne Refining LLC v. Renewable Fuels Association,20-472,10th Circuit,Unknown,1,6-3,6,Kavanaugh,1
2020,HollyFrontier Cheyenne Refining LLC v. Renewable Fuels Association,20-472,10th Circuit,Unknown,1,6-3,6,Barrett,0
2020,HollyFrontier Cheyenne Refining LLC v. Renewable Fuels Association,20-472,10th Circuit,Unknown,1,6-3,6,Sotomayor,0
2020,HollyFrontier Cheyenne Refining LLC v. Renewable Fuels Association,20-472,10th Circuit,Unknown,1,6-3,6,Kagan,0
2020,Yellen v. Confederated Tribes of the Chehalis Reservation,20-543,Other,Unknown,1,6-3,6,Sotomayor,1
2020,Yellen v. Confederated Tribes of the Chehalis Reservation,20-543,Other,Unknown,1,6-3,6,Jr.,1
2020,Yellen v. Confederated Tribes of the Chehalis Reservation,20-543,Other,Unknown,1,6-3,6,Jr.,1
2020,Yellen v. Confederated Tribes of the Chehalis Reservation,20-543,Other,Unknown,1,6-3,6,Breyer,1
2020,Yellen v. Confederated Tribes of the Chehalis Reservation,20-543,Other,Unknown,1,6-3,6,Kavanaugh,1
2020,Yellen v. Confederated Tribes of the Chehalis Reservation,20-543,Other,Unknown,1,6-3,6,Barrett,1
2020,Yellen v. Confederated Tribes of the Chehalis Reservation,20-543,Other,Unknown,1,6-3,6,Gorsuch,0
2020,Yellen v. Confederated Tribes of the Chehalis Reservation,20-543,Other,Unknown,1,6-3,6,Kagan,0
2020,Yellen v. Confederated Tribes of the Chehalis Reservation,20-543,Other,Unknown,1,6-3,6,Thomas,0
2020,Terry v. United States,20-5904,11th Circuit,Unknown,0,9-0,6,Thomas,1
2020,Terry v. United States,20-5904,11th Circuit,Unknown,0,9-0,6,Jr.,1
2020,Terry v. United States,20-5904,11th Circuit,Unknown,0,9-0,6,Breyer,1
2020,Terry v. United States,20-5904,11th Circuit,Unknown,0,9-0,6,Jr.,1
2020,Terry v. United States,20-5904,11th Circuit,Unknown,0,9-0,6,Sotomayor,1
2020,Terry v. United States,20-5904,11th Circuit,Unknown,0,9-0,6,Kagan,1
2020,Terry v. United States,20-5904,11th Circuit,Unknown,0,9-0,6,Gorsuch,1
2020,Terry v. United States,20-5904,11th Circuit,Unknown,0,9-0,6,Kavanaugh,1
2020,Terry v. United States,20-5904,11th Circuit,Unknown,0,9-0,6,Barrett,1
2020,United States v. Palomar-Santiago,20-437,9th Circuit,Unknown,1,9-0,6,Sotomayor,1
2020,United States v. Palomar-Santiago,20-437,9th Circuit,Unknown,1,9-0,6,Jr.,1
2020,United States v. Palomar-Santiago,20-437,9th Circuit,Unknown,1,9-0,6,Thomas,1
2020,United States v. Palomar-Santiago,20-437,9th Circuit,Unknown,1,9-0,6,Breyer,1
2020,United States v. Palomar-Santiago,20-437,9th Circuit,Unknown,1,9-0,6,Jr.,1
2020,United States v. Palomar-Santiago,20-437,9th Circuit,Unknown,1,9-0,6,Kagan,1
2020,United States v. Palomar-Santiago,20-437,9th Circuit,Unknown,1,9-0,6,Gorsuch,1
2020,United States v. Palomar-Santiago,20-437,9th Circuit,Unknown,1,9-0,6,Kavanaugh,1
2020,United States v. Palomar-Santiago,20-437,9th Circuit,Unknown,1,9-0,6,Barrett,1
2020,United States v. Cooley,19-1414,9th Circuit,Unknown,1,9-0,6,Breyer,1
2020,United States v. Cooley,19-1414,9th Circuit,Unknown,1,9-0,6,Jr.,1
2020,United States v. Cooley,19-1414,9th Circuit,Unknown,1,9-0,6,Thomas,1
2020,United States v. Cooley,19-1414,9th Circuit,Unknown,1,9-0,6,Jr.,1
2020,United States v. Cooley,19-1414,9th Circuit,Unknown,1,9-0,6,Sotomayor,1
2020,United States v. Cooley,19-1414,9th Circuit,Unknown,1,9-0,6,Kagan,1
2020,United States v. Cooley,19-1414,9th Circuit,Unknown,1,9-0,6,Gorsuch,1
2020,United States v. Cooley,19-1414,9th Circuit,Unknown,1,9-0,6,Kavanaugh,1
2020,United States v. Cooley,19-1414,9th Circuit,Unknown,1,9-0,6,Barrett,1
2020,Florida v. Georgia,142-orig,Other,Unknown,0,9-0,6,Barrett,1
2020,Florida v. Georgia,142-orig,Other,Unknown,0,9-0,6,Jr.,1
2020,Florida v. Georgia,142-orig,Other,Unknown,0,9-0,6,Thomas,1
2020,Florida v. Georgia,142-orig,Other,Unknown,0,9-0,6,Breyer,1
2020,Florida v. Georgia,142-orig,Other,Unknown,0,9-0,6,Jr.,1
2020,Florida v. Georgia,142-orig,Other,Unknown,0,9-0,6,Sotomayor,1
2020,Florida v. Georgia,142-orig,Other,Unknown,0,9-0,6,Kagan,1
2020,Florida v. Georgia,142-orig,Other,Unknown,0,9-0,6,Gorsuch,1
2020,Florida v. Georgia,142-orig,Other,Unknown,0,9-0,6,Kavanaugh,1
2020,PennEast Pipeline Co. v. New Jersey,19-1039,3rd Circuit,Unknown,1,5-4,6,Jr.,1
2020,PennEast Pipeline Co. v. New Jersey,19-1039,3rd Circuit,Unknown,1,5-4,6,Breyer,1
2020,PennEast Pipeline Co. v. New Jersey,19-1039,3rd Circuit,Unknown,1,5-4,6,Jr.,1
2020,PennEast Pipeline Co. v. New Jersey,19-1039,3rd Circuit,Unknown,1,5-4,6,Sotomayor,1
2020,PennEast Pipeline Co. v. New Jersey,19-1039,3rd Circuit,Unknown,1,5-4,6,Kavanaugh,1
2020,PennEast Pipeline Co. v. New Jersey,19-1039,3rd Circuit,Unknown,1,5-4,6,Gorsuch,0
2020,PennEast Pipeline Co. v. New Jersey,19-1039,3rd Circuit,Unknown,1,5-4,6,Thomas,0
2020,PennEast Pipeline Co. v. New Jersey,19-1039,3rd Circuit,Unknown,1,5-4,6,Kagan,0
2020,PennEast Pipeline Co. v. New Jersey,19-1039,3rd Circuit,Unknown,1,5-4,6,Barrett,0
2021,Wooden v. United States,20-5279,6th Circuit,Unknown,1,9-0,6,Kagan,1
2021,Wooden v. United States,20-5279,6th Circuit,Unknown,1,9-0,6,Jr.,1
2021,Wooden v. United States,20-5279,6th Circuit,Unknown,1,9-0,6,Thomas,1
2021,Wooden v. United States,20-5279,6th Circuit,Unknown,1,9-0,6,Jr.,1
2021,Wooden v. United States,20-5279,6th Circuit,Unknown,1,9-0,6,Breyer,1
2021,Wooden v. United States,20-5279,6th Circuit,Unknown,1,9-0,6,Sotomayor,1
2021,Wooden v. United States,20-5279,6th Circuit,Unknown,1,9-0,6,Gorsuch,1
2021,Wooden v. United States,20-5279,6th Circuit,Unknown,1,9-0,6,Kavanaugh,1
2021,Wooden v. United States,20-5279,6th Circuit,Unknown,1,9-0,6,Barrett,1
2021,Thompson v. Clark,20-659,2nd Circuit,Unknown,1,6-3,6,Kavanaugh,1
2021,Thompson v. Clark,20-659,2nd Circuit,Unknown,1,6-3,6,Jr.,1
2021,Thompson v. Clark,20-659,2nd Circuit,Unknown,1,6-3,6,Breyer,1
2021,Thompson v. Clark,20-659,2nd Circuit,Unknown,1,6-3,6,Sotomayor,1
2021,Thompson v. Clark,20-659,2nd Circuit,Unknown,1,6-3,6,Kagan,1
2021,Thompson v. Clark,20-659,2nd Circuit,Unknown,1,6-3,6,Barrett,1
2021,Thompson v. Clark,20-659,2nd Circuit,Unknown,1,6-3,6,Jr.,0
2021,Thompson v. Clark,20-659,2nd Circuit,Unknown,1,6-3,6,Thomas,0
2021,Thompson v. Clark,20-659,2nd Circuit,Unknown,1,6-3,6,Gorsuch,0
2021,Babcock v. Kijakazi,20-480,6th Circuit,Unknown,0,8-1,6,Barrett,1
2021,Babcock v. Kijakazi,20-480,6th Circuit,Unknown,0,8-1,6,Jr.,1
2021,Babcock v. Kijakazi,20-480,6th Circuit,Unknown,0,8-1,6,Thomas,1
2021,Babcock v. Kijakazi,20-480,6th Circuit,Unknown,0,8-1,6,Breyer,1
2021,Babcock v. Kijakazi,20-480,6th Circuit,Unknown,0,8-1,6,Sotomayor,1
2021,Babcock v. Kijakazi,20-480,6th Circuit,Unknown,0,8-1,6,Jr.,1
2021,Babcock v. Kijakazi,20-480,6th Circuit,Unknown,0,8-1,6,Kagan,1
2021,Babcock v. Kijakazi,20-480,6th Circuit,Unknown,0,8-1,6,Gorsuch,0
2021,Babcock v. Kijakazi,20-480,6th Circuit,Unknown,0,8-1,6,Kavanaugh,1
2021,United States v. Vaello-Madero,20-303,1st Circuit,Unknown,1,8-1,6,Kavanaugh,1
2021,United States v. Vaello-Madero,20-303,1st Circuit,Unknown,1,8-1,6,Jr.,1
2021,United States v. Vaello-Madero,20-303,1st Circuit,Unknown,1,8-1,6,Thomas,1
2021,United States v. Vaello-Madero,20-303,1st Circuit,Unknown,1,8-1,6,Jr.,1
2021,United States v. Vaello-Madero,20-303,1st Circuit,Unknown,1,8-1,6,Breyer,1
2021,United States v. Vaello-Madero,20-303,1st Circuit,Unknown,1,8-1,6,Kagan,1
2021,United States v. Vaello-Madero,20-303,1st Circuit,Unknown,1,8-1,6,Gorsuch,1
2021,United States v. Vaello-Madero,20-303,1st Circuit,Unknown,1,8-1,6,Barrett,1
2021,United States v. Vaello-Madero,20-303,1st Circuit,Unknown,1,8-1,6,Sotomayor,0
2021,United States v. Tsarnaev,20-443,1st Circuit,Unknown,1,6-3,6,Thomas,1
2021,United States v. Tsarnaev,20-443,1st Circuit,Unknown,1,6-3,6,Jr.,1
2021,United States v. Tsarnaev,20-443,1st Circuit,Unknown,1,6-3,6,Jr.,1
2021,United States v. Tsarnaev,20-443,1st Circuit,Unknown,1,6-3,6,Kavanaugh,1
2021,United States v. Tsarnaev,20-443,1st Circuit,Unknown,1,6-3,6,Barrett,1
2021,United States v. Tsarnaev,20-443,1st Circuit,Unknown,1,6-3,6,Gorsuch,1
2021,United States v. Tsarnaev,20-443,1st Circuit,Unknown,1,6-3,6,Breyer,0
2021,United States v. Tsarnaev,20-443,1st Circuit,Unknown,1,6-3,6,Sotomayor,0
2021,United States v. Tsarnaev,20-443,1st Circuit,Unknown,1,6-3,6,Kagan,0
2021,Cameron v. EMW Women’s Surgical Center,20-601,6th Circuit,Unknown,1,8-1,6,Jr.,1
2021,Cameron v. EMW Women’s Surgical Center,20-601,6th Circuit,Unknown,1,8-1,6,Jr.,1
2021,Cameron v. EMW Women’s Surgical Center,20-601,6th Circuit,Unknown,1,8-1,6,Thomas,1
2021,Cameron v. EMW Women’s Surgical Center,20-601,6th Circuit,Unknown,1,8-1,6,Gorsuch,1
2021,Cameron v. EMW Women’s Surgical Center,20-601,6th Circuit,Unknown,1,8-1,6,Kavanaugh,1
2021,Cameron v. EMW Women’s Surgical Center,20-601,6th Circuit,Unknown,1,8-1,6,Barrett,1
2021,Cameron v. EMW Women’s Surgical Center,20-601,6th Circuit,Unknown,1,8-1,6,Kagan,1
2021,Cameron v. EMW Women’s Surgical Center,20-601,6th Circuit,Unknown,1,8-1,6,Breyer,1
2021,Cameron v. EMW Women’s Surgical Center,20-601,6th Circuit,Unknown,1,8-1,6,Sotomayor,0
2021,Brown v. Davenport,20-826,6th Circuit,Unknown,1,6-3,6,Gorsuch,1
2021,Brown v. Davenport,20-826,6th Circuit,Unknown,1,6-3,6,Jr.,1
2021,Brown v. Davenport,20-826,6th Circuit,Unknown,1,6-3,6,Thomas,1
2021,Brown v. Davenport,20-826,6th Circuit,Unknown,1,6-3,6,Jr.,1
2021,Brown v. Davenport,20-826,6th Circuit,Unknown,1,6-3,6,Kavanaugh,1
2021,Brown v. Davenport,20-826,6th Circuit,Unknown,1,6-3,6,Barrett,1
2021,Brown v. Davenport,20-826,6th Circuit,Unknown,1,6-3,6,Kagan,0
2021,Brown v. Davenport,20-826,6th Circuit,Unknown,1,6-3,6,Breyer,0
2021,Brown v. Davenport,20-826,6th Circuit,Unknown,1,6-3,6,Sotomayor,0
2021,Hemphill v. New York,20-637,Other,Unknown,1,8-1,6,Sotomayor,1
2021,Hemphill v. New York,20-637,Other,Unknown,1,8-1,6,Jr.,1
2021,Hemphill v. New York,20-637,Other,Unknown,1,8-1,6,Thomas,0
2021,Hemphill v. New York,20-637,Other,Unknown,1,8-1,6,Breyer,1
2021,Hemphill v. New York,20-637,Other,Unknown,1,8-1,6,Jr.,1
2021,Hemphill v. New York,20-637,Other,Unknown,1,8-1,6,Kagan,1
2021,Hemphill v. New York,20-637,Other,Unknown,1,8-1,6,Gorsuch,1
2021,Hemphill v. New York,20-637,Other,Unknown,1,8-1,6,Kavanaugh,1
2021,Hemphill v. New York,20-637,Other,Unknown,1,8-1,6,Barrett,1
2021,Houston Community College System v. Wilson,20-804,5th Circuit,Unknown,1,9-0,6,Gorsuch,1
2021,Houston Community College System v. Wilson,20-804,5th Circuit,Unknown,1,9-0,6,Jr.,1
2021,Houston Community College System v. Wilson,20-804,5th Circuit,Unknown,1,9-0,6,Thomas,1
2021,Houston Community College System v. Wilson,20-804,5th Circuit,Unknown,1,9-0,6,Breyer,1
2021,Houston Community College System v. Wilson,20-804,5th Circuit,Unknown,1,9-0,6,Jr.,1
2021,Houston Community College System v. Wilson,20-804,5th Circuit,Unknown,1,9-0,6,Sotomayor,1
2021,Houston Community College System v. Wilson,20-804,5th Circuit,Unknown,1,9-0,6,Kagan,1
2021,Houston Community College System v. Wilson,20-804,5th Circuit,Unknown,1,9-0,6,Kavanaugh,1
2021,Houston Community College System v. Wilson,20-804,5th Circuit,Unknown,1,9-0,6,Barrett,1
2021,United States v. Zubaydah,20-827,9th Circuit,Unknown,1,7-2,6,Breyer,1
2021,United States v. Zubaydah,20-827,9th Circuit,Unknown,1,7-2,6,Jr.,1
2021,United States v. Zubaydah,20-827,9th Circuit,Unknown,1,7-2,6,Thomas,1
2021,United States v. Zubaydah,20-827,9th Circuit,Unknown,1,7-2,6,Barrett,1
2021,United States v. Zubaydah,20-827,9th Circuit,Unknown,1,7-2,6,Kavanaugh,1
2021,United States v. Zubaydah,20-827,9th Circuit,Unknown,1,7-2,6,Jr.,1
2021,United States v. Zubaydah,20-827,9th Circuit,Unknown,1,7-2,6,Gorsuch,0
2021,United States v. Zubaydah,20-827,9th Circuit,Unknown,1,7-2,6,Sotomayor,0
2021,United States v. Zubaydah,20-827,9th Circuit,Unknown,1,7-2,6,Kagan,1
2021,Shinn v. Ramirez,20-1009,9th Circuit,Unknown,1,6-3,6,Thomas,1
2021,Shinn v. Ramirez,20-1009,9th Circuit,Unknown,1,6-3,6,Jr.,1
2021,Shinn v. Ramirez,20-1009,9th Circuit,Unknown,1,6-3,6,Jr.,1
2021,Shinn v. Ramirez,20-1009,9th Circuit,Unknown,1,6-3,6,Gorsuch,1
2021,Shinn v. Ramirez,20-1009,9th Circuit,Unknown,1,6-3,6,Barrett,1
2021,Shinn v. Ramirez,20-1009,9th Circuit,Unknown,1,6-3,6,Kavanaugh,1
2021,Shinn v. Ramirez,20-1009,9th Circuit,Unknown,1,6-3,6,Sotomayor,0
2021,Shinn v. Ramirez,20-1009,9th Circuit,Unknown,1,6-3,6,Kagan,0
2021,Shinn v. Ramirez,20-1009,9th Circuit,Unknown,1,6-3,6,Breyer,0
2021,Badgerow v. Walters,20-1143,5th Circuit,Unknown,1,8-1,6,Kagan,1
2021,Badgerow v. Walters,20-1143,5th Circuit,Unknown,1,8-1,6,Jr.,1
2021,Badgerow v. Walters,20-1143,5th Circuit,Unknown,1,8-1,6,Breyer,0
2021,Badgerow v. Walters,20-1143,5th Circuit,Unknown,1,8-1,6,Thomas,1
2021,Badgerow v. Walters,20-1143,5th Circuit,Unknown,1,8-1,6,Sotomayor,1
2021,Badgerow v. Walters,20-1143,5th Circuit,Unknown,1,8-1,6,Gorsuch,1
2021,Badgerow v. Walters,20-1143,5th Circuit,Unknown,1,8-1,6,Kavanaugh,1
2021,Badgerow v. Walters,20-1143,5th Circuit,Unknown,1,8-1,6,Barrett,1
2021,Badgerow v. Walters,20-1143,5th Circuit,Unknown,1,8-1,6,Jr.,1
2021,"Unicolors, Inc. v. H&M Hennes & Mauritz, L.P.",20-915,9th Circuit,Unknown,1,6-3,6,Breyer,1
2021,"Unicolors, Inc. v. H&M Hennes & Mauritz, L.P.",20-915,9th Circuit,Unknown,1,6-3,6,Jr.,1
2021,"Unicolors, Inc. v. H&M Hennes & Mauritz, L.P.",20-915,9th Circuit,Unknown,1,6-3,6,Thomas,0
2021,"Unicolors, Inc. v. H&M Hennes & Mauritz, L.P.",20-915,9th Circuit,Unknown,1,6-3,6,Jr.,0
2021,"Unicolors, Inc. v. H&M Hennes & Mauritz, L.P.",20-915,9th Circuit,Unknown,1,6-3,6,Sotomayor,1
2021,"Unicolors, Inc. v. H&M Hennes & Mauritz, L.P.",20-915,9th Circuit,Unknown,1,6-3,6,Kagan,1
2021,"Unicolors, Inc. v. H&M Hennes & Mauritz, L.P.",20-915,9th Circuit,Unknown,1,6-3,6,Gorsuch,0
2021,"Unicolors, Inc. v. H&M Hennes & Mauritz, L.P.",20-915,9th Circuit,Unknown,1,6-3,6,Kavanaugh,1
2021,"Unicolors, Inc. v. H&M Hennes & Mauritz, L.P.",20-915,9th Circuit,Unknown,1,6-3,6,Barrett,1
2021,Patel v. Garland,20-979,11th Circuit,Unknown,0,5-4,6,Barrett,1
2021,Patel v. Garland,20-979,11th Circuit,Unknown,0,5-4,6,Jr.,1
2021,Patel v. Garland,20-979,11th Circuit,Unknown,0,5-4,6,Thomas,1
2021,Patel v. Garland,20-979,11th Circuit,Unknown,0,5-4,6,Breyer,0
2021,Patel v. Garland,20-979,11th Circuit,Unknown,0,5-4,6,Jr.,1
2021,Patel v. Garland,20-979,11th Circuit,Unknown,0,5-4,6,Sotomayor,0
2021,Patel v. Garland,20-979,11th Circuit,Unknown,0,5-4,6,Kagan,0
2021,Patel v. Garland,20-979,11th Circuit,Unknown,0,5-4,6,Gorsuch,0
2021,Patel v. Garland,20-979,11th Circuit,Unknown,0,5-4,6,Kavanaugh,1
2021,"City of Austin, Texas v. Reagan National Advertising of Texas Inc.",20-1029,5th Circuit,Unknown,1,6-3,6,Sotomayor,1
2021,"City of Austin, Texas v. Reagan National Advertising of Texas Inc.",20-1029,5th Circuit,Unknown,1,6-3,6,Jr.,1
2021,"City of Austin, Texas v. Reagan National Advertising of Texas Inc.",20-1029,5th Circuit,Unknown,1,6-3,6,Breyer,1
2021,"City of Austin, Texas v. Reagan National Advertising of Texas Inc.",20-1029,5th Circuit,Unknown,1,6-3,6,Kagan,1
2021,"City of Austin, Texas v. Reagan National Advertising of Texas Inc.",20-1029,5th Circuit,Unknown,1,6-3,6,Kavanaugh,1
2021,"City of Austin, Texas v. Reagan National Advertising of Texas Inc.",20-1029,5th Circuit,Unknown,1,6-3,6,Jr.,1
2021,"City of Austin, Texas v. Reagan National Advertising of Texas Inc.",20-1029,5th Circuit,Unknown,1,6-3,6,Thomas,0
2021,"City of Austin, Texas v. Reagan National Advertising of Texas Inc.",20-1029,5th Circuit,Unknown,1,6-3,6,Barrett,0
2021,"City of Austin, Texas v. Reagan National Advertising of Texas Inc.",20-1029,5th Circuit,Unknown,1,6-3,6,Gorsuch,0
2021,"Cummings v. Premier Rehab Keller, P.L.L.C.",20-219,5th Circuit,Unknown,0,6-3,6,Jr.,1
2021,"Cummings v. Premier Rehab Keller, P.L.L.C.",20-219,5th Circuit,Unknown,0,6-3,6,Thomas,1
2021,"Cummings v. Premier Rehab Keller, P.L.L.C.",20-219,5th Circuit,Unknown,0,6-3,6,Breyer,0
2021,"Cummings v. Premier Rehab Keller, P.L.L.C.",20-219,5th Circuit,Unknown,0,6-3,6,Jr.,1
2021,"Cummings v. Premier Rehab Keller, P.L.L.C.",20-219,5th Circuit,Unknown,0,6-3,6,Sotomayor,0
2021,"Cummings v. Premier Rehab Keller, P.L.L.C.",20-219,5th Circuit,Unknown,0,6-3,6,Kagan,0
2021,"Cummings v. Premier Rehab Keller, P.L.L.C.",20-219,5th Circuit,Unknown,0,6-3,6,Gorsuch,1
2021,"Cummings v. Premier Rehab Keller, P.L.L.C.",20-219,5th Circuit,Unknown,0,6-3,6,Kavanaugh,1
2021,"Cummings v. Premier Rehab Keller, P.L.L.C.",20-219,5th Circuit,Unknown,0,6-3,6,Barrett,1
2021,Hughes v. Northwestern University,19-1401,7th Circuit,Unknown,1,8-1,6,Sotomayor,1
2021,Hughes v. Northwestern University,19-1401,7th Circuit,Unknown,1,8-1,6,Jr.,1
2021,Hughes v. Northwestern University,19-1401,7th Circuit,Unknown,1,8-1,6,Thomas,1
2021,Hughes v. Northwestern University,19-1401,7th Circuit,Unknown,1,8-1,6,Breyer,1
2021,Hughes v. Northwestern University,19-1401,7th Circuit,Unknown,1,8-1,6,Jr.,1
2021,Hughes v. Northwestern University,19-1401,7th Circuit,Unknown,1,8-1,6,Kagan,1
2021,Hughes v. Northwestern University,19-1401,7th Circuit,Unknown,1,8-1,6,Gorsuch,1
2021,Hughes v. Northwestern University,19-1401,7th Circuit,Unknown,1,8-1,6,Kavanaugh,1
2021,Hughes v. Northwestern University,19-1401,7th Circuit,Unknown,1,8-1,6,Barrett,0
2021,Mississippi v. Tennessee,143-orig,Other,Unknown,0,9-0,6,Jr.,1
2021,Mississippi v. Tennessee,143-orig,Other,Unknown,0,9-0,6,Thomas,1
2021,Mississippi v. Tennessee,143-orig,Other,Unknown,0,9-0,6,Breyer,1
2021,Mississippi v. Tennessee,143-orig,Other,Unknown,0,9-0,6,Jr.,1
2021,Mississippi v. Tennessee,143-orig,Other,Unknown,0,9-0,6,Sotomayor,1
2021,Mississippi v. Tennessee,143-orig,Other,Unknown,0,9-0,6,Kagan,1
2021,Mississippi v. Tennessee,143-orig,Other,Unknown,0,9-0,6,Gorsuch,1
2021,Mississippi v. Tennessee,143-orig,Other,Unknown,0,9-0,6,Kavanaugh,1
2021,Mississippi v. Tennessee,143-orig,Other,Unknown,0,9-0,6,Barrett,1
2021,Gallardo v. Marstiller,20-1263,11th Circuit,Unknown,0,7-2,6,Thomas,1
2021,Gallardo v. Marstiller,20-1263,11th Circuit,Unknown,0,7-2,6,Jr.,1
2021,Gallardo v. Marstiller,20-1263,11th Circuit,Unknown,0,7-2,6,Jr.,1
2021,Gallardo v. Marstiller,20-1263,11th Circuit,Unknown,0,7-2,6,Kagan,1
2021,Gallardo v. Marstiller,20-1263,11th Circuit,Unknown,0,7-2,6,Kavanaugh,1
2021,Gallardo v. Marstiller,20-1263,11th Circuit,Unknown,0,7-2,6,Barrett,1
2021,Gallardo v. Marstiller,20-1263,11th Circuit,Unknown,0,7-2,6,Gorsuch,1
2021,Gallardo v. Marstiller,20-1263,11th Circuit,Unknown,0,7-2,6,Sotomayor,0
2021,Gallardo v. Marstiller,20-1263,11th Circuit,Unknown,0,7-2,6,Breyer,0
2021,Ramirez v. Collier,21-5592,5th Circuit,Unknown,1,8-1,6,Jr.,1
2021,Ramirez v. Collier,21-5592,5th Circuit,Unknown,1,8-1,6,Thomas,0
2021,Ramirez v. Collier,21-5592,5th Circuit,Unknown,1,8-1,6,Jr.,1
2021,Ramirez v. Collier,21-5592,5th Circuit,Unknown,1,8-1,6,Breyer,1
2021,Ramirez v. Collier,21-5592,5th Circuit,Unknown,1,8-1,6,Sotomayor,1
2021,Ramirez v. Collier,21-5592,5th Circuit,Unknown,1,8-1,6,Gorsuch,1
2021,Ramirez v. Collier,21-5592,5th Circuit,Unknown,1,8-1,6,Kavanaugh,1
2021,Ramirez v. Collier,21-5592,5th Circuit,Unknown,1,8-1,6,Barrett,1
2021,Ramirez v. Collier,21-5592,5th Circuit,Unknown,1,8-1,6,Kagan,1
2021,Whole Woman's Health v. Jackson,21-463,5th Circuit,Unknown,1,9-0,6,Gorsuch,1
2021,Whole Woman's Health v. Jackson,21-463,5th Circuit,Unknown,1,9-0,6,Jr.,1
2021,Whole Woman's Health v. Jackson,21-463,5th Circuit,Unknown,1,9-0,6,Jr.,1
2021,Whole Woman's Health v. Jackson,21-463,5th Circuit,Unknown,1,9-0,6,Breyer,1
2021,Whole Woman's Health v. Jackson,21-463,5th Circuit,Unknown,1,9-0,6,Sotomayor,1
2021,Whole Woman's Health v. Jackson,21-463,5th Circuit,Unknown,1,9-0,6,Thomas,1
2021,Whole Woman's Health v. Jackson,21-463,5th Circuit,Unknown,1,9-0,6,Kagan,1
2021,Whole Woman's Health v. Jackson,21-463,5th Circuit,Unknown,1,9-0,6,Kavanaugh,1
2021,Whole Woman's Health v. Jackson,21-463,5th Circuit,Unknown,1,9-0,6,Barrett,1
2021,"Boechler, P.C. v. Commissioner of Internal Revenue",20-1472,8th Circuit,Unknown,1,9-0,6,Barrett,1
2021,"Boechler, P.C. v. Commissioner of Internal Revenue",20-1472,8th Circuit,Unknown,1,9-0,6,Jr.,1
2021,"Boechler, P.C. v. Commissioner of Internal Revenue",20-1472,8th Circuit,Unknown,1,9-0,6,Thomas,1
2021,"Boechler, P.C. v. Commissioner of Internal Revenue",20-1472,8th Circuit,Unknown,1,9-0,6,Breyer,1
2021,"Boechler, P.C. v. Commissioner of Internal Revenue",20-1472,8th Circuit,Unknown,1,9-0,6,Jr.,1
2021,"Boechler, P.C. v. Commissioner of Internal Revenue",20-1472,8th Circuit,Unknown,1,9-0,6,Sotomayor,1
2021,"Boechler, P.C. v. Commissioner of Internal Revenue",20-1472,8th Circuit,Unknown,1,9-0,6,Kagan,1
2021,"Boechler, P.C. v. Commissioner of Internal Revenue",20-1472,8th Circuit,Unknown,1,9-0,6,Kavanaugh,1
2021,"Boechler, P.C. v. Commissioner of Internal Revenue",20-1472,8th Circuit,Unknown,1,9-0,6,Gorsuch,1
2021,Cassirer v. Thyssen-Bornemisza Collection Foundation,20-1566,9th Circuit,Unknown,1,9-0,6,Kagan,1
2021,Cassirer v. Thyssen-Bornemisza Collection Foundation,20-1566,9th Circuit,Unknown,1,9-0,6,Jr.,1
2021,Cassirer v. Thyssen-Bornemisza Collection Foundation,20-1566,9th Circuit,Unknown,1,9-0,6,Thomas,1
2021,Cassirer v. Thyssen-Bornemisza Collection Foundation,20-1566,9th Circuit,Unknown,1,9-0,6,Breyer,1
2021,Cassirer v. Thyssen-Bornemisza Collection Foundation,20-1566,9th Circuit,Unknown,1,9-0,6,Jr.,1
2021,Cassirer v. Thyssen-Bornemisza Collection Foundation,20-1566,9th Circuit,Unknown,1,9-0,6,Sotomayor,1
2021,Cassirer v. Thyssen-Bornemisza Collection Foundation,20-1566,9th Circuit,Unknown,1,9-0,6,Gorsuch,1
2021,Cassirer v. Thyssen-Bornemisza Collection Foundation,20-1566,9th Circuit,Unknown,1,9-0,6,Kavanaugh,1
2021,Cassirer v. Thyssen-Bornemisza Collection Foundation,20-1566,9th Circuit,Unknown,1,9-0,6,Barrett,1
2021,Shurtleff v. Boston,20-1800,1st Circuit,Unknown,1,9-0,6,Breyer,1
2021,Shurtleff v. Boston,20-1800,1st Circuit,Unknown,1,9-0,6,Jr.,1
2021,Shurtleff v. Boston,20-1800,1st Circuit,Unknown,1,9-0,6,Thomas,1
2021,Shurtleff v. Boston,20-1800,1st Circuit,Unknown,1,9-0,6,Jr.,1
2021,Shurtleff v. Boston,20-1800,1st Circuit,Unknown,1,9-0,6,Sotomayor,1
2021,Shurtleff v. Boston,20-1800,1st Circuit,Unknown,1,9-0,6,Kagan,1
2021,Shurtleff v. Boston,20-1800,1st Circuit,Unknown,1,9-0,6,Gorsuch,1
2021,Shurtleff v. Boston,20-1800,1st Circuit,Unknown,1,9-0,6,Kavanaugh,1
2021,Shurtleff v. Boston,20-1800,1st Circuit,Unknown,1,9-0,6,Barrett,1
2021,Federal Election Commission v. Ted Cruz for Senate,21-12,Other,Unknown,0,6-3,6,Jr.,1
2021,Federal Election Commission v. Ted Cruz for Senate,21-12,Other,Unknown,0,6-3,6,Thomas,1
2021,Federal Election Commission v. Ted Cruz for Senate,21-12,Other,Unknown,0,6-3,6,Breyer,0
2021,Federal Election Commission v. Ted Cruz for Senate,21-12,Other,Unknown,0,6-3,6,Jr.,1
2021,Federal Election Commission v. Ted Cruz for Senate,21-12,Other,Unknown,0,6-3,6,Sotomayor,0
2021,Federal Election Commission v. Ted Cruz for Senate,21-12,Other,Unknown,0,6-3,6,Kagan,0
2021,Federal Election Commission v. Ted Cruz for Senate,21-12,Other,Unknown,0,6-3,6,Gorsuch,1
2021,Federal Election Commission v. Ted Cruz for Senate,21-12,Other,Unknown,0,6-3,6,Kavanaugh,1
2021,Federal Election Commission v. Ted Cruz for Senate,21-12,Other,Unknown,0,6-3,6,Barrett,1
2021,"Morgan v. Sundance, Inc.",21-328,8th Circuit,Unknown,1,9-0,6,Kagan,1
2021,"Morgan v. Sundance, Inc.",21-328,8th Circuit,Unknown,1,9-0,6,Jr.,1
2021,"Morgan v. Sundance, Inc.",21-328,8th Circuit,Unknown,1,9-0,6,Thomas,1
2021,"Morgan v. Sundance, Inc.",21-328,8th Circuit,Unknown,1,9-0,6,Breyer,1
2021,"Morgan v. Sundance, Inc.",21-328,8th Circuit,Unknown,1,9-0,6,Jr.,1
2021,"Morgan v. Sundance, Inc.",21-328,8th Circuit,Unknown,1,9-0,6,Sotomayor,1
2021,"Morgan v. Sundance, Inc.",21-328,8th Circuit,Unknown,1,9-0,6,Gorsuch,1
2021,"Morgan v. Sundance, Inc.",21-328,8th Circuit,Unknown,1,9-0,6,Kavanaugh,1
2021,"Morgan v. Sundance, Inc.",21-328,8th Circuit,Unknown,1,9-0,6,Barrett,1
2021,Berger v. North Carolina State Conference of the NAACP,21-248,4th Circuit,Unknown,1,8-1,6,Gorsuch,1
2021,Berger v. North Carolina State Conference of the NAACP,21-248,4th Circuit,Unknown,1,8-1,6,Jr.,1
2021,Berger v. North Carolina State Conference of the NAACP,21-248,4th Circuit,Unknown,1,8-1,6,Thomas,1
2021,Berger v. North Carolina State Conference of the NAACP,21-248,4th Circuit,Unknown,1,8-1,6,Breyer,1
2021,Berger v. North Carolina State Conference of the NAACP,21-248,4th Circuit,Unknown,1,8-1,6,Jr.,1
2021,Berger v. North Carolina State Conference of the NAACP,21-248,4th Circuit,Unknown,1,8-1,6,Sotomayor,0
2021,Berger v. North Carolina State Conference of the NAACP,21-248,4th Circuit,Unknown,1,8-1,6,Kagan,1
2021,Berger v. North Carolina State Conference of the NAACP,21-248,4th Circuit,Unknown,1,8-1,6,Kavanaugh,1
2021,Berger v. North Carolina State Conference of the NAACP,21-248,4th Circuit,Unknown,1,8-1,6,Barrett,1
2021,Southwest Airlines Co. v. Saxon,21-309,7th Circuit,Unknown,0,8-1,6,Thomas,1
2021,Southwest Airlines Co. v. Saxon,21-309,7th Circuit,Unknown,0,8-1,6,Jr.,1
2021,Southwest Airlines Co. v. Saxon,21-309,7th Circuit,Unknown,0,8-1,6,Breyer,1
2021,Southwest Airlines Co. v. Saxon,21-309,7th Circuit,Unknown,0,8-1,6,Jr.,1
2021,Southwest Airlines Co. v. Saxon,21-309,7th Circuit,Unknown,0,8-1,6,Sotomayor,1
2021,Southwest Airlines Co. v. Saxon,21-309,7th Circuit,Unknown,0,8-1,6,Kagan,1
2021,Southwest Airlines Co. v. Saxon,21-309,7th Circuit,Unknown,0,8-1,6,Gorsuch,1
2021,Southwest Airlines Co. v. Saxon,21-309,7th Circuit,Unknown,0,8-1,6,Kavanaugh,1
2021,Southwest Airlines Co. v. Saxon,21-309,7th Circuit,Unknown,0,8-1,6,Barrett,0
2023,Pulsifer v. United States,22-340,8th Circuit,Unknown,0,6-3,6,Kagan,1
2023,Pulsifer v. United States,22-340,8th Circuit,Unknown,0,6-3,6,Jr.,1
2023,Pulsifer v. United States,22-340,8th Circuit,Unknown,0,6-3,6,Thomas,1
2023,Pulsifer v. United States,22-340,8th Circuit,Unknown,0,6-3,6,Jr.,1
2023,Pulsifer v. United States,22-340,8th Circuit,Unknown,0,6-3,6,Barrett,1
2023,Pulsifer v. United States,22-340,8th Circuit,Unknown,0,6-3,6,Gorsuch,0
2023,Pulsifer v. United States,22-340,8th Circuit,Unknown,0,6-3,6,Sotomayor,0
2023,Pulsifer v. United States,22-340,8th Circuit,Unknown,0,6-3,6,Jackson,0
2023,Pulsifer v. United States,22-340,8th Circuit,Unknown,0,6-3,6,Kavanaugh,1
2023,"Great Lakes Insurance SE v. Raiders Retreat Realty Co., LLC",22-500,3rd Circuit,Unknown,1,9-0,6,Kavanaugh,1
2023,"Great Lakes Insurance SE v. Raiders Retreat Realty Co., LLC",22-500,3rd Circuit,Unknown,1,9-0,6,Jr.,1
2023,"Great Lakes Insurance SE v. Raiders Retreat Realty Co., LLC",22-500,3rd Circuit,Unknown,1,9-0,6,Thomas,1
2023,"Great Lakes Insurance SE v. Raiders Retreat Realty Co., LLC",22-500,3rd Circuit,Unknown,1,9-0,6,Jr.,1
2023,"Great Lakes Insurance SE v. Raiders Retreat Realty Co., LLC",22-500,3rd Circuit,Unknown,1,9-0,6,Sotomayor,1
2023,"Great Lakes Insurance SE v. Raiders Retreat Realty Co., LLC",22-500,3rd Circuit,Unknown,1,9-0,6,Kagan,1
2023,"Great Lakes Insurance SE v. Raiders Retreat Realty Co., LLC",22-500,3rd Circuit,Unknown,1,9-0,6,Gorsuch,1
2023,"Great Lakes Insurance SE v. Raiders Retreat Realty Co., LLC",22-500,3rd Circuit,Unknown,1,9-0,6,Barrett,1
2023,"Great Lakes Insurance SE v. Raiders Retreat Realty Co., LLC",22-500,3rd Circuit,Unknown,1,9-0,6,Jackson,1
2023,Lindke v. Freed,22-611,6th Circuit,Unknown,1,9-0,6,Barrett,1
2023,Lindke v. Freed,22-611,6th Circuit,Unknown,1,9-0,6,Jr.,1
2023,Lindke v. Freed,22-611,6th Circuit,Unknown,1,9-0,6,Thomas,1
2023,Lindke v. Freed,22-611,6th Circuit,Unknown,1,9-0,6,Jr.,1
2023,Lindke v. Freed,22-611,6th Circuit,Unknown,1,9-0,6,Sotomayor,1
2023,Lindke v. Freed,22-611,6th Circuit,Unknown,1,9-0,6,Kagan,1
2023,Lindke v. Freed,22-611,6th Circuit,Unknown,1,9-0,6,Gorsuch,1
2023,Lindke v. Freed,22-611,6th Circuit,Unknown,1,9-0,6,Kavanaugh,1
2023,Lindke v. Freed,22-611,6th Circuit,Unknown,1,9-0,6,Jackson,1
2023,O'Connor-Ratcliff v. Garnier,22-324,9th Circuit,Unknown,1,9-0,6,Jr.,1
2023,O'Connor-Ratcliff v. Garnier,22-324,9th Circuit,Unknown,1,9-0,6,Thomas,1
2023,O'Connor-Ratcliff v. Garnier,22-324,9th Circuit,Unknown,1,9-0,6,Jr.,1
2023,O'Connor-Ratcliff v. Garnier,22-324,9th Circuit,Unknown,1,9-0,6,Sotomayor,1
2023,O'Connor-Ratcliff v. Garnier,22-324,9th Circuit,Unknown,1,9-0,6,Kagan,1
2023,O'Connor-Ratcliff v. Garnier,22-324,9th Circuit,Unknown,1,9-0,6,Kavanaugh,1
2023,O'Connor-Ratcliff v. Garnier,22-324,9th Circuit,Unknown,1,9-0,6,Gorsuch,1
2023,O'Connor-Ratcliff v. Garnier,22-324,9th Circuit,Unknown,1,9-0,6,Barrett,1
2023,O'Connor-Ratcliff v. Garnier,22-324,9th Circuit,Unknown,1,9-0,6,Jackson,1
2023,Culley v. Marshall,22-585,11th Circuit,Unknown,0,6-3,6,Kavanaugh,1
2023,Culley v. Marshall,22-585,11th Circuit,Unknown,0,6-3,6,Jr.,1
2023,Culley v. Marshall,22-585,11th Circuit,Unknown,0,6-3,6,Thomas,1
2023,Culley v. Marshall,22-585,11th Circuit,Unknown,0,6-3,6,Jr.,1
2023,Culley v. Marshall,22-585,11th Circuit,Unknown,0,6-3,6,Sotomayor,0
2023,Culley v. Marshall,22-585,11th Circuit,Unknown,0,6-3,6,Kagan,0
2023,Culley v. Marshall,22-585,11th Circuit,Unknown,0,6-3,6,Jackson,0
2023,Culley v. Marshall,22-585,11th Circuit,Unknown,0,6-3,6,Gorsuch,1
2023,Culley v. Marshall,22-585,11th Circuit,Unknown,0,6-3,6,Barrett,1
2023,Loper Bright Enterprises v. Raimondo,22-451,Other,Unknown,1,6-3,6,Jr.,1
2023,Loper Bright Enterprises v. Raimondo,22-451,Other,Unknown,1,6-3,6,Thomas,1
2023,Loper Bright Enterprises v. Raimondo,22-451,Other,Unknown,1,6-3,6,Jr.,1
2023,Loper Bright Enterprises v. Raimondo,22-451,Other,Unknown,1,6-3,6,Sotomayor,0
2023,Loper Bright Enterprises v. Raimondo,22-451,Other,Unknown,1,6-3,6,Kagan,0
2023,Loper Bright Enterprises v. Raimondo,22-451,Other,Unknown,1,6-3,6,Gorsuch,1
2023,Loper Bright Enterprises v. Raimondo,22-451,Other,Unknown,1,6-3,6,Kavanaugh,1
2023,Loper Bright Enterprises v. Raimondo,22-451,Other,Unknown,1,6-3,6,Barrett,1
2023,Loper Bright Enterprises v. Raimondo,22-451,Other,Unknown,1,6-3,6,Jackson,0
2023,Brown v. United States,22-6389,3rd Circuit,Unknown,0,6-3,6,Jr.,1
2023,Brown v. United States,22-6389,3rd Circuit,Unknown,0,6-3,6,Jr.,1
2023,Brown v. United States,22-6389,3rd Circuit,Unknown,0,6-3,6,Thomas,1
2023,Brown v. United States,22-6389,3rd Circuit,Unknown,0,6-3,6,Sotomayor,1
2023,Brown v. United States,22-6389,3rd Circuit,Unknown,0,6-3,6,Kagan,0
2023,Brown v. United States,22-6389,3rd Circuit,Unknown,0,6-3,6,Gorsuch,0
2023,Brown v. United States,22-6389,3rd Circuit,Unknown,0,6-3,6,Kavanaugh,1
2023,Brown v. United States,22-6389,3rd Circuit,Unknown,0,6-3,6,Barrett,1
2023,Brown v. United States,22-6389,3rd Circuit,Unknown,0,6-3,6,Jackson,0
2023,"Murray v. UBS Securities, LLC",22-660,2nd Circuit,Unknown,1,9-0,6,Sotomayor,1
2023,"Murray v. UBS Securities, LLC",22-660,2nd Circuit,Unknown,1,9-0,6,Jr.,1
2023,"Murray v. UBS Securities, LLC",22-660,2nd Circuit,Unknown,1,9-0,6,Thomas,1
2023,"Murray v. UBS Securities, LLC",22-660,2nd Circuit,Unknown,1,9-0,6,Jr.,1
2023,"Murray v. UBS Securities, LLC",22-660,2nd Circuit,Unknown,1,9-0,6,Kagan,1
2023,"Murray v. UBS Securities, LLC",22-660,2nd Circuit,Unknown,1,9-0,6,Gorsuch,1
2023,"Murray v. UBS Securities, LLC",22-660,2nd Circuit,Unknown,1,9-0,6,Kavanaugh,1
2023,"Murray v. UBS Securities, LLC",22-660,2nd Circuit,Unknown,1,9-0,6,Barrett,1
2023,"Murray v. UBS Securities, LLC",22-660,2nd Circuit,Unknown,1,9-0,6,Jackson,1
2023,Alexander v. South Carolina State Conference of the NAACP,22-807,Other,Unknown,1,6-3,6,Jr.,1
2023,Alexander v. South Carolina State Conference of the NAACP,22-807,Other,Unknown,1,6-3,6,Jr.,1
2023,Alexander v. South Carolina State Conference of the NAACP,22-807,Other,Unknown,1,6-3,6,Thomas,1
2023,Alexander v. South Carolina State Conference of the NAACP,22-807,Other,Unknown,1,6-3,6,Sotomayor,0
2023,Alexander v. South Carolina State Conference of the NAACP,22-807,Other,Unknown,1,6-3,6,Kagan,0
2023,Alexander v. South Carolina State Conference of the NAACP,22-807,Other,Unknown,1,6-3,6,Jackson,0
2023,Alexander v. South Carolina State Conference of the NAACP,22-807,Other,Unknown,1,6-3,6,Gorsuch,1
2023,Alexander v. South Carolina State Conference of the NAACP,22-807,Other,Unknown,1,6-3,6,Kavanaugh,1
2023,Alexander v. South Carolina State Conference of the NAACP,22-807,Other,Unknown,1,6-3,6,Barrett,1
2023,Department of Agriculture Rural Development Rural Housing Service v. Kirtz,22-846,3rd Circuit,Unknown,0,9-0,6,Gorsuch,1
2023,Department of Agriculture Rural Development Rural Housing Service v. Kirtz,22-846,3rd Circuit,Unknown,0,9-0,6,Jr.,1
2023,Department of Agriculture Rural Development Rural Housing Service v. Kirtz,22-846,3rd Circuit,Unknown,0,9-0,6,Jr.,1
2023,Department of Agriculture Rural Development Rural Housing Service v. Kirtz,22-846,3rd Circuit,Unknown,0,9-0,6,Thomas,1
2023,Department of Agriculture Rural Development Rural Housing Service v. Kirtz,22-846,3rd Circuit,Unknown,0,9-0,6,Sotomayor,1
2023,Department of Agriculture Rural Development Rural Housing Service v. Kirtz,22-846,3rd Circuit,Unknown,0,9-0,6,Kagan,1
2023,Department of Agriculture Rural Development Rural Housing Service v. Kirtz,22-846,3rd Circuit,Unknown,0,9-0,6,Kavanaugh,1
2023,Department of Agriculture Rural Development Rural Housing Service v. Kirtz,22-846,3rd Circuit,Unknown,0,9-0,6,Barrett,1
2023,Department of Agriculture Rural Development Rural Housing Service v. Kirtz,22-846,3rd Circuit,Unknown,0,9-0,6,Jackson,1
2023,Moore v. United States,22-800,9th Circuit,Unknown,0,7-2,6,Kavanaugh,1
2023,Moore v. United States,22-800,9th Circuit,Unknown,0,7-2,6,Jr.,1
2023,Moore v. United States,22-800,9th Circuit,Unknown,0,7-2,6,Thomas,0
2023,Moore v. United States,22-800,9th Circuit,Unknown,0,7-2,6,Jr.,1
2023,Moore v. United States,22-800,9th Circuit,Unknown,0,7-2,6,Sotomayor,1
2023,Moore v. United States,22-800,9th Circuit,Unknown,0,7-2,6,Kagan,1
2023,Moore v. United States,22-800,9th Circuit,Unknown,0,7-2,6,Gorsuch,0
2023,Moore v. United States,22-800,9th Circuit,Unknown,0,7-2,6,Barrett,1
2023,Moore v. United States,22-800,9th Circuit,Unknown,0,7-2,6,Jackson,1
2023,Rudisill v. McDonough,22-888,Federal Circuit,Unknown,1,7-2,6,Jackson,1
2023,Rudisill v. McDonough,22-888,Federal Circuit,Unknown,1,7-2,6,Jr.,1
2023,Rudisill v. McDonough,22-888,Federal Circuit,Unknown,1,7-2,6,Thomas,0
2023,Rudisill v. McDonough,22-888,Federal Circuit,Unknown,1,7-2,6,Jr.,0
2023,Rudisill v. McDonough,22-888,Federal Circuit,Unknown,1,7-2,6,Sotomayor,1
2023,Rudisill v. McDonough,22-888,Federal Circuit,Unknown,1,7-2,6,Kagan,1
2023,Rudisill v. McDonough,22-888,Federal Circuit,Unknown,1,7-2,6,Gorsuch,1
2023,Rudisill v. McDonough,22-888,Federal Circuit,Unknown,1,7-2,6,Kavanaugh,1
2023,Rudisill v. McDonough,22-888,Federal Circuit,Unknown,1,7-2,6,Barrett,1
2023,Campos-Chaves v. Garland,22-674,5th Circuit,Unknown,0,5-4,6,Jr.,1
2023,Campos-Chaves v. Garland,22-674,5th Circuit,Unknown,0,5-4,6,Jr.,1
2023,Campos-Chaves v. Garland,22-674,5th Circuit,Unknown,0,5-4,6,Thomas,1
2023,Campos-Chaves v. Garland,22-674,5th Circuit,Unknown,0,5-4,6,Kavanaugh,1
2023,Campos-Chaves v. Garland,22-674,5th Circuit,Unknown,0,5-4,6,Barrett,1
2023,Campos-Chaves v. Garland,22-674,5th Circuit,Unknown,0,5-4,6,Jackson,0
2023,Campos-Chaves v. Garland,22-674,5th Circuit,Unknown,0,5-4,6,Sotomayor,0
2023,Campos-Chaves v. Garland,22-674,5th Circuit,Unknown,0,5-4,6,Kagan,0
2023,Campos-Chaves v. Garland,22-674,5th Circuit,Unknown,0,5-4,6,Gorsuch,0
2023,Vidal v. Elster,22-704,Federal Circuit,Unknown,1,9-0,6,Thomas,1
2023,Vidal v. Elster,22-704,Federal Circuit,Unknown,1,9-0,6,Jr.,1
2023,Vidal v. Elster,22-704,Federal Circuit,Unknown,1,9-0,6,Gorsuch,1
2023,Vidal v. Elster,22-704,Federal Circuit,Unknown,1,9-0,6,Jr.,1
2023,Vidal v. Elster,22-704,Federal Circuit,Unknown,1,9-0,6,Kavanaugh,1
2023,Vidal v. Elster,22-704,Federal Circuit,Unknown,1,9-0,6,Barrett,1
2023,Vidal v. Elster,22-704,Federal Circuit,Unknown,1,9-0,6,Sotomayor,1
2023,Vidal v. Elster,22-704,Federal Circuit,Unknown,1,9-0,6,Kagan,1
2023,Vidal v. Elster,22-704,Federal Circuit,Unknown,1,9-0,6,Jackson,1
2023,"Muldrow v. City of St. Louis, Missouri",22-193,8th Circuit,Unknown,1,9-0,6,Kagan,1
2023,"Muldrow v. City of St. Louis, Missouri",22-193,8th Circuit,Unknown,1,9-0,6,Jr.,1
2023,"Muldrow v. City of St. Louis, Missouri",22-193,8th Circuit,Unknown,1,9-0,6,Thomas,1
2023,"Muldrow v. City of St. Louis, Missouri",22-193,8th Circuit,Unknown,1,9-0,6,Jr.,1
2023,"Muldrow v. City of St. Louis, Missouri",22-193,8th Circuit,Unknown,1,9-0,6,Sotomayor,1
2023,"Muldrow v. City of St. Louis, Missouri",22-193,8th Circuit,Unknown,1,9-0,6,Gorsuch,1
2023,"Muldrow v. City of St. Louis, Missouri",22-193,8th Circuit,Unknown,1,9-0,6,Kavanaugh,1
2023,"Muldrow v. City of St. Louis, Missouri",22-193,8th Circuit,Unknown,1,9-0,6,Barrett,1
2023,"Muldrow v. City of St. Louis, Missouri",22-193,8th Circuit,Unknown,1,9-0,6,Jackson,1
2023,Securities and Exchange Commission v. Jarkesy,22-859,5th Circuit,Unknown,0,6-3,6,Jr.,1
2023,Securities and Exchange Commission v. Jarkesy,22-859,5th Circuit,Unknown,0,6-3,6,Thomas,1
2023,Securities and Exchange Commission v. Jarkesy,22-859,5th Circuit,Unknown,0,6-3,6,Jr.,1
2023,Securities and Exchange Commission v. Jarkesy,22-859,5th Circuit,Unknown,0,6-3,6,Sotomayor,0
2023,Securities and Exchange Commission v. Jarkesy,22-859,5th Circuit,Unknown,0,6-3,6,Kagan,0
2023,Securities and Exchange Commission v. Jarkesy,22-859,5th Circuit,Unknown,0,6-3,6,Jackson,0
2023,Securities and Exchange Commission v. Jarkesy,22-859,5th Circuit,Unknown,0,6-3,6,Gorsuch,1
2023,Securities and Exchange Commission v. Jarkesy,22-859,5th Circuit,Unknown,0,6-3,6,Kavanaugh,1
2023,Securities and Exchange Commission v. Jarkesy,22-859,5th Circuit,Unknown,0,6-3,6,Barrett,1
2023,United States v. Rahimi,22-915,5th Circuit,Unknown,1,8-1,6,Jr.,1
2023,United States v. Rahimi,22-915,5th Circuit,Unknown,1,8-1,6,Thomas,0
2023,United States v. Rahimi,22-915,5th Circuit,Unknown,1,8-1,6,Jr.,1
2023,United States v. Rahimi,22-915,5th Circuit,Unknown,1,8-1,6,Sotomayor,1
2023,United States v. Rahimi,22-915,5th Circuit,Unknown,1,8-1,6,Kagan,1
2023,United States v. Rahimi,22-915,5th Circuit,Unknown,1,8-1,6,Gorsuch,1
2023,United States v. Rahimi,22-915,5th Circuit,Unknown,1,8-1,6,Kavanaugh,1
2023,United States v. Rahimi,22-915,5th Circuit,Unknown,1,8-1,6,Barrett,1
2023,United States v. Rahimi,22-915,5th Circuit,Unknown,1,8-1,6,Jackson,1
2023,Wilkinson v. Garland,22-666,3rd Circuit,Unknown,1,6-3,6,Sotomayor,1
2023,Wilkinson v. Garland,22-666,3rd Circuit,Unknown,1,6-3,6,Kagan,1
2023,Wilkinson v. Garland,22-666,3rd Circuit,Unknown,1,6-3,6,Gorsuch,1
2023,Wilkinson v. Garland,22-666,3rd Circuit,Unknown,1,6-3,6,Kavanaugh,1
2023,Wilkinson v. Garland,22-666,3rd Circuit,Unknown,1,6-3,6,Barrett,1
2023,Wilkinson v. Garland,22-666,3rd Circuit,Unknown,1,6-3,6,Jackson,1
2023,Wilkinson v. Garland,22-666,3rd Circuit,Unknown,1,6-3,6,Jr.,0
2023,Wilkinson v. Garland,22-666,3rd Circuit,Unknown,1,6-3,6,Jr.,0
2023,Wilkinson v. Garland,22-666,3rd Circuit,Unknown,1,6-3,6,Thomas,0
2023,McElrath v. Georgia,22-721,State Supreme Court,Unknown,1,9-0,6,Jackson,1
2023,McElrath v. Georgia,22-721,State Supreme Court,Unknown,1,9-0,6,Jr.,1
2023,McElrath v. Georgia,22-721,State Supreme Court,Unknown,1,9-0,6,Thomas,1
2023,McElrath v. Georgia,22-721,State Supreme Court,Unknown,1,9-0,6,Jr.,1
2023,McElrath v. Georgia,22-721,State Supreme Court,Unknown,1,9-0,6,Sotomayor,1
2023,McElrath v. Georgia,22-721,State Supreme Court,Unknown,1,9-0,6,Kagan,1
2023,McElrath v. Georgia,22-721,State Supreme Court,Unknown,1,9-0,6,Gorsuch,1
2023,McElrath v. Georgia,22-721,State Supreme Court,Unknown,1,9-0,6,Kavanaugh,1
2023,McElrath v. Georgia,22-721,State Supreme Court,Unknown,1,9-0,6,Barrett,1
2023,"Moody v. NetChoice, LLC",22-277,11th Circuit,Unknown,1,9-0,6,Kagan,1
2023,"Moody v. NetChoice, LLC",22-277,11th Circuit,Unknown,1,9-0,6,Jr.,1
2023,"Moody v. NetChoice, LLC",22-277,11th Circuit,Unknown,1,9-0,6,Sotomayor,1
2023,"Moody v. NetChoice, LLC",22-277,11th Circuit,Unknown,1,9-0,6,Kavanaugh,1
2023,"Moody v. NetChoice, LLC",22-277,11th Circuit,Unknown,1,9-0,6,Barrett,1
2023,"Moody v. NetChoice, LLC",22-277,11th Circuit,Unknown,1,9-0,6,Jackson,1
2023,"Moody v. NetChoice, LLC",22-277,11th Circuit,Unknown,1,9-0,6,Thomas,1
2023,"Moody v. NetChoice, LLC",22-277,11th Circuit,Unknown,1,9-0,6,Jr.,1
2023,"Moody v. NetChoice, LLC",22-277,11th Circuit,Unknown,1,9-0,6,Gorsuch,1
2023,"NetChoice, LLC v. Paxton",22-555,5th Circuit,Unknown,1,9-0,6,Kagan,1
2023,"NetChoice, LLC v. Paxton",22-555,5th Circuit,Unknown,1,9-0,6,Jr.,1
2023,"NetChoice, LLC v. Paxton",22-555,5th Circuit,Unknown,1,9-0,6,Sotomayor,1
2023,"NetChoice, LLC v. Paxton",22-555,5th Circuit,Unknown,1,9-0,6,Kavanaugh,1
2023,"NetChoice, LLC v. Paxton",22-555,5th Circuit,Unknown,1,9-0,6,Barrett,1
2023,"NetChoice, LLC v. Paxton",22-555,5th Circuit,Unknown,1,9-0,6,Jackson,1
2023,"NetChoice, LLC v. Paxton",22-555,5th Circuit,Unknown,1,9-0,6,Thomas,1
2023,"NetChoice, LLC v. Paxton",22-555,5th Circuit,Unknown,1,9-0,6,Jr.,1
2023,"NetChoice, LLC v. Paxton",22-555,5th Circuit,Unknown,1,9-0,6,Gorsuch,1
2023,Smith v. Arizona,22-899,Other,Unknown,1,9-0,6,Kagan,1
2023,Smith v. Arizona,22-899,Other,Unknown,1,9-0,6,Jr.,1
2023,Smith v. Arizona,22-899,Other,Unknown,1,9-0,6,Jr.,1
2023,Smith v. Arizona,22-899,Other,Unknown,1,9-0,6,Thomas,1
2023,Smith v. Arizona,22-899,Other,Unknown,1,9-0,6,Gorsuch,1
2023,Smith v. Arizona,22-899,Other,Unknown,1,9-0,6,Sotomayor,1
2023,Smith v. Arizona,22-899,Other,Unknown,1,9-0,6,Kavanaugh,1
2023,Smith v. Arizona,22-899,Other,Unknown,1,9-0,6,Barrett,1
2023,Smith v. Arizona,22-899,Other,Unknown,1,9-0,6,Jackson,1
2023,Devillier v. Texas,22-913,5th Circuit,Unknown,1,9-0,6,Thomas,1
2023,Devillier v. Texas,22-913,5th Circuit,Unknown,1,9-0,6,Jr.,1
2023,Devillier v. Texas,22-913,5th Circuit,Unknown,1,9-0,6,Jr.,1
2023,Devillier v. Texas,22-913,5th Circuit,Unknown,1,9-0,6,Sotomayor,1
2023,Devillier v. Texas,22-913,5th Circuit,Unknown,1,9-0,6,Kagan,1
2023,Devillier v. Texas,22-913,5th Circuit,Unknown,1,9-0,6,Gorsuch,1
2023,Devillier v. Texas,22-913,5th Circuit,Unknown,1,9-0,6,Kavanaugh,1
2023,Devillier v. Texas,22-913,5th Circuit,Unknown,1,9-0,6,Barrett,1
2023,Devillier v. Texas,22-913,5th Circuit,Unknown,1,9-0,6,Jackson,1
2023,"Corner Post, Inc. v. Board of Governors of the Federal Reserve System",22-1008,8th Circuit,Unknown,1,6-3,6,Barrett,1
2023,"Corner Post, Inc. v. Board of Governors of the Federal Reserve System",22-1008,8th Circuit,Unknown,1,6-3,6,Jr.,1
2023,"Corner Post, Inc. v. Board of Governors of the Federal Reserve System",22-1008,8th Circuit,Unknown,1,6-3,6,Thomas,1
2023,"Corner Post, Inc. v. Board of Governors of the Federal Reserve System",22-1008,8th Circuit,Unknown,1,6-3,6,Jr.,1
2023,"Corner Post, Inc. v. Board of Governors of the Federal Reserve System",22-1008,8th Circuit,Unknown,1,6-3,6,Gorsuch,1
2023,"Corner Post, Inc. v. Board of Governors of the Federal Reserve System",22-1008,8th Circuit,Unknown,1,6-3,6,Kavanaugh,1
2023,"Corner Post, Inc. v. Board of Governors of the Federal Reserve System",22-1008,8th Circuit,Unknown,1,6-3,6,Jackson,0
2023,"Corner Post, Inc. v. Board of Governors of the Federal Reserve System",22-1008,8th Circuit,Unknown,1,6-3,6,Sotomayor,0
2023,"Corner Post, Inc. v. Board of Governors of the Federal Reserve System",22-1008,8th Circuit,Unknown,1,6-3,6,Kagan,0
2023,"Sheetz v. County of El Dorado, California",22-1074,Other,Unknown,1,9-0,6,Barrett,1
2023,"Sheetz v. County of El Dorado, California",22-1074,Other,Unknown,1,9-0,6,Jr.,1
2023,"Sheetz v. County of El Dorado, California",22-1074,Other,Unknown,1,9-0,6,Thomas,1
2023,"Sheetz v. County of El Dorado, California",22-1074,Other,Unknown,1,9-0,6,Jr.,1
2023,"Sheetz v. County of El Dorado, California",22-1074,Other,Unknown,1,9-0,6,Sotomayor,1
2023,"Sheetz v. County of El Dorado, California",22-1074,Other,Unknown,1,9-0,6,Kagan,1
2023,"Sheetz v. County of El Dorado, California",22-1074,Other,Unknown,1,9-0,6,Gorsuch,1
2023,"Sheetz v. County of El Dorado, California",22-1074,Other,Unknown,1,9-0,6,Kavanaugh,1
2023,"Sheetz v. County of El Dorado, California",22-1074,Other,Unknown,1,9-0,6,Jackson,1
2023,"Warner Chappell Music, Inc. v. Nealy",22-1078,11th Circuit,Unknown,0,6-3,6,Kagan,1
2023,"Warner Chappell Music, Inc. v. Nealy",22-1078,11th Circuit,Unknown,0,6-3,6,Jr.,1
2023,"Warner Chappell Music, Inc. v. Nealy",22-1078,11th Circuit,Unknown,0,6-3,6,Thomas,0
2023,"Warner Chappell Music, Inc. v. Nealy",22-1078,11th Circuit,Unknown,0,6-3,6,Jr.,0
2023,"Warner Chappell Music, Inc. v. Nealy",22-1078,11th Circuit,Unknown,0,6-3,6,Sotomayor,1
2023,"Warner Chappell Music, Inc. v. Nealy",22-1078,11th Circuit,Unknown,0,6-3,6,Gorsuch,0
2023,"Warner Chappell Music, Inc. v. Nealy",22-1078,11th Circuit,Unknown,0,6-3,6,Kavanaugh,1
2023,"Warner Chappell Music, Inc. v. Nealy",22-1078,11th Circuit,Unknown,0,6-3,6,Barrett,1
2023,"Warner Chappell Music, Inc. v. Nealy",22-1078,11th Circuit,Unknown,0,6-3,6,Jackson,1
2023,"Macquarie Infrastructure Corp. v. Moab Partners, L.P.",22-1165,2nd Circuit,Unknown,1,9-0,6,Sotomayor,1
2023,"Macquarie Infrastructure Corp. v. Moab Partners, L.P.",22-1165,2nd Circuit,Unknown,1,9-0,6,Jr.,1
2023,"Macquarie Infrastructure Corp. v. Moab Partners, L.P.",22-1165,2nd Circuit,Unknown,1,9-0,6,Thomas,1
2023,"Macquarie Infrastructure Corp. v. Moab Partners, L.P.",22-1165,2nd Circuit,Unknown,1,9-0,6,Jr.,1
2023,"Macquarie Infrastructure Corp. v. Moab Partners, L.P.",22-1165,2nd Circuit,Unknown,1,9-0,6,Kagan,1
2023,"Macquarie Infrastructure Corp. v. Moab Partners, L.P.",22-1165,2nd Circuit,Unknown,1,9-0,6,Gorsuch,1
2023,"Macquarie Infrastructure Corp. v. Moab Partners, L.P.",22-1165,2nd Circuit,Unknown,1,9-0,6,Kavanaugh,1
2023,"Macquarie Infrastructure Corp. v. Moab Partners, L.P.",22-1165,2nd Circuit,Unknown,1,9-0,6,Barrett,1
2023,"Macquarie Infrastructure Corp. v. Moab Partners, L.P.",22-1165,2nd Circuit,Unknown,1,9-0,6,Jackson,1
2023,Federal Bureau of Investigation v. Fikre,22-1178,9th Circuit,Unknown,0,9-0,6,Gorsuch,1
2023,Federal Bureau of Investigation v. Fikre,22-1178,9th Circuit,Unknown,0,9-0,6,Jr.,1
2023,Federal Bureau of Investigation v. Fikre,22-1178,9th Circuit,Unknown,0,9-0,6,Thomas,1
2023,Federal Bureau of Investigation v. Fikre,22-1178,9th Circuit,Unknown,0,9-0,6,Jr.,1
2023,Federal Bureau of Investigation v. Fikre,22-1178,9th Circuit,Unknown,0,9-0,6,Sotomayor,1
2023,Federal Bureau of Investigation v. Fikre,22-1178,9th Circuit,Unknown,0,9-0,6,Kagan,1
2023,Federal Bureau of Investigation v. Fikre,22-1178,9th Circuit,Unknown,0,9-0,6,Kavanaugh,1
2023,Federal Bureau of Investigation v. Fikre,22-1178,9th Circuit,Unknown,0,9-0,6,Barrett,1
2023,Federal Bureau of Investigation v. Fikre,22-1178,9th Circuit,Unknown,0,9-0,6,Jackson,1
2023,"Office of the United States Trustee v. John Q. Hammons Fall 2006, LLC",22-1238,10th Circuit,Unknown,1,6-3,6,Jackson,1
2023,"Office of the United States Trustee v. John Q. Hammons Fall 2006, LLC",22-1238,10th Circuit,Unknown,1,6-3,6,Jr.,1
2023,"Office of the United States Trustee v. John Q. Hammons Fall 2006, LLC",22-1238,10th Circuit,Unknown,1,6-3,6,Thomas,0
2023,"Office of the United States Trustee v. John Q. Hammons Fall 2006, LLC",22-1238,10th Circuit,Unknown,1,6-3,6,Jr.,1
2023,"Office of the United States Trustee v. John Q. Hammons Fall 2006, LLC",22-1238,10th Circuit,Unknown,1,6-3,6,Sotomayor,1
2023,"Office of the United States Trustee v. John Q. Hammons Fall 2006, LLC",22-1238,10th Circuit,Unknown,1,6-3,6,Kagan,1
2023,"Office of the United States Trustee v. John Q. Hammons Fall 2006, LLC",22-1238,10th Circuit,Unknown,1,6-3,6,Gorsuch,0
2023,"Office of the United States Trustee v. John Q. Hammons Fall 2006, LLC",22-1238,10th Circuit,Unknown,1,6-3,6,Kavanaugh,1
2023,"Office of the United States Trustee v. John Q. Hammons Fall 2006, LLC",22-1238,10th Circuit,Unknown,1,6-3,6,Barrett,0
2023,McIntosh v. United States,22-7386,2nd Circuit,Unknown,0,9-0,6,Sotomayor,1
2023,McIntosh v. United States,22-7386,2nd Circuit,Unknown,0,9-0,6,Jr.,1
2023,McIntosh v. United States,22-7386,2nd Circuit,Unknown,0,9-0,6,Thomas,1
2023,McIntosh v. United States,22-7386,2nd Circuit,Unknown,0,9-0,6,Jr.,1
2023,McIntosh v. United States,22-7386,2nd Circuit,Unknown,0,9-0,6,Kagan,1
2023,McIntosh v. United States,22-7386,2nd Circuit,Unknown,0,9-0,6,Gorsuch,1
2023,McIntosh v. United States,22-7386,2nd Circuit,Unknown,0,9-0,6,Kavanaugh,1
2023,McIntosh v. United States,22-7386,2nd Circuit,Unknown,0,9-0,6,Barrett,1
2023,McIntosh v. United States,22-7386,2nd Circuit,Unknown,0,9-0,6,Jackson,1
2023,"Bissonnette v. LePage Bakeries Park St., LLC",23-51,2nd Circuit,Unknown,1,9-0,6,Jr.,1
2023,"Bissonnette v. LePage Bakeries Park St., LLC",23-51,2nd Circuit,Unknown,1,9-0,6,Thomas,1
2023,"Bissonnette v. LePage Bakeries Park St., LLC",23-51,2nd Circuit,Unknown,1,9-0,6,Jr.,1
2023,"Bissonnette v. LePage Bakeries Park St., LLC",23-51,2nd Circuit,Unknown,1,9-0,6,Sotomayor,1
2023,"Bissonnette v. LePage Bakeries Park St., LLC",23-51,2nd Circuit,Unknown,1,9-0,6,Kagan,1
2023,"Bissonnette v. LePage Bakeries Park St., LLC",23-51,2nd Circuit,Unknown,1,9-0,6,Gorsuch,1
2023,"Bissonnette v. LePage Bakeries Park St., LLC",23-51,2nd Circuit,Unknown,1,9-0,6,Kavanaugh,1
2023,"Bissonnette v. LePage Bakeries Park St., LLC",23-51,2nd Circuit,Unknown,1,9-0,6,Barrett,1
2023,"Bissonnette v. LePage Bakeries Park St., LLC",23-51,2nd Circuit,Unknown,1,9-0,6,Jackson,1
2023,Harrington v. Purdue Pharma L.P.,23-124,2nd Circuit,Unknown,1,5-4,6,Gorsuch,1
2023,Harrington v. Purdue Pharma L.P.,23-124,2nd Circuit,Unknown,1,5-4,6,Kavanaugh,0
2023,Harrington v. Purdue Pharma L.P.,23-124,2nd Circuit,Unknown,1,5-4,6,Jr.,0
2023,Harrington v. Purdue Pharma L.P.,23-124,2nd Circuit,Unknown,1,5-4,6,Sotomayor,0
2023,Harrington v. Purdue Pharma L.P.,23-124,2nd Circuit,Unknown,1,5-4,6,Kagan,0
2023,Harrington v. Purdue Pharma L.P.,23-124,2nd Circuit,Unknown,1,5-4,6,Thomas,1
2023,Harrington v. Purdue Pharma L.P.,23-124,2nd Circuit,Unknown,1,5-4,6,Jr.,1
2023,Harrington v. Purdue Pharma L.P.,23-124,2nd Circuit,Unknown,1,5-4,6,Barrett,1
2023,Harrington v. Purdue Pharma L.P.,23-124,2nd Circuit,Unknown,1,5-4,6,Jackson,1
2023,"Cantero v. Bank of America, N.A.",22-529,2nd Circuit,Unknown,1,9-0,6,Kavanaugh,1
2023,"Cantero v. Bank of America, N.A.",22-529,2nd Circuit,Unknown,1,9-0,6,Jr.,1
2023,"Cantero v. Bank of America, N.A.",22-529,2nd Circuit,Unknown,1,9-0,6,Thomas,1
2023,"Cantero v. Bank of America, N.A.",22-529,2nd Circuit,Unknown,1,9-0,6,Jr.,1
2023,"Cantero v. Bank of America, N.A.",22-529,2nd Circuit,Unknown,1,9-0,6,Sotomayor,1
2023,"Cantero v. Bank of America, N.A.",22-529,2nd Circuit,Unknown,1,9-0,6,Kagan,1
2023,"Cantero v. Bank of America, N.A.",22-529,2nd Circuit,Unknown,1,9-0,6,Gorsuch,1
2023,"Cantero v. Bank of America, N.A.",22-529,2nd Circuit,Unknown,1,9-0,6,Barrett,1
2023,"Cantero v. Bank of America, N.A.",22-529,2nd Circuit,Unknown,1,9-0,6,Jackson,1
2023,Gonzalez v. Trevino,22-1025,5th Circuit,Unknown,1,8-1,6,Jr.,1
2023,Gonzalez v. Trevino,22-1025,5th Circuit,Unknown,1,8-1,6,Thomas,0
2023,Gonzalez v. Trevino,22-1025,5th Circuit,Unknown,1,8-1,6,Jr.,1
2023,Gonzalez v. Trevino,22-1025,5th Circuit,Unknown,1,8-1,6,Sotomayor,1
2023,Gonzalez v. Trevino,22-1025,5th Circuit,Unknown,1,8-1,6,Kagan,1
2023,Gonzalez v. Trevino,22-1025,5th Circuit,Unknown,1,8-1,6,Gorsuch,1
2023,Gonzalez v. Trevino,22-1025,5th Circuit,Unknown,1,8-1,6,Kavanaugh,1
2023,Gonzalez v. Trevino,22-1025,5th Circuit,Unknown,1,8-1,6,Barrett,1
2023,Gonzalez v. Trevino,22-1025,5th Circuit,Unknown,1,8-1,6,Jackson,1
2023,"Truck Insurance Exchange v. Kaiser Gypsum Company, Inc.",22-1079,4th Circuit,Unknown,1,8-1,6,Sotomayor,1
2023,"Truck Insurance Exchange v. Kaiser Gypsum Company, Inc.",22-1079,4th Circuit,Unknown,1,8-1,6,Jr.,1
2023,"Truck Insurance Exchange v. Kaiser Gypsum Company, Inc.",22-1079,4th Circuit,Unknown,1,8-1,6,Thomas,1
2023,"Truck Insurance Exchange v. Kaiser Gypsum Company, Inc.",22-1079,4th Circuit,Unknown,1,8-1,6,Kagan,1
2023,"Truck Insurance Exchange v. Kaiser Gypsum Company, Inc.",22-1079,4th Circuit,Unknown,1,8-1,6,Jr.,0
2023,"Truck Insurance Exchange v. Kaiser Gypsum Company, Inc.",22-1079,4th Circuit,Unknown,1,8-1,6,Gorsuch,1
2023,"Truck Insurance Exchange v. Kaiser Gypsum Company, Inc.",22-1079,4th Circuit,Unknown,1,8-1,6,Kavanaugh,1
2023,"Truck Insurance Exchange v. Kaiser Gypsum Company, Inc.",22-1079,4th Circuit,Unknown,1,8-1,6,Barrett,1
2023,"Truck Insurance Exchange v. Kaiser Gypsum Company, Inc.",22-1079,4th Circuit,Unknown,1,8-1,6,Jackson,1
2023,"Relentless, Inc. v. Department of Commerce",22-1219,1st Circuit,Unknown,1,6-3,6,Jr.,1
2023,"Relentless, Inc. v. Department of Commerce",22-1219,1st Circuit,Unknown,1,6-3,6,Thomas,1
2023,"Relentless, Inc. v. Department of Commerce",22-1219,1st Circuit,Unknown,1,6-3,6,Jr.,1
2023,"Relentless, Inc. v. Department of Commerce",22-1219,1st Circuit,Unknown,1,6-3,6,Sotomayor,0
2023,"Relentless, Inc. v. Department of Commerce",22-1219,1st Circuit,Unknown,1,6-3,6,Kagan,0
2023,"Relentless, Inc. v. Department of Commerce",22-1219,1st Circuit,Unknown,1,6-3,6,Gorsuch,1
2023,"Relentless, Inc. v. Department of Commerce",22-1219,1st Circuit,Unknown,1,6-3,6,Kavanaugh,1
2023,"Relentless, Inc. v. Department of Commerce",22-1219,1st Circuit,Unknown,1,6-3,6,Barrett,1
2023,"Relentless, Inc. v. Department of Commerce",22-1219,1st Circuit,Unknown,1,6-3,6,Jackson,0
2023,Murthy v. Missouri,23-411,5th Circuit,Unknown,1,6-3,6,Barrett,1
2023,Murthy v. Missouri,23-411,5th Circuit,Unknown,1,6-3,6,Jr.,1
2023,Murthy v. Missouri,23-411,5th Circuit,Unknown,1,6-3,6,Thomas,0
2023,Murthy v. Missouri,23-411,5th Circuit,Unknown,1,6-3,6,Jr.,0
2023,Murthy v. Missouri,23-411,5th Circuit,Unknown,1,6-3,6,Sotomayor,1
2023,Murthy v. Missouri,23-411,5th Circuit,Unknown,1,6-3,6,Kagan,1
2023,Murthy v. Missouri,23-411,5th Circuit,Unknown,1,6-3,6,Gorsuch,0
2023,Murthy v. Missouri,23-411,5th Circuit,Unknown,1,6-3,6,Kavanaugh,1
2023,Murthy v. Missouri,23-411,5th Circuit,Unknown,1,6-3,6,Jackson,1
2023,Garland v. Cargill,22-976,5th Circuit,Unknown,0,6-3,6,Thomas,1
2023,Garland v. Cargill,22-976,5th Circuit,Unknown,0,6-3,6,Jr.,1
2023,Garland v. Cargill,22-976,5th Circuit,Unknown,0,6-3,6,Jr.,1
2023,Garland v. Cargill,22-976,5th Circuit,Unknown,0,6-3,6,Sotomayor,0
2023,Garland v. Cargill,22-976,5th Circuit,Unknown,0,6-3,6,Kagan,0
2023,Garland v. Cargill,22-976,5th Circuit,Unknown,0,6-3,6,Gorsuch,1
2023,Garland v. Cargill,22-976,5th Circuit,Unknown,0,6-3,6,Kavanaugh,1
2023,Garland v. Cargill,22-976,5th Circuit,Unknown,0,6-3,6,Barrett,1
2023,Garland v. Cargill,22-976,5th Circuit,Unknown,0,6-3,6,Jackson,0
2023,"Coinbase, Inc. v. Suski",23-3,9th Circuit,Unknown,0,9-0,6,Jackson,1
2023,"Coinbase, Inc. v. Suski",23-3,9th Circuit,Unknown,0,9-0,6,Jr.,1
2023,"Coinbase, Inc. v. Suski",23-3,9th Circuit,Unknown,0,9-0,6,Thomas,1
2023,"Coinbase, Inc. v. Suski",23-3,9th Circuit,Unknown,0,9-0,6,Jr.,1
2023,"Coinbase, Inc. v. Suski",23-3,9th Circuit,Unknown,0,9-0,6,Sotomayor,1
2023,"Coinbase, Inc. v. Suski",23-3,9th Circuit,Unknown,0,9-0,6,Kagan,1
2023,"Coinbase, Inc. v. Suski",23-3,9th Circuit,Unknown,0,9-0,6,Gorsuch,1
2023,"Coinbase, Inc. v. Suski",23-3,9th Circuit,Unknown,0,9-0,6,Kavanaugh,1
2023,"Coinbase, Inc. v. Suski",23-3,9th Circuit,Unknown,0,9-0,6,Barrett,1
2023,Becerra v. San Carlos Apache Tribe,23-250,9th Circuit,Unknown,0,5-4,6,Jr.,1
2023,Becerra v. San Carlos Apache Tribe,23-250,9th Circuit,Unknown,0,5-4,6,Sotomayor,1
2023,Becerra v. San Carlos Apache Tribe,23-250,9th Circuit,Unknown,0,5-4,6,Kagan,1
2023,Becerra v. San Carlos Apache Tribe,23-250,9th Circuit,Unknown,0,5-4,6,Gorsuch,1
2023,Becerra v. San Carlos Apache Tribe,23-250,9th Circuit,Unknown,0,5-4,6,Jackson,1
2023,Becerra v. San Carlos Apache Tribe,23-250,9th Circuit,Unknown,0,5-4,6,Kavanaugh,0
2023,Becerra v. San Carlos Apache Tribe,23-250,9th Circuit,Unknown,0,5-4,6,Thomas,0
2023,Becerra v. San Carlos Apache Tribe,23-250,9th Circuit,Unknown,0,5-4,6,Jr.,0
2023,Becerra v. San Carlos Apache Tribe,23-250,9th Circuit,Unknown,0,5-4,6,Barrett,0
2023,Erlinger v. United States,23-370,7th Circuit,Unknown,1,6-3,6,Gorsuch,1
2023,Erlinger v. United States,23-370,7th Circuit,Unknown,1,6-3,6,Jr.,1
2023,Erlinger v. United States,23-370,7th Circuit,Unknown,1,6-3,6,Thomas,1
2023,Erlinger v. United States,23-370,7th Circuit,Unknown,1,6-3,6,Jr.,0
2023,Erlinger v. United States,23-370,7th Circuit,Unknown,1,6-3,6,Sotomayor,1
2023,Erlinger v. United States,23-370,7th Circuit,Unknown,1,6-3,6,Kagan,1
2023,Erlinger v. United States,23-370,7th Circuit,Unknown,1,6-3,6,Kavanaugh,0
2023,Erlinger v. United States,23-370,7th Circuit,Unknown,1,6-3,6,Barrett,1
2023,Erlinger v. United States,23-370,7th Circuit,Unknown,1,6-3,6,Jackson,0
2023,Diaz v. United States,23-14,9th Circuit,Unknown,0,6-3,6,Thomas,1
2023,Diaz v. United States,23-14,9th Circuit,Unknown,0,6-3,6,Jr.,1
2023,Diaz v. United States,23-14,9th Circuit,Unknown,0,6-3,6,Jr.,1
2023,Diaz v. United States,23-14,9th Circuit,Unknown,0,6-3,6,Sotomayor,0
2023,Diaz v. United States,23-14,9th Circuit,Unknown,0,6-3,6,Kagan,0
2023,Diaz v. United States,23-14,9th Circuit,Unknown,0,6-3,6,Gorsuch,0
2023,Diaz v. United States,23-14,9th Circuit,Unknown,0,6-3,6,Kavanaugh,1
2023,Diaz v. United States,23-14,9th Circuit,Unknown,0,6-3,6,Barrett,1
2023,Diaz v. United States,23-14,9th Circuit,Unknown,0,6-3,6,Jackson,1
2023,Thornell v. Jones,22-982,9th Circuit,Unknown,1,6-3,6,Jr.,1
2023,Thornell v. Jones,22-982,9th Circuit,Unknown,1,6-3,6,Jr.,1
2023,Thornell v. Jones,22-982,9th Circuit,Unknown,1,6-3,6,Thomas,1
2023,Thornell v. Jones,22-982,9th Circuit,Unknown,1,6-3,6,Sotomayor,0
2023,Thornell v. Jones,22-982,9th Circuit,Unknown,1,6-3,6,Kagan,0
2023,Thornell v. Jones,22-982,9th Circuit,Unknown,1,6-3,6,Barrett,1
2023,Thornell v. Jones,22-982,9th Circuit,Unknown,1,6-3,6,Gorsuch,1
2023,Thornell v. Jones,22-982,9th Circuit,Unknown,1,6-3,6,Kavanaugh,1
2023,Thornell v. Jones,22-982,9th Circuit,Unknown,1,6-3,6,Jackson,0
2023,"Chiaverini v. City of Napoleon, Ohio",23-50,6th Circuit,Unknown,1,6-3,6,Kagan,1
2023,"Chiaverini v. City of Napoleon, Ohio",23-50,6th Circuit,Unknown,1,6-3,6,Jr.,1
2023,"Chiaverini v. City of Napoleon, Ohio",23-50,6th Circuit,Unknown,1,6-3,6,Thomas,0
2023,"Chiaverini v. City of Napoleon, Ohio",23-50,6th Circuit,Unknown,1,6-3,6,Jr.,0
2023,"Chiaverini v. City of Napoleon, Ohio",23-50,6th Circuit,Unknown,1,6-3,6,Gorsuch,0
2023,"Chiaverini v. City of Napoleon, Ohio",23-50,6th Circuit,Unknown,1,6-3,6,Sotomayor,1
2023,"Chiaverini v. City of Napoleon, Ohio",23-50,6th Circuit,Unknown,1,6-3,6,Kavanaugh,1
2023,"Chiaverini v. City of Napoleon, Ohio",23-50,6th Circuit,Unknown,1,6-3,6,Barrett,1
2023,"Chiaverini v. City of Napoleon, Ohio",23-50,6th Circuit,Unknown,1,6-3,6,Jackson,1
2023,Snyder v. United States,23-108 ,7th Circuit,Unknown,1,6-3,6,Kavanaugh,1
2023,Snyder v. United States,23-108 ,7th Circuit,Unknown,1,6-3,6,Jr.,1
2023,Snyder v. United States,23-108 ,7th Circuit,Unknown,1,6-3,6,Thomas,1
2023,Snyder v. United States,23-108 ,7th Circuit,Unknown,1,6-3,6,Sotomayor,0
2023,Snyder v. United States,23-108 ,7th Circuit,Unknown,1,6-3,6,Kagan,0
2023,Snyder v. United States,23-108 ,7th Circuit,Unknown,1,6-3,6,Gorsuch,1
2023,Snyder v. United States,23-108 ,7th Circuit,Unknown,1,6-3,6,Barrett,1
2023,Snyder v. United States,23-108 ,7th Circuit,Unknown,1,6-3,6,Jackson,0
2023,Snyder v. United States,23-108 ,7th Circuit,Unknown,1,6-3,6,Jr.,1
2023,Connelly v. United States,23-146 ,8th Circuit,Unknown,0,9-0,6,Thomas,1
2023,Connelly v. United States,23-146 ,8th Circuit,Unknown,0,9-0,6,Jr.,1
2023,Connelly v. United States,23-146 ,8th Circuit,Unknown,0,9-0,6,Jr.,1
2023,Connelly v. United States,23-146 ,8th Circuit,Unknown,0,9-0,6,Sotomayor,1
2023,Connelly v. United States,23-146 ,8th Circuit,Unknown,0,9-0,6,Kagan,1
2023,Connelly v. United States,23-146 ,8th Circuit,Unknown,0,9-0,6,Gorsuch,1
2023,Connelly v. United States,23-146 ,8th Circuit,Unknown,0,9-0,6,Kavanaugh,1
2023,Connelly v. United States,23-146 ,8th Circuit,Unknown,0,9-0,6,Barrett,1
2023,Connelly v. United States,23-146 ,8th Circuit,Unknown,0,9-0,6,Jackson,1
2023,Fischer v. United States,23-5572 ,Other,Unknown,1,6-3,6,Jr.,1
2023,Fischer v. United States,23-5572 ,Other,Unknown,1,6-3,6,Thomas,1
2023,Fischer v. United States,23-5572 ,Other,Unknown,1,6-3,6,Jr.,1
2023,Fischer v. United States,23-5572 ,Other,Unknown,1,6-3,6,Barrett,0
2023,Fischer v. United States,23-5572 ,Other,Unknown,1,6-3,6,Sotomayor,0
2023,Fischer v. United States,23-5572 ,Other,Unknown,1,6-3,6,Kagan,0
2023,Fischer v. United States,23-5572 ,Other,Unknown,1,6-3,6,Jackson,1
2023,Fischer v. United States,23-5572 ,Other,Unknown,1,6-3,6,Gorsuch,1
2023,Fischer v. United States,23-5572 ,Other,Unknown,1,6-3,6,Kavanaugh,1
2023,Harrow v. Department of Defense,23-21,Federal Circuit,Unknown,1,9-0,6,Kagan,1
2023,Harrow v. Department of Defense,23-21,Federal Circuit,Unknown,1,9-0,6,Jr.,1
2023,Harrow v. Department of Defense,23-21,Federal Circuit,Unknown,1,9-0,6,Thomas,1
2023,Harrow v. Department of Defense,23-21,Federal Circuit,Unknown,1,9-0,6,Jr.,1
2023,Harrow v. Department of Defense,23-21,Federal Circuit,Unknown,1,9-0,6,Sotomayor,1
2023,Harrow v. Department of Defense,23-21,Federal Circuit,Unknown,1,9-0,6,Gorsuch,1
2023,Harrow v. Department of Defense,23-21,Federal Circuit,Unknown,1,9-0,6,Kavanaugh,1
2023,Harrow v. Department of Defense,23-21,Federal Circuit,Unknown,1,9-0,6,Barrett,1
2023,Harrow v. Department of Defense,23-21,Federal Circuit,Unknown,1,9-0,6,Jackson,1
2023,Trump v. Anderson,23-719,Other,Unknown,1,9-0,6,Jr.,1
2023,Trump v. Anderson,23-719,Other,Unknown,1,9-0,6,Thomas,1
2023,Trump v. Anderson,23-719,Other,Unknown,1,9-0,6,Jr.,1
2023,Trump v. Anderson,23-719,Other,Unknown,1,9-0,6,Sotomayor,1
2023,Trump v. Anderson,23-719,Other,Unknown,1,9-0,6,Kagan,1
2023,Trump v. Anderson,23-719,Other,Unknown,1,9-0,6,Gorsuch,1
2023,Trump v. Anderson,23-719,Other,Unknown,1,9-0,6,Kavanaugh,1
2023,Trump v. Anderson,23-719,Other,Unknown,1,9-0,6,Barrett,1
2023,Trump v. Anderson,23-719,Other,Unknown,1,9-0,6,Jackson,1
2023,Smith v. Spizzirri,22-1218,9th Circuit,Unknown,1,9-0,6,Sotomayor,1
2023,Smith v. Spizzirri,22-1218,9th Circuit,Unknown,1,9-0,6,Jr.,1
2023,Smith v. Spizzirri,22-1218,9th Circuit,Unknown,1,9-0,6,Thomas,1
2023,Smith v. Spizzirri,22-1218,9th Circuit,Unknown,1,9-0,6,Jr.,1
2023,Smith v. Spizzirri,22-1218,9th Circuit,Unknown,1,9-0,6,Kagan,1
2023,Smith v. Spizzirri,22-1218,9th Circuit,Unknown,1,9-0,6,Gorsuch,1
2023,Smith v. Spizzirri,22-1218,9th Circuit,Unknown,1,9-0,6,Kavanaugh,1
2023,Smith v. Spizzirri,22-1218,9th Circuit,Unknown,1,9-0,6,Barrett,1
2023,Smith v. Spizzirri,22-1218,9th Circuit,Unknown,1,9-0,6,Jackson,1
2023,City of Grants Pass v. Johnson,23-175,9th Circuit,Unknown,1,6-3,6,Gorsuch,1
2023,City of Grants Pass v. Johnson,23-175,9th Circuit,Unknown,1,6-3,6,Jr.,1
2023,City of Grants Pass v. Johnson,23-175,9th Circuit,Unknown,1,6-3,6,Thomas,1
2023,City of Grants Pass v. Johnson,23-175,9th Circuit,Unknown,1,6-3,6,Jr.,1
2023,City of Grants Pass v. Johnson,23-175,9th Circuit,Unknown,1,6-3,6,Sotomayor,0
2023,City of Grants Pass v. Johnson,23-175,9th Circuit,Unknown,1,6-3,6,Kagan,0
2023,City of Grants Pass v. Johnson,23-175,9th Circuit,Unknown,1,6-3,6,Jackson,0
2023,City of Grants Pass v. Johnson,23-175,9th Circuit,Unknown,1,6-3,6,Kavanaugh,1
2023,City of Grants Pass v. Johnson,23-175,9th Circuit,Unknown,1,6-3,6,Barrett,1
2023,Department of State v. Munoz,23-334 ,9th Circuit,Unknown,1,6-3,6,Barrett,1
2023,Department of State v. Munoz,23-334 ,9th Circuit,Unknown,1,6-3,6,Jr.,1
2023,Department of State v. Munoz,23-334 ,9th Circuit,Unknown,1,6-3,6,Thomas,1
2023,Department of State v. Munoz,23-334 ,9th Circuit,Unknown,1,6-3,6,Jr.,1
2023,Department of State v. Munoz,23-334 ,9th Circuit,Unknown,1,6-3,6,Sotomayor,0
2023,Department of State v. Munoz,23-334 ,9th Circuit,Unknown,1,6-3,6,Kagan,0
2023,Department of State v. Munoz,23-334 ,9th Circuit,Unknown,1,6-3,6,Kavanaugh,1
2023,Department of State v. Munoz,23-334 ,9th Circuit,Unknown,1,6-3,6,Gorsuch,1
2023,Department of State v. Munoz,23-334 ,9th Circuit,Unknown,1,6-3,6,Jackson,0
2023,Starbucks Corporation v. McKinney,23-367,6th Circuit,Unknown,1,9-0,6,Thomas,1
2023,Starbucks Corporation v. McKinney,23-367,6th Circuit,Unknown,1,9-0,6,Jr.,1
2023,Starbucks Corporation v. McKinney,23-367,6th Circuit,Unknown,1,9-0,6,Jr.,1
2023,Starbucks Corporation v. McKinney,23-367,6th Circuit,Unknown,1,9-0,6,Sotomayor,1
2023,Starbucks Corporation v. McKinney,23-367,6th Circuit,Unknown,1,9-0,6,Kagan,1
2023,Starbucks Corporation v. McKinney,23-367,6th Circuit,Unknown,1,9-0,6,Gorsuch,1
2023,Starbucks Corporation v. McKinney,23-367,6th Circuit,Unknown,1,9-0,6,Kavanaugh,1
2023,Starbucks Corporation v. McKinney,23-367,6th Circuit,Unknown,1,9-0,6,Barrett,1
2023,Starbucks Corporation v. McKinney,23-367,6th Circuit,Unknown,1,9-0,6,Jackson,1
2023,Ohio v. Environmental Protection Agency,23A349,Other,Unknown,1,5-4,6,Gorsuch,1
2023,Ohio v. Environmental Protection Agency,23A349,Other,Unknown,1,5-4,6,Jr.,1
2023,Ohio v. Environmental Protection Agency,23A349,Other,Unknown,1,5-4,6,Thomas,1
2023,Ohio v. Environmental Protection Agency,23A349,Other,Unknown,1,5-4,6,Jr.,1
2023,Ohio v. Environmental Protection Agency,23A349,Other,Unknown,1,5-4,6,Sotomayor,0
2023,Ohio v. Environmental Protection Agency,23A349,Other,Unknown,1,5-4,6,Kagan,0
2023,Ohio v. Environmental Protection Agency,23A349,Other,Unknown,1,5-4,6,Kavanaugh,1
2023,Ohio v. Environmental Protection Agency,23A349,Other,Unknown,1,5-4,6,Barrett,0
2023,Ohio v. Environmental Protection Agency,23A349,Other,Unknown,1,5-4,6,Jackson,0
2023,Trump v. United States,23-939,Other,Unknown,1,6-3,6,Jr.,1
2023,Trump v. United States,23-939,Other,Unknown,1,6-3,6,Thomas,1
2023,Trump v. United States,23-939,Other,Unknown,1,6-3,6,Jr.,1
2023,Trump v. United States,23-939,Other,Unknown,1,6-3,6,Sotomayor,0
2023,Trump v. United States,23-939,Other,Unknown,1,6-3,6,Kagan,0
2023,Trump v. United States,23-939,Other,Unknown,1,6-3,6,Jackson,0
2023,Trump v. United States,23-939,Other,Unknown,1,6-3,6,Gorsuch,1
2023,Trump v. United States,23-939,Other,Unknown,1,6-3,6,Kavanaugh,1
2023,Trump v. United States,23-939,Other,Unknown,1,6-3,6,Barrett,1
2022,Sackett v. Environmental Protection Agency,21-454,9th Circuit,Unknown,1,5-4,6,Jr.,1
2022,Sackett v. Environmental Protection Agency,21-454,9th Circuit,Unknown,1,5-4,6,Jr.,1
2022,Sackett v. Environmental Protection Agency,21-454,9th Circuit,Unknown,1,5-4,6,Thomas,1
2022,Sackett v. Environmental Protection Agency,21-454,9th Circuit,Unknown,1,5-4,6,Sotomayor,0
2022,Sackett v. Environmental Protection Agency,21-454,9th Circuit,Unknown,1,5-4,6,Kagan,0
2022,Sackett v. Environmental Protection Agency,21-454,9th Circuit,Unknown,1,5-4,6,Gorsuch,1
2022,Sackett v. Environmental Protection Agency,21-454,9th Circuit,Unknown,1,5-4,6,Kavanaugh,0
2022,Sackett v. Environmental Protection Agency,21-454,9th Circuit,Unknown,1,5-4,6,Barrett,1
2022,Sackett v. Environmental Protection Agency,21-454,9th Circuit,Unknown,1,5-4,6,Jackson,0
2022,303 Creative LLC v. Elenis,21-476,10th Circuit,Unknown,1,6-3,6,Gorsuch,1
2022,303 Creative LLC v. Elenis,21-476,10th Circuit,Unknown,1,6-3,6,Jr.,1
2022,303 Creative LLC v. Elenis,21-476,10th Circuit,Unknown,1,6-3,6,Thomas,1
2022,303 Creative LLC v. Elenis,21-476,10th Circuit,Unknown,1,6-3,6,Jr.,1
2022,303 Creative LLC v. Elenis,21-476,10th Circuit,Unknown,1,6-3,6,Kavanaugh,1
2022,303 Creative LLC v. Elenis,21-476,10th Circuit,Unknown,1,6-3,6,Barrett,1
2022,303 Creative LLC v. Elenis,21-476,10th Circuit,Unknown,1,6-3,6,Sotomayor,0
2022,303 Creative LLC v. Elenis,21-476,10th Circuit,Unknown,1,6-3,6,Kagan,0
2022,303 Creative LLC v. Elenis,21-476,10th Circuit,Unknown,1,6-3,6,Jackson,0
2022,Arellano v. McDonough,21-432,Federal Circuit,Unknown,0,9-0,6,Barrett,1
2022,Arellano v. McDonough,21-432,Federal Circuit,Unknown,0,9-0,6,Jr.,1
2022,Arellano v. McDonough,21-432,Federal Circuit,Unknown,0,9-0,6,Thomas,1
2022,Arellano v. McDonough,21-432,Federal Circuit,Unknown,0,9-0,6,Jr.,1
2022,Arellano v. McDonough,21-432,Federal Circuit,Unknown,0,9-0,6,Sotomayor,1
2022,Arellano v. McDonough,21-432,Federal Circuit,Unknown,0,9-0,6,Kagan,1
2022,Arellano v. McDonough,21-432,Federal Circuit,Unknown,0,9-0,6,Gorsuch,1
2022,Arellano v. McDonough,21-432,Federal Circuit,Unknown,0,9-0,6,Kavanaugh,1
2022,Arellano v. McDonough,21-432,Federal Circuit,Unknown,0,9-0,6,Jackson,1
2022,Delaware v. Pennsylvania and Wisconsin,22O145,Other,Unknown,0,9-0,6,Jackson,1
2022,Delaware v. Pennsylvania and Wisconsin,22O145,Other,Unknown,0,9-0,6,Jr.,1
2022,Delaware v. Pennsylvania and Wisconsin,22O145,Other,Unknown,0,9-0,6,Thomas,1
2022,Delaware v. Pennsylvania and Wisconsin,22O145,Other,Unknown,0,9-0,6,Jr.,1
2022,Delaware v. Pennsylvania and Wisconsin,22O145,Other,Unknown,0,9-0,6,Sotomayor,1
2022,Delaware v. Pennsylvania and Wisconsin,22O145,Other,Unknown,0,9-0,6,Kagan,1
2022,Delaware v. Pennsylvania and Wisconsin,22O145,Other,Unknown,0,9-0,6,Gorsuch,1
2022,Delaware v. Pennsylvania and Wisconsin,22O145,Other,Unknown,0,9-0,6,Kavanaugh,1
2022,Delaware v. Pennsylvania and Wisconsin,22O145,Other,Unknown,0,9-0,6,Barrett,1
2022,Haaland v. Brackeen,21-376,5th Circuit,Unknown,1,7-2,6,Barrett,1
2022,Haaland v. Brackeen,21-376,5th Circuit,Unknown,1,7-2,6,Jr.,1
2022,Haaland v. Brackeen,21-376,5th Circuit,Unknown,1,7-2,6,Thomas,0
2022,Haaland v. Brackeen,21-376,5th Circuit,Unknown,1,7-2,6,Jr.,0
2022,Haaland v. Brackeen,21-376,5th Circuit,Unknown,1,7-2,6,Sotomayor,1
2022,Haaland v. Brackeen,21-376,5th Circuit,Unknown,1,7-2,6,Kagan,1
2022,Haaland v. Brackeen,21-376,5th Circuit,Unknown,1,7-2,6,Gorsuch,1
2022,Haaland v. Brackeen,21-376,5th Circuit,Unknown,1,7-2,6,Kavanaugh,1
2022,Haaland v. Brackeen,21-376,5th Circuit,Unknown,1,7-2,6,Jackson,1
2022,National Pork Producers Council v. Ross,21-468,9th Circuit,Unknown,0,5-4,6,Gorsuch,1
2022,National Pork Producers Council v. Ross,21-468,9th Circuit,Unknown,0,5-4,6,Thomas,1
2022,National Pork Producers Council v. Ross,21-468,9th Circuit,Unknown,0,5-4,6,Sotomayor,1
2022,National Pork Producers Council v. Ross,21-468,9th Circuit,Unknown,0,5-4,6,Kagan,1
2022,National Pork Producers Council v. Ross,21-468,9th Circuit,Unknown,0,5-4,6,Barrett,1
2022,National Pork Producers Council v. Ross,21-468,9th Circuit,Unknown,0,5-4,6,Jr.,0
2022,National Pork Producers Council v. Ross,21-468,9th Circuit,Unknown,0,5-4,6,Jr.,0
2022,National Pork Producers Council v. Ross,21-468,9th Circuit,Unknown,0,5-4,6,Kavanaugh,0
2022,National Pork Producers Council v. Ross,21-468,9th Circuit,Unknown,0,5-4,6,Jackson,0
2022,Cruz v. Arizona,21-846,Other,Unknown,1,5-4,6,Sotomayor,1
2022,Cruz v. Arizona,21-846,Other,Unknown,1,5-4,6,Jr.,1
2022,Cruz v. Arizona,21-846,Other,Unknown,1,5-4,6,Kagan,1
2022,Cruz v. Arizona,21-846,Other,Unknown,1,5-4,6,Jackson,1
2022,Cruz v. Arizona,21-846,Other,Unknown,1,5-4,6,Kavanaugh,1
2022,Cruz v. Arizona,21-846,Other,Unknown,1,5-4,6,Barrett,0
2022,Cruz v. Arizona,21-846,Other,Unknown,1,5-4,6,Jr.,0
2022,Cruz v. Arizona,21-846,Other,Unknown,1,5-4,6,Thomas,0
2022,Cruz v. Arizona,21-846,Other,Unknown,1,5-4,6,Gorsuch,0
2022,"Andy Warhol Foundation for the Visual Arts, Inc. v. Goldsmith",21-869,2nd Circuit,Unknown,0,7-2,6,Sotomayor,1
2022,"Andy Warhol Foundation for the Visual Arts, Inc. v. Goldsmith",21-869,2nd Circuit,Unknown,0,7-2,6,Jr.,0
2022,"Andy Warhol Foundation for the Visual Arts, Inc. v. Goldsmith",21-869,2nd Circuit,Unknown,0,7-2,6,Thomas,1
2022,"Andy Warhol Foundation for the Visual Arts, Inc. v. Goldsmith",21-869,2nd Circuit,Unknown,0,7-2,6,Jr.,1
2022,"Andy Warhol Foundation for the Visual Arts, Inc. v. Goldsmith",21-869,2nd Circuit,Unknown,0,7-2,6,Kagan,0
2022,"Andy Warhol Foundation for the Visual Arts, Inc. v. Goldsmith",21-869,2nd Circuit,Unknown,0,7-2,6,Gorsuch,1
2022,"Andy Warhol Foundation for the Visual Arts, Inc. v. Goldsmith",21-869,2nd Circuit,Unknown,0,7-2,6,Kavanaugh,1
2022,"Andy Warhol Foundation for the Visual Arts, Inc. v. Goldsmith",21-869,2nd Circuit,Unknown,0,7-2,6,Barrett,1
2022,"Andy Warhol Foundation for the Visual Arts, Inc. v. Goldsmith",21-869,2nd Circuit,Unknown,0,7-2,6,Jackson,1
2022,Mallory v. Norfolk Southern Railway Co.,21-1168,State Supreme Court,Unknown,1,5-4,6,Gorsuch,1
2022,Mallory v. Norfolk Southern Railway Co.,21-1168,State Supreme Court,Unknown,1,5-4,6,Thomas,1
2022,Mallory v. Norfolk Southern Railway Co.,21-1168,State Supreme Court,Unknown,1,5-4,6,Sotomayor,1
2022,Mallory v. Norfolk Southern Railway Co.,21-1168,State Supreme Court,Unknown,1,5-4,6,Jackson,1
2022,Mallory v. Norfolk Southern Railway Co.,21-1168,State Supreme Court,Unknown,1,5-4,6,Jr.,1
2022,Mallory v. Norfolk Southern Railway Co.,21-1168,State Supreme Court,Unknown,1,5-4,6,Barrett,0
2022,Mallory v. Norfolk Southern Railway Co.,21-1168,State Supreme Court,Unknown,1,5-4,6,Jr.,0
2022,Mallory v. Norfolk Southern Railway Co.,21-1168,State Supreme Court,Unknown,1,5-4,6,Kagan,0
2022,Mallory v. Norfolk Southern Railway Co.,21-1168,State Supreme Court,Unknown,1,5-4,6,Kavanaugh,0
2022,Reed v. Goertz,21-442,5th Circuit,Unknown,1,6-3,6,Kavanaugh,1
2022,Reed v. Goertz,21-442,5th Circuit,Unknown,1,6-3,6,Jr.,1
2022,Reed v. Goertz,21-442,5th Circuit,Unknown,1,6-3,6,Thomas,0
2022,Reed v. Goertz,21-442,5th Circuit,Unknown,1,6-3,6,Jr.,0
2022,Reed v. Goertz,21-442,5th Circuit,Unknown,1,6-3,6,Gorsuch,0
2022,Reed v. Goertz,21-442,5th Circuit,Unknown,1,6-3,6,Sotomayor,1
2022,Reed v. Goertz,21-442,5th Circuit,Unknown,1,6-3,6,Kagan,1
2022,Reed v. Goertz,21-442,5th Circuit,Unknown,1,6-3,6,Barrett,1
2022,Reed v. Goertz,21-442,5th Circuit,Unknown,1,6-3,6,Jackson,1
2022,Health and Hospital Corporation of Marion County v. Talevski,21-806,7th Circuit,Unknown,0,7-2,6,Jackson,1
2022,Health and Hospital Corporation of Marion County v. Talevski,21-806,7th Circuit,Unknown,0,7-2,6,Jr.,1
2022,Health and Hospital Corporation of Marion County v. Talevski,21-806,7th Circuit,Unknown,0,7-2,6,Thomas,0
2022,Health and Hospital Corporation of Marion County v. Talevski,21-806,7th Circuit,Unknown,0,7-2,6,Jr.,0
2022,Health and Hospital Corporation of Marion County v. Talevski,21-806,7th Circuit,Unknown,0,7-2,6,Sotomayor,1
2022,Health and Hospital Corporation of Marion County v. Talevski,21-806,7th Circuit,Unknown,0,7-2,6,Kagan,1
2022,Health and Hospital Corporation of Marion County v. Talevski,21-806,7th Circuit,Unknown,0,7-2,6,Barrett,1
2022,Health and Hospital Corporation of Marion County v. Talevski,21-806,7th Circuit,Unknown,0,7-2,6,Gorsuch,1
2022,Health and Hospital Corporation of Marion County v. Talevski,21-806,7th Circuit,Unknown,0,7-2,6,Kavanaugh,1
2022,Bartenwerfer v. Buckley,21-908,9th Circuit,Unknown,0,9-0,6,Barrett,1
2022,Bartenwerfer v. Buckley,21-908,9th Circuit,Unknown,0,9-0,6,Jr.,1
2022,Bartenwerfer v. Buckley,21-908,9th Circuit,Unknown,0,9-0,6,Thomas,1
2022,Bartenwerfer v. Buckley,21-908,9th Circuit,Unknown,0,9-0,6,Jr.,1
2022,Bartenwerfer v. Buckley,21-908,9th Circuit,Unknown,0,9-0,6,Sotomayor,1
2022,Bartenwerfer v. Buckley,21-908,9th Circuit,Unknown,0,9-0,6,Kagan,1
2022,Bartenwerfer v. Buckley,21-908,9th Circuit,Unknown,0,9-0,6,Kavanaugh,1
2022,Bartenwerfer v. Buckley,21-908,9th Circuit,Unknown,0,9-0,6,Gorsuch,1
2022,Bartenwerfer v. Buckley,21-908,9th Circuit,Unknown,0,9-0,6,Jackson,1
2022,"Helix Energy Solutions Group, Inc. v. Hewitt",21-984,5th Circuit,Unknown,0,6-3,6,Kagan,1
2022,"Helix Energy Solutions Group, Inc. v. Hewitt",21-984,5th Circuit,Unknown,0,6-3,6,Jr.,1
2022,"Helix Energy Solutions Group, Inc. v. Hewitt",21-984,5th Circuit,Unknown,0,6-3,6,Thomas,1
2022,"Helix Energy Solutions Group, Inc. v. Hewitt",21-984,5th Circuit,Unknown,0,6-3,6,Sotomayor,1
2022,"Helix Energy Solutions Group, Inc. v. Hewitt",21-984,5th Circuit,Unknown,0,6-3,6,Barrett,1
2022,"Helix Energy Solutions Group, Inc. v. Hewitt",21-984,5th Circuit,Unknown,0,6-3,6,Jackson,1
2022,"Helix Energy Solutions Group, Inc. v. Hewitt",21-984,5th Circuit,Unknown,0,6-3,6,Gorsuch,0
2022,"Helix Energy Solutions Group, Inc. v. Hewitt",21-984,5th Circuit,Unknown,0,6-3,6,Kavanaugh,0
2022,"Helix Energy Solutions Group, Inc. v. Hewitt",21-984,5th Circuit,Unknown,0,6-3,6,Jr.,0
2022,Jones v. Hendrix,21-857,8th Circuit,Unknown,0,6-3,6,Thomas,1
2022,Jones v. Hendrix,21-857,8th Circuit,Unknown,0,6-3,6,Jr.,1
2022,Jones v. Hendrix,21-857,8th Circuit,Unknown,0,6-3,6,Jr.,1
2022,Jones v. Hendrix,21-857,8th Circuit,Unknown,0,6-3,6,Sotomayor,0
2022,Jones v. Hendrix,21-857,8th Circuit,Unknown,0,6-3,6,Kagan,0
2022,Jones v. Hendrix,21-857,8th Circuit,Unknown,0,6-3,6,Jackson,0
2022,Jones v. Hendrix,21-857,8th Circuit,Unknown,0,6-3,6,Gorsuch,1
2022,Jones v. Hendrix,21-857,8th Circuit,Unknown,0,6-3,6,Kavanaugh,1
2022,Jones v. Hendrix,21-857,8th Circuit,Unknown,0,6-3,6,Barrett,1
2022,Allen v. Milligan,21-1086,Other,Unknown,0,5-4,6,Jr.,1
2022,Allen v. Milligan,21-1086,Other,Unknown,0,5-4,6,Thomas,0
2022,Allen v. Milligan,21-1086,Other,Unknown,0,5-4,6,Jr.,0
2022,Allen v. Milligan,21-1086,Other,Unknown,0,5-4,6,Sotomayor,1
2022,Allen v. Milligan,21-1086,Other,Unknown,0,5-4,6,Kagan,1
2022,Allen v. Milligan,21-1086,Other,Unknown,0,5-4,6,Gorsuch,0
2022,Allen v. Milligan,21-1086,Other,Unknown,0,5-4,6,Kavanaugh,1
2022,Allen v. Milligan,21-1086,Other,Unknown,0,5-4,6,Barrett,0
2022,Allen v. Milligan,21-1086,Other,Unknown,0,5-4,6,Jackson,1
2022,Wilkins v. United States,21-1164,9th Circuit,Unknown,1,6-3,6,Sotomayor,1
2022,Wilkins v. United States,21-1164,9th Circuit,Unknown,1,6-3,6,Kagan,1
2022,Wilkins v. United States,21-1164,9th Circuit,Unknown,1,6-3,6,Gorsuch,1
2022,Wilkins v. United States,21-1164,9th Circuit,Unknown,1,6-3,6,Kavanaugh,1
2022,Wilkins v. United States,21-1164,9th Circuit,Unknown,1,6-3,6,Barrett,1
2022,Wilkins v. United States,21-1164,9th Circuit,Unknown,1,6-3,6,Jackson,1
2022,Wilkins v. United States,21-1164,9th Circuit,Unknown,1,6-3,6,Thomas,0
2022,Wilkins v. United States,21-1164,9th Circuit,Unknown,1,6-3,6,Jr.,0
2022,Wilkins v. United States,21-1164,9th Circuit,Unknown,1,6-3,6,Jr.,0
2022,Bittner v. United States,21-1195,5th Circuit,Unknown,1,5-4,6,Gorsuch,1
2022,Bittner v. United States,21-1195,5th Circuit,Unknown,1,5-4,6,Jackson,1
2022,Bittner v. United States,21-1195,5th Circuit,Unknown,1,5-4,6,Jr.,1
2022,Bittner v. United States,21-1195,5th Circuit,Unknown,1,5-4,6,Jr.,1
2022,Bittner v. United States,21-1195,5th Circuit,Unknown,1,5-4,6,Kavanaugh,1
2022,Bittner v. United States,21-1195,5th Circuit,Unknown,1,5-4,6,Barrett,0
2022,Bittner v. United States,21-1195,5th Circuit,Unknown,1,5-4,6,Thomas,0
2022,Bittner v. United States,21-1195,5th Circuit,Unknown,1,5-4,6,Sotomayor,0
2022,Bittner v. United States,21-1195,5th Circuit,Unknown,1,5-4,6,Kagan,0
2022,"U.S., ex rel. Polansky v. Executive Health Resources",21-1052,3rd Circuit,Unknown,0,8-1,6,Kagan,1
2022,"U.S., ex rel. Polansky v. Executive Health Resources",21-1052,3rd Circuit,Unknown,0,8-1,6,Jr.,1
2022,"U.S., ex rel. Polansky v. Executive Health Resources",21-1052,3rd Circuit,Unknown,0,8-1,6,Thomas,0
2022,"U.S., ex rel. Polansky v. Executive Health Resources",21-1052,3rd Circuit,Unknown,0,8-1,6,Sotomayor,1
2022,"U.S., ex rel. Polansky v. Executive Health Resources",21-1052,3rd Circuit,Unknown,0,8-1,6,Gorsuch,1
2022,"U.S., ex rel. Polansky v. Executive Health Resources",21-1052,3rd Circuit,Unknown,0,8-1,6,Kavanaugh,1
2022,"U.S., ex rel. Polansky v. Executive Health Resources",21-1052,3rd Circuit,Unknown,0,8-1,6,Barrett,1
2022,"U.S., ex rel. Polansky v. Executive Health Resources",21-1052,3rd Circuit,Unknown,0,8-1,6,Jackson,1
2022,"U.S., ex rel. Polansky v. Executive Health Resources",21-1052,3rd Circuit,Unknown,0,8-1,6,Jr.,1
2022,MOAC Mall Holdings LLC v. Transform Holdco LLC,21-1270,2nd Circuit,Unknown,1,9-0,6,Jackson,1
2022,MOAC Mall Holdings LLC v. Transform Holdco LLC,21-1270,2nd Circuit,Unknown,1,9-0,6,Jr.,1
2022,MOAC Mall Holdings LLC v. Transform Holdco LLC,21-1270,2nd Circuit,Unknown,1,9-0,6,Thomas,1
2022,MOAC Mall Holdings LLC v. Transform Holdco LLC,21-1270,2nd Circuit,Unknown,1,9-0,6,Jr.,1
2022,MOAC Mall Holdings LLC v. Transform Holdco LLC,21-1270,2nd Circuit,Unknown,1,9-0,6,Sotomayor,1
2022,MOAC Mall Holdings LLC v. Transform Holdco LLC,21-1270,2nd Circuit,Unknown,1,9-0,6,Kagan,1
2022,MOAC Mall Holdings LLC v. Transform Holdco LLC,21-1270,2nd Circuit,Unknown,1,9-0,6,Gorsuch,1
2022,MOAC Mall Holdings LLC v. Transform Holdco LLC,21-1270,2nd Circuit,Unknown,1,9-0,6,Kavanaugh,1
2022,MOAC Mall Holdings LLC v. Transform Holdco LLC,21-1270,2nd Circuit,Unknown,1,9-0,6,Barrett,1
2022,Moore v. Harper,21-1271,Other,Unknown,0,6-3,6,Jr.,1
2022,Moore v. Harper,21-1271,Other,Unknown,0,6-3,6,Sotomayor,1
2022,Moore v. Harper,21-1271,Other,Unknown,0,6-3,6,Kagan,1
2022,Moore v. Harper,21-1271,Other,Unknown,0,6-3,6,Kavanaugh,1
2022,Moore v. Harper,21-1271,Other,Unknown,0,6-3,6,Barrett,1
2022,Moore v. Harper,21-1271,Other,Unknown,0,6-3,6,Jackson,1
2022,Moore v. Harper,21-1271,Other,Unknown,0,6-3,6,Thomas,0
2022,Moore v. Harper,21-1271,Other,Unknown,0,6-3,6,Gorsuch,0
2022,Moore v. Harper,21-1271,Other,Unknown,0,6-3,6,Jr.,0
2022,Percoco v. United States,21-1158,2nd Circuit,Unknown,1,9-0,6,Jr.,1
2022,Percoco v. United States,21-1158,2nd Circuit,Unknown,1,9-0,6,Jr.,1
2022,Percoco v. United States,21-1158,2nd Circuit,Unknown,1,9-0,6,Thomas,1
2022,Percoco v. United States,21-1158,2nd Circuit,Unknown,1,9-0,6,Sotomayor,1
2022,Percoco v. United States,21-1158,2nd Circuit,Unknown,1,9-0,6,Kagan,1
2022,Percoco v. United States,21-1158,2nd Circuit,Unknown,1,9-0,6,Gorsuch,1
2022,Percoco v. United States,21-1158,2nd Circuit,Unknown,1,9-0,6,Kavanaugh,1
2022,Percoco v. United States,21-1158,2nd Circuit,Unknown,1,9-0,6,Barrett,1
2022,Percoco v. United States,21-1158,2nd Circuit,Unknown,1,9-0,6,Jackson,1
2022,Ciminelli v. United States,21-1170,2nd Circuit,Unknown,1,9-0,6,Thomas,1
2022,Ciminelli v. United States,21-1170,2nd Circuit,Unknown,1,9-0,6,Jr.,1
2022,Ciminelli v. United States,21-1170,2nd Circuit,Unknown,1,9-0,6,Jr.,1
2022,Ciminelli v. United States,21-1170,2nd Circuit,Unknown,1,9-0,6,Sotomayor,1
2022,Ciminelli v. United States,21-1170,2nd Circuit,Unknown,1,9-0,6,Kagan,1
2022,Ciminelli v. United States,21-1170,2nd Circuit,Unknown,1,9-0,6,Gorsuch,1
2022,Ciminelli v. United States,21-1170,2nd Circuit,Unknown,1,9-0,6,Kavanaugh,1
2022,Ciminelli v. United States,21-1170,2nd Circuit,Unknown,1,9-0,6,Jackson,1
2022,Ciminelli v. United States,21-1170,2nd Circuit,Unknown,1,9-0,6,Barrett,1
2022,United States v. Texas,22-58,5th Circuit,Unknown,1,8-1,6,Kavanaugh,1
2022,United States v. Texas,22-58,5th Circuit,Unknown,1,8-1,6,Jr.,1
2022,United States v. Texas,22-58,5th Circuit,Unknown,1,8-1,6,Thomas,1
2022,United States v. Texas,22-58,5th Circuit,Unknown,1,8-1,6,Jr.,0
2022,United States v. Texas,22-58,5th Circuit,Unknown,1,8-1,6,Sotomayor,1
2022,United States v. Texas,22-58,5th Circuit,Unknown,1,8-1,6,Kagan,1
2022,United States v. Texas,22-58,5th Circuit,Unknown,1,8-1,6,Gorsuch,1
2022,United States v. Texas,22-58,5th Circuit,Unknown,1,8-1,6,Barrett,1
2022,United States v. Texas,22-58,5th Circuit,Unknown,1,8-1,6,Jackson,1
2022,"Perez v. Sturgis Public Schools, et al.",21-887,6th Circuit,Unknown,1,8-1,6,Gorsuch,1
2022,"Perez v. Sturgis Public Schools, et al.",21-887,6th Circuit,Unknown,1,8-1,6,Jr.,1
2022,"Perez v. Sturgis Public Schools, et al.",21-887,6th Circuit,Unknown,1,8-1,6,Thomas,1
2022,"Perez v. Sturgis Public Schools, et al.",21-887,6th Circuit,Unknown,1,8-1,6,Jr.,1
2022,"Perez v. Sturgis Public Schools, et al.",21-887,6th Circuit,Unknown,1,8-1,6,Sotomayor,1
2022,"Perez v. Sturgis Public Schools, et al.",21-887,6th Circuit,Unknown,1,8-1,6,Kagan,1
2022,"Perez v. Sturgis Public Schools, et al.",21-887,6th Circuit,Unknown,1,8-1,6,Kavanaugh,1
2022,"Perez v. Sturgis Public Schools, et al.",21-887,6th Circuit,Unknown,1,8-1,6,Barrett,1
2022,Santos-Zacaria v. Garland,21-1436,5th Circuit,Unknown,1,9-0,6,Jackson,1
2022,Santos-Zacaria v. Garland,21-1436,5th Circuit,Unknown,1,9-0,6,Jr.,1
2022,Santos-Zacaria v. Garland,21-1436,5th Circuit,Unknown,1,9-0,6,Sotomayor,1
2022,Santos-Zacaria v. Garland,21-1436,5th Circuit,Unknown,1,9-0,6,Kagan,1
2022,Santos-Zacaria v. Garland,21-1436,5th Circuit,Unknown,1,9-0,6,Gorsuch,1
2022,Santos-Zacaria v. Garland,21-1436,5th Circuit,Unknown,1,9-0,6,Kavanaugh,1
2022,Santos-Zacaria v. Garland,21-1436,5th Circuit,Unknown,1,9-0,6,Barrett,1
2022,Santos-Zacaria v. Garland,21-1436,5th Circuit,Unknown,1,9-0,6,Jr.,1
2022,Santos-Zacaria v. Garland,21-1436,5th Circuit,Unknown,1,9-0,6,Thomas,1
2022,"Glacier Northwest, Inc. v. International Brotherhood of Teamsters",21-1449,Other,Unknown,1,8-1,6,Barrett,1
2022,"Glacier Northwest, Inc. v. International Brotherhood of Teamsters",21-1449,Other,Unknown,1,8-1,6,Jr.,1
2022,"Glacier Northwest, Inc. v. International Brotherhood of Teamsters",21-1449,Other,Unknown,1,8-1,6,Thomas,1
2022,"Glacier Northwest, Inc. v. International Brotherhood of Teamsters",21-1449,Other,Unknown,1,8-1,6,Jr.,1
2022,"Glacier Northwest, Inc. v. International Brotherhood of Teamsters",21-1449,Other,Unknown,1,8-1,6,Gorsuch,1
2022,"Glacier Northwest, Inc. v. International Brotherhood of Teamsters",21-1449,Other,Unknown,1,8-1,6,Sotomayor,1
2022,"Glacier Northwest, Inc. v. International Brotherhood of Teamsters",21-1449,Other,Unknown,1,8-1,6,Kagan,1
2022,"Glacier Northwest, Inc. v. International Brotherhood of Teamsters",21-1449,Other,Unknown,1,8-1,6,Kavanaugh,1
2022,"Glacier Northwest, Inc. v. International Brotherhood of Teamsters",21-1449,Other,Unknown,1,8-1,6,Jackson,0
2022,Turkiye Halk Bankasi A.S. v. United States,21-1450,2nd Circuit,Unknown,1,7-2,6,Kavanaugh,1
2022,Turkiye Halk Bankasi A.S. v. United States,21-1450,2nd Circuit,Unknown,1,7-2,6,Jr.,1
2022,Turkiye Halk Bankasi A.S. v. United States,21-1450,2nd Circuit,Unknown,1,7-2,6,Thomas,1
2022,Turkiye Halk Bankasi A.S. v. United States,21-1450,2nd Circuit,Unknown,1,7-2,6,Jr.,0
2022,Turkiye Halk Bankasi A.S. v. United States,21-1450,2nd Circuit,Unknown,1,7-2,6,Gorsuch,0
2022,Turkiye Halk Bankasi A.S. v. United States,21-1450,2nd Circuit,Unknown,1,7-2,6,Sotomayor,1
2022,Turkiye Halk Bankasi A.S. v. United States,21-1450,2nd Circuit,Unknown,1,7-2,6,Kagan,1
2022,Turkiye Halk Bankasi A.S. v. United States,21-1450,2nd Circuit,Unknown,1,7-2,6,Barrett,1
2022,Turkiye Halk Bankasi A.S. v. United States,21-1450,2nd Circuit,Unknown,1,7-2,6,Jackson,1
2022,Turkiye Halk Bankasi A.S. v. United States,21-1450,2nd Circuit,Unknown,1,9-0,6,Kavanaugh,1
2022,Turkiye Halk Bankasi A.S. v. United States,21-1450,2nd Circuit,Unknown,1,9-0,6,Jr.,1
2022,Turkiye Halk Bankasi A.S. v. United States,21-1450,2nd Circuit,Unknown,1,9-0,6,Thomas,1
2022,Turkiye Halk Bankasi A.S. v. United States,21-1450,2nd Circuit,Unknown,1,9-0,6,Jr.,1
2022,Turkiye Halk Bankasi A.S. v. United States,21-1450,2nd Circuit,Unknown,1,9-0,6,Sotomayor,1
2022,Turkiye Halk Bankasi A.S. v. United States,21-1450,2nd Circuit,Unknown,1,9-0,6,Kagan,1
2022,Turkiye Halk Bankasi A.S. v. United States,21-1450,2nd Circuit,Unknown,1,9-0,6,Gorsuch,1
2022,Turkiye Halk Bankasi A.S. v. United States,21-1450,2nd Circuit,Unknown,1,9-0,6,Barrett,1
2022,Turkiye Halk Bankasi A.S. v. United States,21-1450,2nd Circuit,Unknown,1,9-0,6,Jackson,1
2022,"Twitter, Inc. v. Taamneh",21-1496,9th Circuit,Unknown,1,9-0,6,Thomas,1
2022,"Twitter, Inc. v. Taamneh",21-1496,9th Circuit,Unknown,1,9-0,6,Jr.,1
2022,"Twitter, Inc. v. Taamneh",21-1496,9th Circuit,Unknown,1,9-0,6,Jr.,1
2022,"Twitter, Inc. v. Taamneh",21-1496,9th Circuit,Unknown,1,9-0,6,Sotomayor,1
2022,"Twitter, Inc. v. Taamneh",21-1496,9th Circuit,Unknown,1,9-0,6,Kagan,1
2022,"Twitter, Inc. v. Taamneh",21-1496,9th Circuit,Unknown,1,9-0,6,Gorsuch,1
2022,"Twitter, Inc. v. Taamneh",21-1496,9th Circuit,Unknown,1,9-0,6,Kavanaugh,1
2022,"Twitter, Inc. v. Taamneh",21-1496,9th Circuit,Unknown,1,9-0,6,Barrett,1
2022,"Twitter, Inc. v. Taamneh",21-1496,9th Circuit,Unknown,1,9-0,6,Jackson,1
2022,"Financial Oversight and Management Board for Puerto Rico v. Centro de Periodismo Investigativo, Inc.",22-96,1st Circuit,Unknown,1,8-1,6,Kagan,1
2022,"Financial Oversight and Management Board for Puerto Rico v. Centro de Periodismo Investigativo, Inc.",22-96,1st Circuit,Unknown,1,8-1,6,Jr.,1
2022,"Financial Oversight and Management Board for Puerto Rico v. Centro de Periodismo Investigativo, Inc.",22-96,1st Circuit,Unknown,1,8-1,6,Thomas,0
2022,"Financial Oversight and Management Board for Puerto Rico v. Centro de Periodismo Investigativo, Inc.",22-96,1st Circuit,Unknown,1,8-1,6,Jr.,1
2022,"Financial Oversight and Management Board for Puerto Rico v. Centro de Periodismo Investigativo, Inc.",22-96,1st Circuit,Unknown,1,8-1,6,Sotomayor,1
2022,"Financial Oversight and Management Board for Puerto Rico v. Centro de Periodismo Investigativo, Inc.",22-96,1st Circuit,Unknown,1,8-1,6,Gorsuch,1
2022,"Financial Oversight and Management Board for Puerto Rico v. Centro de Periodismo Investigativo, Inc.",22-96,1st Circuit,Unknown,1,8-1,6,Kavanaugh,1
2022,"Financial Oversight and Management Board for Puerto Rico v. Centro de Periodismo Investigativo, Inc.",22-96,1st Circuit,Unknown,1,8-1,6,Barrett,1
2022,"Financial Oversight and Management Board for Puerto Rico v. Centro de Periodismo Investigativo, Inc.",22-96,1st Circuit,Unknown,1,8-1,6,Jackson,1
2022,Amgen Inc. v. Sanofi,21-757,Federal Circuit,Unknown,0,9-0,6,Gorsuch,1
2022,Amgen Inc. v. Sanofi,21-757,Federal Circuit,Unknown,0,9-0,6,Jr.,1
2022,Amgen Inc. v. Sanofi,21-757,Federal Circuit,Unknown,0,9-0,6,Thomas,1
2022,Amgen Inc. v. Sanofi,21-757,Federal Circuit,Unknown,0,9-0,6,Jr.,1
2022,Amgen Inc. v. Sanofi,21-757,Federal Circuit,Unknown,0,9-0,6,Sotomayor,1
2022,Amgen Inc. v. Sanofi,21-757,Federal Circuit,Unknown,0,9-0,6,Kagan,1
2022,Amgen Inc. v. Sanofi,21-757,Federal Circuit,Unknown,0,9-0,6,Kavanaugh,1
2022,Amgen Inc. v. Sanofi,21-757,Federal Circuit,Unknown,0,9-0,6,Barrett,1
2022,Amgen Inc. v. Sanofi,21-757,Federal Circuit,Unknown,0,9-0,6,Jackson,1
2022,"Abitron Austria GmbH v. Hetronic International, Inc.",21-1043,10th Circuit,Unknown,1,9-0,6,Jr.,1
2022,"Abitron Austria GmbH v. Hetronic International, Inc.",21-1043,10th Circuit,Unknown,1,9-0,6,Thomas,1
2022,"Abitron Austria GmbH v. Hetronic International, Inc.",21-1043,10th Circuit,Unknown,1,9-0,6,Gorsuch,1
2022,"Abitron Austria GmbH v. Hetronic International, Inc.",21-1043,10th Circuit,Unknown,1,9-0,6,Kavanaugh,1
2022,"Abitron Austria GmbH v. Hetronic International, Inc.",21-1043,10th Circuit,Unknown,1,9-0,6,Jackson,1
2022,"Abitron Austria GmbH v. Hetronic International, Inc.",21-1043,10th Circuit,Unknown,1,9-0,6,Sotomayor,1
2022,"Abitron Austria GmbH v. Hetronic International, Inc.",21-1043,10th Circuit,Unknown,1,9-0,6,Jr.,1
2022,"Abitron Austria GmbH v. Hetronic International, Inc.",21-1043,10th Circuit,Unknown,1,9-0,6,Kagan,1
2022,"Abitron Austria GmbH v. Hetronic International, Inc.",21-1043,10th Circuit,Unknown,1,9-0,6,Barrett,1
2022,Arizona v. Navajo Nation,21-1484,9th Circuit,Unknown,1,5-4,6,Kavanaugh,1
2022,Arizona v. Navajo Nation,21-1484,9th Circuit,Unknown,1,5-4,6,Jr.,1
2022,Arizona v. Navajo Nation,21-1484,9th Circuit,Unknown,1,5-4,6,Thomas,1
2022,Arizona v. Navajo Nation,21-1484,9th Circuit,Unknown,1,5-4,6,Jr.,1
2022,Arizona v. Navajo Nation,21-1484,9th Circuit,Unknown,1,5-4,6,Sotomayor,0
2022,Arizona v. Navajo Nation,21-1484,9th Circuit,Unknown,1,5-4,6,Kagan,0
2022,Arizona v. Navajo Nation,21-1484,9th Circuit,Unknown,1,5-4,6,Gorsuch,0
2022,Arizona v. Navajo Nation,21-1484,9th Circuit,Unknown,1,5-4,6,Barrett,1
2022,Arizona v. Navajo Nation,21-1484,9th Circuit,Unknown,1,5-4,6,Jackson,0
2022,Department of the Interior v. Navajo Nation,22-51,9th Circuit,Unknown,1,5-4,6,Kavanaugh,1
2022,Department of the Interior v. Navajo Nation,22-51,9th Circuit,Unknown,1,5-4,6,Jr.,1
2022,Department of the Interior v. Navajo Nation,22-51,9th Circuit,Unknown,1,5-4,6,Thomas,1
2022,Department of the Interior v. Navajo Nation,22-51,9th Circuit,Unknown,1,5-4,6,Jr.,1
2022,Department of the Interior v. Navajo Nation,22-51,9th Circuit,Unknown,1,5-4,6,Barrett,1
2022,Department of the Interior v. Navajo Nation,22-51,9th Circuit,Unknown,1,5-4,6,Gorsuch,0
2022,Department of the Interior v. Navajo Nation,22-51,9th Circuit,Unknown,1,5-4,6,Sotomayor,0
2022,Department of the Interior v. Navajo Nation,22-51,9th Circuit,Unknown,1,5-4,6,Kagan,0
2022,Department of the Interior v. Navajo Nation,22-51,9th Circuit,Unknown,1,5-4,6,Jackson,0
2022,Dubin v. United States,22-10,5th Circuit,Unknown,1,9-0,6,Sotomayor,1
2022,Dubin v. United States,22-10,5th Circuit,Unknown,1,9-0,6,Jr.,1
2022,Dubin v. United States,22-10,5th Circuit,Unknown,1,9-0,6,Thomas,1
2022,Dubin v. United States,22-10,5th Circuit,Unknown,1,9-0,6,Jr.,1
2022,Dubin v. United States,22-10,5th Circuit,Unknown,1,9-0,6,Kagan,1
2022,Dubin v. United States,22-10,5th Circuit,Unknown,1,9-0,6,Gorsuch,1
2022,Dubin v. United States,22-10,5th Circuit,Unknown,1,9-0,6,Kavanaugh,1
2022,Dubin v. United States,22-10,5th Circuit,Unknown,1,9-0,6,Barrett,1
2022,Dubin v. United States,22-10,5th Circuit,Unknown,1,9-0,6,Jackson,1
2022,Jack Daniel's Properties v. VIP Products LLC,22-148,9th Circuit,Unknown,1,9-0,6,Kagan,1
2022,Jack Daniel's Properties v. VIP Products LLC,22-148,9th Circuit,Unknown,1,9-0,6,Jr.,1
2022,Jack Daniel's Properties v. VIP Products LLC,22-148,9th Circuit,Unknown,1,9-0,6,Gorsuch,1
2022,Jack Daniel's Properties v. VIP Products LLC,22-148,9th Circuit,Unknown,1,9-0,6,Thomas,1
2022,Jack Daniel's Properties v. VIP Products LLC,22-148,9th Circuit,Unknown,1,9-0,6,Barrett,1
2022,Jack Daniel's Properties v. VIP Products LLC,22-148,9th Circuit,Unknown,1,9-0,6,Sotomayor,1
2022,Jack Daniel's Properties v. VIP Products LLC,22-148,9th Circuit,Unknown,1,9-0,6,Jr.,1
2022,Jack Daniel's Properties v. VIP Products LLC,22-148,9th Circuit,Unknown,1,9-0,6,Jackson,1
2022,Jack Daniel's Properties v. VIP Products LLC,22-148,9th Circuit,Unknown,1,9-0,6,Kavanaugh,1
2022,Biden v. Nebraska,22-506,8th Circuit,Unknown,0,6-3,6,Jr.,1
2022,Biden v. Nebraska,22-506,8th Circuit,Unknown,0,6-3,6,Jr.,1
2022,Biden v. Nebraska,22-506,8th Circuit,Unknown,0,6-3,6,Thomas,1
2022,Biden v. Nebraska,22-506,8th Circuit,Unknown,0,6-3,6,Gorsuch,1
2022,Biden v. Nebraska,22-506,8th Circuit,Unknown,0,6-3,6,Kavanaugh,1
2022,Biden v. Nebraska,22-506,8th Circuit,Unknown,0,6-3,6,Barrett,1
2022,Biden v. Nebraska,22-506,8th Circuit,Unknown,0,6-3,6,Kagan,0
2022,Biden v. Nebraska,22-506,8th Circuit,Unknown,0,6-3,6,Sotomayor,0
2022,Biden v. Nebraska,22-506,8th Circuit,Unknown,0,6-3,6,Jackson,0
2022,United States v. Hansen,22-179,9th Circuit,Unknown,1,7-2,6,Barrett,1
2022,United States v. Hansen,22-179,9th Circuit,Unknown,1,7-2,6,Jr.,1
2022,United States v. Hansen,22-179,9th Circuit,Unknown,1,7-2,6,Thomas,1
2022,United States v. Hansen,22-179,9th Circuit,Unknown,1,7-2,6,Jr.,1
2022,United States v. Hansen,22-179,9th Circuit,Unknown,1,7-2,6,Sotomayor,0
2022,United States v. Hansen,22-179,9th Circuit,Unknown,1,7-2,6,Kagan,1
2022,United States v. Hansen,22-179,9th Circuit,Unknown,1,7-2,6,Gorsuch,1
2022,United States v. Hansen,22-179,9th Circuit,Unknown,1,7-2,6,Kavanaugh,1
2022,United States v. Hansen,22-179,9th Circuit,Unknown,1,7-2,6,Jackson,0
2022,Samia v. United States,22-196,2nd Circuit,Unknown,0,6-3,6,Thomas,1
2022,Samia v. United States,22-196,2nd Circuit,Unknown,0,6-3,6,Jr.,1
2022,Samia v. United States,22-196,2nd Circuit,Unknown,0,6-3,6,Jr.,1
2022,Samia v. United States,22-196,2nd Circuit,Unknown,0,6-3,6,Sotomayor,0
2022,Samia v. United States,22-196,2nd Circuit,Unknown,0,6-3,6,Kagan,0
2022,Samia v. United States,22-196,2nd Circuit,Unknown,0,6-3,6,Gorsuch,1
2022,Samia v. United States,22-196,2nd Circuit,Unknown,0,6-3,6,Kavanaugh,1
2022,Samia v. United States,22-196,2nd Circuit,Unknown,0,6-3,6,Barrett,1
2022,Samia v. United States,22-196,2nd Circuit,Unknown,0,6-3,6,Jackson,0
2022,Slack Technologies v. Pirani,22-200,9th Circuit,Unknown,1,9-0,6,Gorsuch,1
2022,Slack Technologies v. Pirani,22-200,9th Circuit,Unknown,1,9-0,6,Jr.,1
2022,Slack Technologies v. Pirani,22-200,9th Circuit,Unknown,1,9-0,6,Thomas,1
2022,Slack Technologies v. Pirani,22-200,9th Circuit,Unknown,1,9-0,6,Jr.,1
2022,Slack Technologies v. Pirani,22-200,9th Circuit,Unknown,1,9-0,6,Sotomayor,1
2022,Slack Technologies v. Pirani,22-200,9th Circuit,Unknown,1,9-0,6,Kagan,1
2022,Slack Technologies v. Pirani,22-200,9th Circuit,Unknown,1,9-0,6,Kavanaugh,1
2022,Slack Technologies v. Pirani,22-200,9th Circuit,Unknown,1,9-0,6,Barrett,1
2022,Slack Technologies v. Pirani,22-200,9th Circuit,Unknown,1,9-0,6,Jackson,1
2022,Smith v. United States,21-1576,11th Circuit,Unknown,0,9-0,6,Jr.,1
2022,Smith v. United States,21-1576,11th Circuit,Unknown,0,9-0,6,Jr.,1
2022,Smith v. United States,21-1576,11th Circuit,Unknown,0,9-0,6,Thomas,1
2022,Smith v. United States,21-1576,11th Circuit,Unknown,0,9-0,6,Sotomayor,1
2022,Smith v. United States,21-1576,11th Circuit,Unknown,0,9-0,6,Kagan,1
2022,Smith v. United States,21-1576,11th Circuit,Unknown,0,9-0,6,Gorsuch,1
2022,Smith v. United States,21-1576,11th Circuit,Unknown,0,9-0,6,Kavanaugh,1
2022,Smith v. United States,21-1576,11th Circuit,Unknown,0,9-0,6,Barrett,1
2022,Smith v. United States,21-1576,11th Circuit,Unknown,0,9-0,6,Jackson,1
2022,Coinbase v. Bielski,22-105,9th Circuit,Unknown,1,5-4,6,Kavanaugh,1
2022,Coinbase v. Bielski,22-105,9th Circuit,Unknown,1,5-4,6,Jr.,1
2022,Coinbase v. Bielski,22-105,9th Circuit,Unknown,1,5-4,6,Thomas,0
2022,Coinbase v. Bielski,22-105,9th Circuit,Unknown,1,5-4,6,Jr.,1
2022,Coinbase v. Bielski,22-105,9th Circuit,Unknown,1,5-4,6,Sotomayor,0
2022,Coinbase v. Bielski,22-105,9th Circuit,Unknown,1,5-4,6,Kagan,0
2022,Coinbase v. Bielski,22-105,9th Circuit,Unknown,1,5-4,6,Gorsuch,1
2022,Coinbase v. Bielski,22-105,9th Circuit,Unknown,1,5-4,6,Barrett,1
2022,Coinbase v. Bielski,22-105,9th Circuit,Unknown,1,5-4,6,Jackson,0
2022,Lora v. United States,22-49,2nd Circuit,Unknown,1,9-0,6,Jackson,1
2022,Lora v. United States,22-49,2nd Circuit,Unknown,1,9-0,6,Jr.,1
2022,Lora v. United States,22-49,2nd Circuit,Unknown,1,9-0,6,Thomas,1
2022,Lora v. United States,22-49,2nd Circuit,Unknown,1,9-0,6,Jr.,1
2022,Lora v. United States,22-49,2nd Circuit,Unknown,1,9-0,6,Sotomayor,1
2022,Lora v. United States,22-49,2nd Circuit,Unknown,1,9-0,6,Kagan,1
2022,Lora v. United States,22-49,2nd Circuit,Unknown,1,9-0,6,Gorsuch,1
2022,Lora v. United States,22-49,2nd Circuit,Unknown,1,9-0,6,Kavanaugh,1
2022,Lora v. United States,22-49,2nd Circuit,Unknown,1,9-0,6,Barrett,1
2022,U.S. ex rel. Schutte v. SuperValu Inc.,21-1326,7th Circuit,Unknown,1,9-0,6,Thomas,1
2022,U.S. ex rel. Schutte v. SuperValu Inc.,21-1326,7th Circuit,Unknown,1,9-0,6,Jr.,1
2022,U.S. ex rel. Schutte v. SuperValu Inc.,21-1326,7th Circuit,Unknown,1,9-0,6,Jr.,1
2022,U.S. ex rel. Schutte v. SuperValu Inc.,21-1326,7th Circuit,Unknown,1,9-0,6,Sotomayor,1
2022,U.S. ex rel. Schutte v. SuperValu Inc.,21-1326,7th Circuit,Unknown,1,9-0,6,Kagan,1
2022,U.S. ex rel. Schutte v. SuperValu Inc.,21-1326,7th Circuit,Unknown,1,9-0,6,Gorsuch,1
2022,U.S. ex rel. Schutte v. SuperValu Inc.,21-1326,7th Circuit,Unknown,1,9-0,6,Kavanaugh,1
2022,U.S. ex rel. Schutte v. SuperValu Inc.,21-1326,7th Circuit,Unknown,1,9-0,6,Barrett,1
2022,U.S. ex rel. Schutte v. SuperValu Inc.,21-1326,7th Circuit,Unknown,1,9-0,6,Jackson,1
2022,Pugin v. Garland,22-23,4th Circuit,Unknown,0,6-3,6,Kavanaugh,1
2022,Pugin v. Garland,22-23,4th Circuit,Unknown,0,6-3,6,Jr.,1
2022,Pugin v. Garland,22-23,4th Circuit,Unknown,0,6-3,6,Thomas,1
2022,Pugin v. Garland,22-23,4th Circuit,Unknown,0,6-3,6,Jr.,1
2022,Pugin v. Garland,22-23,4th Circuit,Unknown,0,6-3,6,Sotomayor,0
2022,Pugin v. Garland,22-23,4th Circuit,Unknown,0,6-3,6,Kagan,0
2022,Pugin v. Garland,22-23,4th Circuit,Unknown,0,6-3,6,Gorsuch,0
2022,Pugin v. Garland,22-23,4th Circuit,Unknown,0,6-3,6,Barrett,1
2022,Pugin v. Garland,22-23,4th Circuit,Unknown,0,6-3,6,Jackson,1
2022,Counterman v. Colorado,22-138,Other,Unknown,1,7-2,6,Kagan,1
2022,Counterman v. Colorado,22-138,Other,Unknown,1,7-2,6,Jr.,1
2022,Counterman v. Colorado,22-138,Other,Unknown,1,7-2,6,Thomas,0
2022,Counterman v. Colorado,22-138,Other,Unknown,1,7-2,6,Jr.,1
2022,Counterman v. Colorado,22-138,Other,Unknown,1,7-2,6,Sotomayor,1
2022,Counterman v. Colorado,22-138,Other,Unknown,1,7-2,6,Gorsuch,1
2022,Counterman v. Colorado,22-138,Other,Unknown,1,7-2,6,Kavanaugh,1
2022,Counterman v. Colorado,22-138,Other,Unknown,1,7-2,6,Barrett,0
2022,Counterman v. Colorado,22-138,Other,Unknown,1,7-2,6,Jackson,1
2022,"Tyler v. Hennepin County, Minnesota",22-166,8th Circuit,Unknown,1,9-0,6,Jr.,1
2022,"Tyler v. Hennepin County, Minnesota",22-166,8th Circuit,Unknown,1,9-0,6,Thomas,1
2022,"Tyler v. Hennepin County, Minnesota",22-166,8th Circuit,Unknown,1,9-0,6,Jr.,1
2022,"Tyler v. Hennepin County, Minnesota",22-166,8th Circuit,Unknown,1,9-0,6,Sotomayor,1
2022,"Tyler v. Hennepin County, Minnesota",22-166,8th Circuit,Unknown,1,9-0,6,Kagan,1
2022,"Tyler v. Hennepin County, Minnesota",22-166,8th Circuit,Unknown,1,9-0,6,Gorsuch,1
2022,"Tyler v. Hennepin County, Minnesota",22-166,8th Circuit,Unknown,1,9-0,6,Kavanaugh,1
2022,"Tyler v. Hennepin County, Minnesota",22-166,8th Circuit,Unknown,1,9-0,6,Barrett,1
2022,"Tyler v. Hennepin County, Minnesota",22-166,8th Circuit,Unknown,1,9-0,6,Jackson,1
2022,Groff v. DeJoy,22-174,3rd Circuit,Unknown,1,9-0,6,Jr.,1
2022,Groff v. DeJoy,22-174,3rd Circuit,Unknown,1,9-0,6,Jr.,1
2022,Groff v. DeJoy,22-174,3rd Circuit,Unknown,1,9-0,6,Thomas,1
2022,Groff v. DeJoy,22-174,3rd Circuit,Unknown,1,9-0,6,Sotomayor,1
2022,Groff v. DeJoy,22-174,3rd Circuit,Unknown,1,9-0,6,Kagan,1
2022,Groff v. DeJoy,22-174,3rd Circuit,Unknown,1,9-0,6,Gorsuch,1
2022,Groff v. DeJoy,22-174,3rd Circuit,Unknown,1,9-0,6,Kavanaugh,1
2022,Groff v. DeJoy,22-174,3rd Circuit,Unknown,1,9-0,6,Barrett,1
2022,Groff v. DeJoy,22-174,3rd Circuit,Unknown,1,9-0,6,Jackson,1
2022,Dupree v. Younger,22-210,4th Circuit,Unknown,1,9-0,6,Barrett,1
2022,Dupree v. Younger,22-210,4th Circuit,Unknown,1,9-0,6,Jr.,1
2022,Dupree v. Younger,22-210,4th Circuit,Unknown,1,9-0,6,Thomas,1
2022,Dupree v. Younger,22-210,4th Circuit,Unknown,1,9-0,6,Jr.,1
2022,Dupree v. Younger,22-210,4th Circuit,Unknown,1,9-0,6,Sotomayor,1
2022,Dupree v. Younger,22-210,4th Circuit,Unknown,1,9-0,6,Kagan,1
2022,Dupree v. Younger,22-210,4th Circuit,Unknown,1,9-0,6,Gorsuch,1
2022,Dupree v. Younger,22-210,4th Circuit,Unknown,1,9-0,6,Kavanaugh,1
2022,Dupree v. Younger,22-210,4th Circuit,Unknown,1,9-0,6,Jackson,1
2022,Lac du Flambeau Band of Lake Superior Chippewa Indians v. Coughlin,22-227,1st Circuit,Unknown,0,8-1,6,Jackson,1
2022,Lac du Flambeau Band of Lake Superior Chippewa Indians v. Coughlin,22-227,1st Circuit,Unknown,0,8-1,6,Jr.,1
2022,Lac du Flambeau Band of Lake Superior Chippewa Indians v. Coughlin,22-227,1st Circuit,Unknown,0,8-1,6,Thomas,1
2022,Lac du Flambeau Band of Lake Superior Chippewa Indians v. Coughlin,22-227,1st Circuit,Unknown,0,8-1,6,Jr.,1
2022,Lac du Flambeau Band of Lake Superior Chippewa Indians v. Coughlin,22-227,1st Circuit,Unknown,0,8-1,6,Sotomayor,1
2022,Lac du Flambeau Band of Lake Superior Chippewa Indians v. Coughlin,22-227,1st Circuit,Unknown,0,8-1,6,Kagan,1
2022,Lac du Flambeau Band of Lake Superior Chippewa Indians v. Coughlin,22-227,1st Circuit,Unknown,0,8-1,6,Gorsuch,0
2022,Lac du Flambeau Band of Lake Superior Chippewa Indians v. Coughlin,22-227,1st Circuit,Unknown,0,8-1,6,Kavanaugh,1
2022,Lac du Flambeau Band of Lake Superior Chippewa Indians v. Coughlin,22-227,1st Circuit,Unknown,0,8-1,6,Barrett,1
2022,Yegiazaryan v. Smagin,22-381,9th Circuit,Unknown,0,6-3,6,Sotomayor,1
2022,Yegiazaryan v. Smagin,22-381,9th Circuit,Unknown,0,6-3,6,Jr.,1
2022,Yegiazaryan v. Smagin,22-381,9th Circuit,Unknown,0,6-3,6,Kagan,1
2022,Yegiazaryan v. Smagin,22-381,9th Circuit,Unknown,0,6-3,6,Kavanaugh,1
2022,Yegiazaryan v. Smagin,22-381,9th Circuit,Unknown,0,6-3,6,Barrett,1
2022,Yegiazaryan v. Smagin,22-381,9th Circuit,Unknown,0,6-3,6,Jackson,1
2022,Yegiazaryan v. Smagin,22-381,9th Circuit,Unknown,0,6-3,6,Thomas,0
2022,Yegiazaryan v. Smagin,22-381,9th Circuit,Unknown,0,6-3,6,Jr.,0
2022,Yegiazaryan v. Smagin,22-381,9th Circuit,Unknown,0,6-3,6,Gorsuch,0
2022,Department of Education v. Brown,22-535,Other,Unknown,1,9-0,6,Jr.,1
2022,Department of Education v. Brown,22-535,Other,Unknown,1,9-0,6,Jr.,1
2022,Department of Education v. Brown,22-535,Other,Unknown,1,9-0,6,Thomas,1
2022,Department of Education v. Brown,22-535,Other,Unknown,1,9-0,6,Sotomayor,1
2022,Department of Education v. Brown,22-535,Other,Unknown,1,9-0,6,Kagan,1
2022,Department of Education v. Brown,22-535,Other,Unknown,1,9-0,6,Gorsuch,1
2022,Department of Education v. Brown,22-535,Other,Unknown,1,9-0,6,Kavanaugh,1
2022,Department of Education v. Brown,22-535,Other,Unknown,1,9-0,6,Barrett,1
2022,Department of Education v. Brown,22-535,Other,Unknown,1,9-0,6,Jackson,1
2019,Rotkiske v. Klemm,18-328,3rd Circuit,Unknown,0,8-1,5,Thomas,1
2019,Rotkiske v. Klemm,18-328,3rd Circuit,Unknown,0,8-1,5,Jr.,1
2019,Rotkiske v. Klemm,18-328,3rd Circuit,Unknown,0,8-1,5,Breyer,1
2019,Rotkiske v. Klemm,18-328,3rd Circuit,Unknown,0,8-1,5,Jr.,1
2019,Rotkiske v. Klemm,18-328,3rd Circuit,Unknown,0,8-1,5,Kagan,1
2019,Rotkiske v. Klemm,18-328,3rd Circuit,Unknown,0,8-1,5,Sotomayor,1
2019,Rotkiske v. Klemm,18-328,3rd Circuit,Unknown,0,8-1,5,Gorsuch,1
2019,Rotkiske v. Klemm,18-328,3rd Circuit,Unknown,0,8-1,5,Kavanaugh,1
2019,Rotkiske v. Klemm,18-328,3rd Circuit,Unknown,0,8-1,5,Ginsburg,0
2019,Kansas v. Garcia,17-834,Other,Unknown,1,5-4,5,Jr.,1
2019,Kansas v. Garcia,17-834,Other,Unknown,1,5-4,5,Jr.,1
2019,Kansas v. Garcia,17-834,Other,Unknown,1,5-4,5,Thomas,1
2019,Kansas v. Garcia,17-834,Other,Unknown,1,5-4,5,Gorsuch,1
2019,Kansas v. Garcia,17-834,Other,Unknown,1,5-4,5,Kavanaugh,1
2019,Kansas v. Garcia,17-834,Other,Unknown,1,5-4,5,Breyer,0
2019,Kansas v. Garcia,17-834,Other,Unknown,1,5-4,5,Kagan,0
2019,Kansas v. Garcia,17-834,Other,Unknown,1,5-4,5,Sotomayor,0
2019,Kansas v. Garcia,17-834,Other,Unknown,1,5-4,5,Ginsburg,0
2019,Ramos v. Louisiana,18-5924,Other,Unknown,1,6-3,5,Gorsuch,1
2019,Ramos v. Louisiana,18-5924,Other,Unknown,1,6-3,5,Breyer,1
2019,Ramos v. Louisiana,18-5924,Other,Unknown,1,6-3,5,Ginsburg,1
2019,Ramos v. Louisiana,18-5924,Other,Unknown,1,6-3,5,Sotomayor,1
2019,Ramos v. Louisiana,18-5924,Other,Unknown,1,6-3,5,Kavanaugh,1
2019,Ramos v. Louisiana,18-5924,Other,Unknown,1,6-3,5,Thomas,1
2019,Ramos v. Louisiana,18-5924,Other,Unknown,1,6-3,5,Jr.,0
2019,Ramos v. Louisiana,18-5924,Other,Unknown,1,6-3,5,Jr.,0
2019,Ramos v. Louisiana,18-5924,Other,Unknown,1,6-3,5,Kagan,0
2019,Kahler v. Kansas,18-6135,Other,Unknown,0,6-3,5,Kagan,1
2019,Kahler v. Kansas,18-6135,Other,Unknown,0,6-3,5,Jr.,1
2019,Kahler v. Kansas,18-6135,Other,Unknown,0,6-3,5,Thomas,1
2019,Kahler v. Kansas,18-6135,Other,Unknown,0,6-3,5,Jr.,1
2019,Kahler v. Kansas,18-6135,Other,Unknown,0,6-3,5,Gorsuch,1
2019,Kahler v. Kansas,18-6135,Other,Unknown,0,6-3,5,Kavanaugh,1
2019,Kahler v. Kansas,18-6135,Other,Unknown,0,6-3,5,Breyer,0
2019,Kahler v. Kansas,18-6135,Other,Unknown,0,6-3,5,Sotomayor,0
2019,Kahler v. Kansas,18-6135,Other,Unknown,0,6-3,5,Ginsburg,0
2019,Kansas v. Glover,18-556,Other,Unknown,1,8-1,5,Thomas,1
2019,Kansas v. Glover,18-556,Other,Unknown,1,8-1,5,Jr.,1
2019,Kansas v. Glover,18-556,Other,Unknown,1,8-1,5,Ginsburg,1
2019,Kansas v. Glover,18-556,Other,Unknown,1,8-1,5,Breyer,1
2019,Kansas v. Glover,18-556,Other,Unknown,1,8-1,5,Jr.,1
2019,Kansas v. Glover,18-556,Other,Unknown,1,8-1,5,Kagan,1
2019,Kansas v. Glover,18-556,Other,Unknown,1,8-1,5,Gorsuch,1
2019,Kansas v. Glover,18-556,Other,Unknown,1,8-1,5,Kavanaugh,1
2019,Kansas v. Glover,18-556,Other,Unknown,1,8-1,5,Sotomayor,0
2019,Bostock v. Clayton County,17-1618,11th Circuit,Unknown,1,6-3,5,Gorsuch,1
2019,Bostock v. Clayton County,17-1618,11th Circuit,Unknown,1,6-3,5,Jr.,1
2019,Bostock v. Clayton County,17-1618,11th Circuit,Unknown,1,6-3,5,Ginsburg,1
2019,Bostock v. Clayton County,17-1618,11th Circuit,Unknown,1,6-3,5,Breyer,1
2019,Bostock v. Clayton County,17-1618,11th Circuit,Unknown,1,6-3,5,Sotomayor,1
2019,Bostock v. Clayton County,17-1618,11th Circuit,Unknown,1,6-3,5,Kagan,1
2019,Bostock v. Clayton County,17-1618,11th Circuit,Unknown,1,6-3,5,Jr.,0
2019,Bostock v. Clayton County,17-1618,11th Circuit,Unknown,1,6-3,5,Thomas,0
2019,Bostock v. Clayton County,17-1618,11th Circuit,Unknown,1,6-3,5,Kavanaugh,0
2019,Barton v. Barr,18-725,11th Circuit,Unknown,0,5-4,5,Kavanaugh,1
2019,Barton v. Barr,18-725,11th Circuit,Unknown,0,5-4,5,Jr.,1
2019,Barton v. Barr,18-725,11th Circuit,Unknown,0,5-4,5,Thomas,1
2019,Barton v. Barr,18-725,11th Circuit,Unknown,0,5-4,5,Gorsuch,1
2019,Barton v. Barr,18-725,11th Circuit,Unknown,0,5-4,5,Jr.,1
2019,Barton v. Barr,18-725,11th Circuit,Unknown,0,5-4,5,Sotomayor,0
2019,Barton v. Barr,18-725,11th Circuit,Unknown,0,5-4,5,Breyer,0
2019,Barton v. Barr,18-725,11th Circuit,Unknown,0,5-4,5,Ginsburg,0
2019,Barton v. Barr,18-725,11th Circuit,Unknown,0,5-4,5,Kagan,0
2019,CITGO Asphalt Refining Co. v. Frescati Shipping Co.,18-565,3rd Circuit,Unknown,0,7-2,5,Sotomayor,1
2019,CITGO Asphalt Refining Co. v. Frescati Shipping Co.,18-565,3rd Circuit,Unknown,0,7-2,5,Kagan,1
2019,CITGO Asphalt Refining Co. v. Frescati Shipping Co.,18-565,3rd Circuit,Unknown,0,7-2,5,Ginsburg,1
2019,CITGO Asphalt Refining Co. v. Frescati Shipping Co.,18-565,3rd Circuit,Unknown,0,7-2,5,Jr.,1
2019,CITGO Asphalt Refining Co. v. Frescati Shipping Co.,18-565,3rd Circuit,Unknown,0,7-2,5,Gorsuch,1
2019,CITGO Asphalt Refining Co. v. Frescati Shipping Co.,18-565,3rd Circuit,Unknown,0,7-2,5,Kavanaugh,1
2019,CITGO Asphalt Refining Co. v. Frescati Shipping Co.,18-565,3rd Circuit,Unknown,0,7-2,5,Breyer,1
2019,CITGO Asphalt Refining Co. v. Frescati Shipping Co.,18-565,3rd Circuit,Unknown,0,7-2,5,Thomas,0
2019,CITGO Asphalt Refining Co. v. Frescati Shipping Co.,18-565,3rd Circuit,Unknown,0,7-2,5,Jr.,0
2019,Allen v. Cooper,18-877,4th Circuit,Unknown,0,9-0,5,Kagan,1
2019,Allen v. Cooper,18-877,4th Circuit,Unknown,0,9-0,5,Jr.,1
2019,Allen v. Cooper,18-877,4th Circuit,Unknown,0,9-0,5,Jr.,1
2019,Allen v. Cooper,18-877,4th Circuit,Unknown,0,9-0,5,Thomas,1
2019,Allen v. Cooper,18-877,4th Circuit,Unknown,0,9-0,5,Sotomayor,1
2019,Allen v. Cooper,18-877,4th Circuit,Unknown,0,9-0,5,Gorsuch,1
2019,Allen v. Cooper,18-877,4th Circuit,Unknown,0,9-0,5,Kavanaugh,1
2019,Allen v. Cooper,18-877,4th Circuit,Unknown,0,9-0,5,Breyer,1
2019,Allen v. Cooper,18-877,4th Circuit,Unknown,0,9-0,5,Ginsburg,1
2019,Holguin-Hernandez v. United States,18-7739,5th Circuit,Unknown,1,9-0,5,Breyer,1
2019,Holguin-Hernandez v. United States,18-7739,5th Circuit,Unknown,1,9-0,5,Jr.,1
2019,Holguin-Hernandez v. United States,18-7739,5th Circuit,Unknown,1,9-0,5,Jr.,1
2019,Holguin-Hernandez v. United States,18-7739,5th Circuit,Unknown,1,9-0,5,Thomas,1
2019,Holguin-Hernandez v. United States,18-7739,5th Circuit,Unknown,1,9-0,5,Ginsburg,1
2019,Holguin-Hernandez v. United States,18-7739,5th Circuit,Unknown,1,9-0,5,Kagan,1
2019,Holguin-Hernandez v. United States,18-7739,5th Circuit,Unknown,1,9-0,5,Sotomayor,1
2019,Holguin-Hernandez v. United States,18-7739,5th Circuit,Unknown,1,9-0,5,Kavanaugh,1
2019,Holguin-Hernandez v. United States,18-7739,5th Circuit,Unknown,1,9-0,5,Gorsuch,1
2019,McKinney v. Arizona,18-1109,Other,Unknown,0,5-4,5,Kavanaugh,1
2019,McKinney v. Arizona,18-1109,Other,Unknown,0,5-4,5,Jr.,1
2019,McKinney v. Arizona,18-1109,Other,Unknown,0,5-4,5,Thomas,1
2019,McKinney v. Arizona,18-1109,Other,Unknown,0,5-4,5,Jr.,1
2019,McKinney v. Arizona,18-1109,Other,Unknown,0,5-4,5,Gorsuch,1
2019,McKinney v. Arizona,18-1109,Other,Unknown,0,5-4,5,Ginsburg,0
2019,McKinney v. Arizona,18-1109,Other,Unknown,0,5-4,5,Kagan,0
2019,McKinney v. Arizona,18-1109,Other,Unknown,0,5-4,5,Breyer,0
2019,McKinney v. Arizona,18-1109,Other,Unknown,0,5-4,5,Sotomayor,0
2019,Intel Corp. Investment Policy Committee v. Sulyma,18-1116,9th Circuit,Unknown,0,9-0,5,Jr.,1
2019,Intel Corp. Investment Policy Committee v. Sulyma,18-1116,9th Circuit,Unknown,0,9-0,5,Jr.,1
2019,Intel Corp. Investment Policy Committee v. Sulyma,18-1116,9th Circuit,Unknown,0,9-0,5,Thomas,1
2019,Intel Corp. Investment Policy Committee v. Sulyma,18-1116,9th Circuit,Unknown,0,9-0,5,Ginsburg,1
2019,Intel Corp. Investment Policy Committee v. Sulyma,18-1116,9th Circuit,Unknown,0,9-0,5,Breyer,1
2019,Intel Corp. Investment Policy Committee v. Sulyma,18-1116,9th Circuit,Unknown,0,9-0,5,Kagan,1
2019,Intel Corp. Investment Policy Committee v. Sulyma,18-1116,9th Circuit,Unknown,0,9-0,5,Sotomayor,1
2019,Intel Corp. Investment Policy Committee v. Sulyma,18-1116,9th Circuit,Unknown,0,9-0,5,Gorsuch,1
2019,Intel Corp. Investment Policy Committee v. Sulyma,18-1116,9th Circuit,Unknown,0,9-0,5,Kavanaugh,1
2019,Monasky v. Taglieri,18-935,6th Circuit,Unknown,0,9-0,5,Ginsburg,1
2019,Monasky v. Taglieri,18-935,6th Circuit,Unknown,0,9-0,5,Jr.,1
2019,Monasky v. Taglieri,18-935,6th Circuit,Unknown,0,9-0,5,Breyer,1
2019,Monasky v. Taglieri,18-935,6th Circuit,Unknown,0,9-0,5,Jr.,1
2019,Monasky v. Taglieri,18-935,6th Circuit,Unknown,0,9-0,5,Thomas,1
2019,Monasky v. Taglieri,18-935,6th Circuit,Unknown,0,9-0,5,Kavanaugh,1
2019,Monasky v. Taglieri,18-935,6th Circuit,Unknown,0,9-0,5,Sotomayor,1
2019,Monasky v. Taglieri,18-935,6th Circuit,Unknown,0,9-0,5,Kagan,1
2019,Monasky v. Taglieri,18-935,6th Circuit,Unknown,0,9-0,5,Gorsuch,1
2019,Comcast Corp. v. National Association of African American-Owned Media,18-1171,9th Circuit,Unknown,1,9-0,5,Gorsuch,1
2019,Comcast Corp. v. National Association of African American-Owned Media,18-1171,9th Circuit,Unknown,1,9-0,5,Jr.,1
2019,Comcast Corp. v. National Association of African American-Owned Media,18-1171,9th Circuit,Unknown,1,9-0,5,Thomas,1
2019,Comcast Corp. v. National Association of African American-Owned Media,18-1171,9th Circuit,Unknown,1,9-0,5,Jr.,1
2019,Comcast Corp. v. National Association of African American-Owned Media,18-1171,9th Circuit,Unknown,1,9-0,5,Breyer,1
2019,Comcast Corp. v. National Association of African American-Owned Media,18-1171,9th Circuit,Unknown,1,9-0,5,Kavanaugh,1
2019,Comcast Corp. v. National Association of African American-Owned Media,18-1171,9th Circuit,Unknown,1,9-0,5,Sotomayor,1
2019,Comcast Corp. v. National Association of African American-Owned Media,18-1171,9th Circuit,Unknown,1,9-0,5,Kagan,1
2019,Comcast Corp. v. National Association of African American-Owned Media,18-1171,9th Circuit,Unknown,1,9-0,5,Ginsburg,1
2019,"Ritzen Group, Inc. v. Jackson Masonry, LLC",18-938,6th Circuit,Unknown,0,9-0,5,Ginsburg,1
2019,"Ritzen Group, Inc. v. Jackson Masonry, LLC",18-938,6th Circuit,Unknown,0,9-0,5,Jr.,1
2019,"Ritzen Group, Inc. v. Jackson Masonry, LLC",18-938,6th Circuit,Unknown,0,9-0,5,Thomas,1
2019,"Ritzen Group, Inc. v. Jackson Masonry, LLC",18-938,6th Circuit,Unknown,0,9-0,5,Breyer,1
2019,"Ritzen Group, Inc. v. Jackson Masonry, LLC",18-938,6th Circuit,Unknown,0,9-0,5,Jr.,1
2019,"Ritzen Group, Inc. v. Jackson Masonry, LLC",18-938,6th Circuit,Unknown,0,9-0,5,Sotomayor,1
2019,"Ritzen Group, Inc. v. Jackson Masonry, LLC",18-938,6th Circuit,Unknown,0,9-0,5,Kagan,1
2019,"Ritzen Group, Inc. v. Jackson Masonry, LLC",18-938,6th Circuit,Unknown,0,9-0,5,Gorsuch,1
2019,"Ritzen Group, Inc. v. Jackson Masonry, LLC",18-938,6th Circuit,Unknown,0,9-0,5,Kavanaugh,1
2019,Guerrero-Lasprilla v. Barr,18-776,5th Circuit,Unknown,1,7-2,5,Breyer,1
2019,Guerrero-Lasprilla v. Barr,18-776,5th Circuit,Unknown,1,7-2,5,Jr.,1
2019,Guerrero-Lasprilla v. Barr,18-776,5th Circuit,Unknown,1,7-2,5,Kavanaugh,1
2019,Guerrero-Lasprilla v. Barr,18-776,5th Circuit,Unknown,1,7-2,5,Gorsuch,1
2019,Guerrero-Lasprilla v. Barr,18-776,5th Circuit,Unknown,1,7-2,5,Sotomayor,1
2019,Guerrero-Lasprilla v. Barr,18-776,5th Circuit,Unknown,1,7-2,5,Kagan,1
2019,Guerrero-Lasprilla v. Barr,18-776,5th Circuit,Unknown,1,7-2,5,Thomas,0
2019,Guerrero-Lasprilla v. Barr,18-776,5th Circuit,Unknown,1,7-2,5,Jr.,0
2019,Guerrero-Lasprilla v. Barr,18-776,5th Circuit,Unknown,1,7-2,5,Ginsburg,1
2019,"Thryv, Inc. v. Click-To-Call Technologies, LP",18-916,Federal Circuit,Unknown,1,7-2,5,Ginsburg,1
2019,"Thryv, Inc. v. Click-To-Call Technologies, LP",18-916,Federal Circuit,Unknown,1,7-2,5,Jr.,1
2019,"Thryv, Inc. v. Click-To-Call Technologies, LP",18-916,Federal Circuit,Unknown,1,7-2,5,Breyer,1
2019,"Thryv, Inc. v. Click-To-Call Technologies, LP",18-916,Federal Circuit,Unknown,1,7-2,5,Jr.,1
2019,"Thryv, Inc. v. Click-To-Call Technologies, LP",18-916,Federal Circuit,Unknown,1,7-2,5,Kagan,1
2019,"Thryv, Inc. v. Click-To-Call Technologies, LP",18-916,Federal Circuit,Unknown,1,7-2,5,Gorsuch,0
2019,"Thryv, Inc. v. Click-To-Call Technologies, LP",18-916,Federal Circuit,Unknown,1,7-2,5,Kavanaugh,1
2019,"Thryv, Inc. v. Click-To-Call Technologies, LP",18-916,Federal Circuit,Unknown,1,7-2,5,Sotomayor,0
2019,"Thryv, Inc. v. Click-To-Call Technologies, LP",18-916,Federal Circuit,Unknown,1,7-2,5,Thomas,1
2019,Maine Community Health Options v. United States,18-1023,Federal Circuit,Unknown,1,8-1,5,Sotomayor,1
2019,Maine Community Health Options v. United States,18-1023,Federal Circuit,Unknown,1,8-1,5,Jr.,1
2019,Maine Community Health Options v. United States,18-1023,Federal Circuit,Unknown,1,8-1,5,Thomas,1
2019,Maine Community Health Options v. United States,18-1023,Federal Circuit,Unknown,1,8-1,5,Breyer,1
2019,Maine Community Health Options v. United States,18-1023,Federal Circuit,Unknown,1,8-1,5,Ginsburg,1
2019,Maine Community Health Options v. United States,18-1023,Federal Circuit,Unknown,1,8-1,5,Kagan,1
2019,Maine Community Health Options v. United States,18-1023,Federal Circuit,Unknown,1,8-1,5,Gorsuch,1
2019,Maine Community Health Options v. United States,18-1023,Federal Circuit,Unknown,1,8-1,5,Kavanaugh,1
2019,Maine Community Health Options v. United States,18-1023,Federal Circuit,Unknown,1,8-1,5,Jr.,0
2019,Banister v. Davis,18-6943,5th Circuit,Unknown,1,7-2,5,Kagan,1
2019,Banister v. Davis,18-6943,5th Circuit,Unknown,1,7-2,5,Jr.,1
2019,Banister v. Davis,18-6943,5th Circuit,Unknown,1,7-2,5,Thomas,0
2019,Banister v. Davis,18-6943,5th Circuit,Unknown,1,7-2,5,Jr.,0
2019,Banister v. Davis,18-6943,5th Circuit,Unknown,1,7-2,5,Breyer,1
2019,Banister v. Davis,18-6943,5th Circuit,Unknown,1,7-2,5,Ginsburg,1
2019,Banister v. Davis,18-6943,5th Circuit,Unknown,1,7-2,5,Sotomayor,1
2019,Banister v. Davis,18-6943,5th Circuit,Unknown,1,7-2,5,Gorsuch,1
2019,Banister v. Davis,18-6943,5th Circuit,Unknown,1,7-2,5,Kavanaugh,1
2019,"Financial Oversight and Management Board for Puerto Rico v. Aurelius Investment, LLC",18-1334,1st Circuit,Unknown,1,9-0,5,Breyer,1
2019,"Financial Oversight and Management Board for Puerto Rico v. Aurelius Investment, LLC",18-1334,1st Circuit,Unknown,1,9-0,5,Jr.,1
2019,"Financial Oversight and Management Board for Puerto Rico v. Aurelius Investment, LLC",18-1334,1st Circuit,Unknown,1,9-0,5,Ginsburg,1
2019,"Financial Oversight and Management Board for Puerto Rico v. Aurelius Investment, LLC",18-1334,1st Circuit,Unknown,1,9-0,5,Jr.,1
2019,"Financial Oversight and Management Board for Puerto Rico v. Aurelius Investment, LLC",18-1334,1st Circuit,Unknown,1,9-0,5,Kagan,1
2019,"Financial Oversight and Management Board for Puerto Rico v. Aurelius Investment, LLC",18-1334,1st Circuit,Unknown,1,9-0,5,Gorsuch,1
2019,"Financial Oversight and Management Board for Puerto Rico v. Aurelius Investment, LLC",18-1334,1st Circuit,Unknown,1,9-0,5,Kavanaugh,1
2019,"Financial Oversight and Management Board for Puerto Rico v. Aurelius Investment, LLC",18-1334,1st Circuit,Unknown,1,9-0,5,Thomas,1
2019,"Financial Oversight and Management Board for Puerto Rico v. Aurelius Investment, LLC",18-1334,1st Circuit,Unknown,1,9-0,5,Sotomayor,1
2019,Opati v. Republic of Sudan,17-1268,Other,Unknown,1,8-1,5,Gorsuch,1
2019,Opati v. Republic of Sudan,17-1268,Other,Unknown,1,8-1,5,Jr.,1
2019,Opati v. Republic of Sudan,17-1268,Other,Unknown,1,8-1,5,Thomas,1
2019,Opati v. Republic of Sudan,17-1268,Other,Unknown,1,8-1,5,Jr.,1
2019,Opati v. Republic of Sudan,17-1268,Other,Unknown,1,8-1,5,Ginsburg,1
2019,Opati v. Republic of Sudan,17-1268,Other,Unknown,1,8-1,5,Breyer,1
2019,Opati v. Republic of Sudan,17-1268,Other,Unknown,1,8-1,5,Sotomayor,1
2019,Opati v. Republic of Sudan,17-1268,Other,Unknown,1,8-1,5,Kagan,1
2019,Opati v. Republic of Sudan,17-1268,Other,Unknown,1,8-1,5,Kavanaugh,0
2019,"Thole v. U.S. Bank, N.A.",17-1712,8th Circuit,Unknown,0,5-4,5,Kavanaugh,1
2019,"Thole v. U.S. Bank, N.A.",17-1712,8th Circuit,Unknown,0,5-4,5,Jr.,1
2019,"Thole v. U.S. Bank, N.A.",17-1712,8th Circuit,Unknown,0,5-4,5,Thomas,1
2019,"Thole v. U.S. Bank, N.A.",17-1712,8th Circuit,Unknown,0,5-4,5,Jr.,1
2019,"Thole v. U.S. Bank, N.A.",17-1712,8th Circuit,Unknown,0,5-4,5,Sotomayor,0
2019,"Thole v. U.S. Bank, N.A.",17-1712,8th Circuit,Unknown,0,5-4,5,Ginsburg,0
2019,"Thole v. U.S. Bank, N.A.",17-1712,8th Circuit,Unknown,0,5-4,5,Breyer,0
2019,"Thole v. U.S. Bank, N.A.",17-1712,8th Circuit,Unknown,0,5-4,5,Kagan,0
2019,"Thole v. U.S. Bank, N.A.",17-1712,8th Circuit,Unknown,0,5-4,5,Gorsuch,1
2019,Babb v. Wilkie,18-882,11th Circuit,Unknown,1,8-1,5,Jr.,1
2019,Babb v. Wilkie,18-882,11th Circuit,Unknown,1,8-1,5,Jr.,1
2019,Babb v. Wilkie,18-882,11th Circuit,Unknown,1,8-1,5,Thomas,0
2019,Babb v. Wilkie,18-882,11th Circuit,Unknown,1,8-1,5,Ginsburg,1
2019,Babb v. Wilkie,18-882,11th Circuit,Unknown,1,8-1,5,Sotomayor,1
2019,Babb v. Wilkie,18-882,11th Circuit,Unknown,1,8-1,5,Breyer,1
2019,Babb v. Wilkie,18-882,11th Circuit,Unknown,1,8-1,5,Kagan,1
2019,Babb v. Wilkie,18-882,11th Circuit,Unknown,1,8-1,5,Gorsuch,1
2019,Babb v. Wilkie,18-882,11th Circuit,Unknown,1,8-1,5,Kavanaugh,1
2019,GE Energy Power Conversion France SAS v. Outokumpu Stainless USA LLC,18-1048,11th Circuit,Unknown,1,9-0,5,Thomas,1
2019,GE Energy Power Conversion France SAS v. Outokumpu Stainless USA LLC,18-1048,11th Circuit,Unknown,1,9-0,5,Jr.,1
2019,GE Energy Power Conversion France SAS v. Outokumpu Stainless USA LLC,18-1048,11th Circuit,Unknown,1,9-0,5,Breyer,1
2019,GE Energy Power Conversion France SAS v. Outokumpu Stainless USA LLC,18-1048,11th Circuit,Unknown,1,9-0,5,Ginsburg,1
2019,GE Energy Power Conversion France SAS v. Outokumpu Stainless USA LLC,18-1048,11th Circuit,Unknown,1,9-0,5,Jr.,1
2019,GE Energy Power Conversion France SAS v. Outokumpu Stainless USA LLC,18-1048,11th Circuit,Unknown,1,9-0,5,Sotomayor,1
2019,GE Energy Power Conversion France SAS v. Outokumpu Stainless USA LLC,18-1048,11th Circuit,Unknown,1,9-0,5,Kagan,1
2019,GE Energy Power Conversion France SAS v. Outokumpu Stainless USA LLC,18-1048,11th Circuit,Unknown,1,9-0,5,Gorsuch,1
2019,GE Energy Power Conversion France SAS v. Outokumpu Stainless USA LLC,18-1048,11th Circuit,Unknown,1,9-0,5,Kavanaugh,1
2019,Kelly v. United States,18-1059,3rd Circuit,Unknown,1,9-0,5,Kagan,1
2019,Kelly v. United States,18-1059,3rd Circuit,Unknown,1,9-0,5,Jr.,1
2019,Kelly v. United States,18-1059,3rd Circuit,Unknown,1,9-0,5,Thomas,1
2019,Kelly v. United States,18-1059,3rd Circuit,Unknown,1,9-0,5,Ginsburg,1
2019,Kelly v. United States,18-1059,3rd Circuit,Unknown,1,9-0,5,Breyer,1
2019,Kelly v. United States,18-1059,3rd Circuit,Unknown,1,9-0,5,Sotomayor,1
2019,Kelly v. United States,18-1059,3rd Circuit,Unknown,1,9-0,5,Jr.,1
2019,Kelly v. United States,18-1059,3rd Circuit,Unknown,1,9-0,5,Gorsuch,1
2019,Kelly v. United States,18-1059,3rd Circuit,Unknown,1,9-0,5,Kavanaugh,1
2019,Lucky Brand Dungarees Inc. v. Marcel Fashions Group Inc.,18-1086,2nd Circuit,Unknown,1,9-0,5,Sotomayor,1
2019,Lucky Brand Dungarees Inc. v. Marcel Fashions Group Inc.,18-1086,2nd Circuit,Unknown,1,9-0,5,Jr.,1
2019,Lucky Brand Dungarees Inc. v. Marcel Fashions Group Inc.,18-1086,2nd Circuit,Unknown,1,9-0,5,Thomas,1
2019,Lucky Brand Dungarees Inc. v. Marcel Fashions Group Inc.,18-1086,2nd Circuit,Unknown,1,9-0,5,Ginsburg,1
2019,Lucky Brand Dungarees Inc. v. Marcel Fashions Group Inc.,18-1086,2nd Circuit,Unknown,1,9-0,5,Breyer,1
2019,Lucky Brand Dungarees Inc. v. Marcel Fashions Group Inc.,18-1086,2nd Circuit,Unknown,1,9-0,5,Jr.,1
2019,Lucky Brand Dungarees Inc. v. Marcel Fashions Group Inc.,18-1086,2nd Circuit,Unknown,1,9-0,5,Kagan,1
2019,Lucky Brand Dungarees Inc. v. Marcel Fashions Group Inc.,18-1086,2nd Circuit,Unknown,1,9-0,5,Gorsuch,1
2019,Lucky Brand Dungarees Inc. v. Marcel Fashions Group Inc.,18-1086,2nd Circuit,Unknown,1,9-0,5,Kavanaugh,1
2019,Espinoza v. Montana Department of Revenue,18-1195,Other,Unknown,1,5-4,5,Jr.,1
2019,Espinoza v. Montana Department of Revenue,18-1195,Other,Unknown,1,5-4,5,Thomas,1
2019,Espinoza v. Montana Department of Revenue,18-1195,Other,Unknown,1,5-4,5,Gorsuch,1
2019,Espinoza v. Montana Department of Revenue,18-1195,Other,Unknown,1,5-4,5,Jr.,1
2019,Espinoza v. Montana Department of Revenue,18-1195,Other,Unknown,1,5-4,5,Kavanaugh,1
2019,Espinoza v. Montana Department of Revenue,18-1195,Other,Unknown,1,5-4,5,Ginsburg,0
2019,Espinoza v. Montana Department of Revenue,18-1195,Other,Unknown,1,5-4,5,Breyer,0
2019,Espinoza v. Montana Department of Revenue,18-1195,Other,Unknown,1,5-4,5,Kagan,0
2019,Espinoza v. Montana Department of Revenue,18-1195,Other,Unknown,1,5-4,5,Sotomayor,0
2019,"Romag Fasteners, Inc. v. Fossil, Inc.",18-1233,Federal Circuit,Unknown,1,9-0,5,Gorsuch,1
2019,"Romag Fasteners, Inc. v. Fossil, Inc.",18-1233,Federal Circuit,Unknown,1,9-0,5,Jr.,1
2019,"Romag Fasteners, Inc. v. Fossil, Inc.",18-1233,Federal Circuit,Unknown,1,9-0,5,Thomas,1
2019,"Romag Fasteners, Inc. v. Fossil, Inc.",18-1233,Federal Circuit,Unknown,1,9-0,5,Ginsburg,1
2019,"Romag Fasteners, Inc. v. Fossil, Inc.",18-1233,Federal Circuit,Unknown,1,9-0,5,Breyer,1
2019,"Romag Fasteners, Inc. v. Fossil, Inc.",18-1233,Federal Circuit,Unknown,1,9-0,5,Jr.,1
2019,"Romag Fasteners, Inc. v. Fossil, Inc.",18-1233,Federal Circuit,Unknown,1,9-0,5,Kagan,1
2019,"Romag Fasteners, Inc. v. Fossil, Inc.",18-1233,Federal Circuit,Unknown,1,9-0,5,Kavanaugh,1
2019,"Romag Fasteners, Inc. v. Fossil, Inc.",18-1233,Federal Circuit,Unknown,1,9-0,5,Sotomayor,1
2019,Rodriguez v. Federal Deposit Insurance Corp.,18-1269,10th Circuit,Unknown,1,9-0,5,Gorsuch,1
2019,Rodriguez v. Federal Deposit Insurance Corp.,18-1269,10th Circuit,Unknown,1,9-0,5,Jr.,1
2019,Rodriguez v. Federal Deposit Insurance Corp.,18-1269,10th Circuit,Unknown,1,9-0,5,Thomas,1
2019,Rodriguez v. Federal Deposit Insurance Corp.,18-1269,10th Circuit,Unknown,1,9-0,5,Breyer,1
2019,Rodriguez v. Federal Deposit Insurance Corp.,18-1269,10th Circuit,Unknown,1,9-0,5,Ginsburg,1
2019,Rodriguez v. Federal Deposit Insurance Corp.,18-1269,10th Circuit,Unknown,1,9-0,5,Kagan,1
2019,Rodriguez v. Federal Deposit Insurance Corp.,18-1269,10th Circuit,Unknown,1,9-0,5,Kavanaugh,1
2019,Rodriguez v. Federal Deposit Insurance Corp.,18-1269,10th Circuit,Unknown,1,9-0,5,Sotomayor,1
2019,Rodriguez v. Federal Deposit Insurance Corp.,18-1269,10th Circuit,Unknown,1,9-0,5,Jr.,1
2019,Shular v. United States,18-6662,11th Circuit,Unknown,0,9-0,5,Ginsburg,1
2019,Shular v. United States,18-6662,11th Circuit,Unknown,0,9-0,5,Jr.,1
2019,Shular v. United States,18-6662,11th Circuit,Unknown,0,9-0,5,Thomas,1
2019,Shular v. United States,18-6662,11th Circuit,Unknown,0,9-0,5,Breyer,1
2019,Shular v. United States,18-6662,11th Circuit,Unknown,0,9-0,5,Jr.,1
2019,Shular v. United States,18-6662,11th Circuit,Unknown,0,9-0,5,Sotomayor,1
2019,Shular v. United States,18-6662,11th Circuit,Unknown,0,9-0,5,Kagan,1
2019,Shular v. United States,18-6662,11th Circuit,Unknown,0,9-0,5,Gorsuch,1
2019,Shular v. United States,18-6662,11th Circuit,Unknown,0,9-0,5,Kavanaugh,1
2019,Hernandez v. Mesa,17-1678,5th Circuit,Unknown,0,5-4,5,Jr.,1
2019,Hernandez v. Mesa,17-1678,5th Circuit,Unknown,0,5-4,5,Jr.,1
2019,Hernandez v. Mesa,17-1678,5th Circuit,Unknown,0,5-4,5,Thomas,1
2019,Hernandez v. Mesa,17-1678,5th Circuit,Unknown,0,5-4,5,Kavanaugh,1
2019,Hernandez v. Mesa,17-1678,5th Circuit,Unknown,0,5-4,5,Gorsuch,1
2019,Hernandez v. Mesa,17-1678,5th Circuit,Unknown,0,5-4,5,Ginsburg,0
2019,Hernandez v. Mesa,17-1678,5th Circuit,Unknown,0,5-4,5,Breyer,0
2019,Hernandez v. Mesa,17-1678,5th Circuit,Unknown,0,5-4,5,Kagan,0
2019,Hernandez v. Mesa,17-1678,5th Circuit,Unknown,0,5-4,5,Sotomayor,0
2019,June Medical Services LLC v. Russo,18-1323,5th Circuit,Unknown,1,5-4,5,Breyer,1
2019,June Medical Services LLC v. Russo,18-1323,5th Circuit,Unknown,1,5-4,5,Ginsburg,1
2019,June Medical Services LLC v. Russo,18-1323,5th Circuit,Unknown,1,5-4,5,Kagan,1
2019,June Medical Services LLC v. Russo,18-1323,5th Circuit,Unknown,1,5-4,5,Sotomayor,1
2019,June Medical Services LLC v. Russo,18-1323,5th Circuit,Unknown,1,5-4,5,Jr.,1
2019,June Medical Services LLC v. Russo,18-1323,5th Circuit,Unknown,1,5-4,5,Thomas,0
2019,June Medical Services LLC v. Russo,18-1323,5th Circuit,Unknown,1,5-4,5,Jr.,0
2019,June Medical Services LLC v. Russo,18-1323,5th Circuit,Unknown,1,5-4,5,Gorsuch,0
2019,June Medical Services LLC v. Russo,18-1323,5th Circuit,Unknown,1,5-4,5,Kavanaugh,0
2019,United States Forest Service v. Cowpasture River Preservation Association,18-1584,4th Circuit,Unknown,1,7-2,5,Thomas,1
2019,United States Forest Service v. Cowpasture River Preservation Association,18-1584,4th Circuit,Unknown,1,7-2,5,Jr.,1
2019,United States Forest Service v. Cowpasture River Preservation Association,18-1584,4th Circuit,Unknown,1,7-2,5,Ginsburg,1
2019,United States Forest Service v. Cowpasture River Preservation Association,18-1584,4th Circuit,Unknown,1,7-2,5,Breyer,1
2019,United States Forest Service v. Cowpasture River Preservation Association,18-1584,4th Circuit,Unknown,1,7-2,5,Jr.,1
2019,United States Forest Service v. Cowpasture River Preservation Association,18-1584,4th Circuit,Unknown,1,7-2,5,Gorsuch,1
2019,United States Forest Service v. Cowpasture River Preservation Association,18-1584,4th Circuit,Unknown,1,7-2,5,Kavanaugh,1
2019,United States Forest Service v. Cowpasture River Preservation Association,18-1584,4th Circuit,Unknown,1,7-2,5,Sotomayor,0
2019,United States Forest Service v. Cowpasture River Preservation Association,18-1584,4th Circuit,Unknown,1,7-2,5,Kagan,0
2019,United States v. Sineneng-Smith,19-67,9th Circuit,Unknown,1,9-0,5,Ginsburg,1
2019,United States v. Sineneng-Smith,19-67,9th Circuit,Unknown,1,9-0,5,Jr.,1
2019,United States v. Sineneng-Smith,19-67,9th Circuit,Unknown,1,9-0,5,Thomas,1
2019,United States v. Sineneng-Smith,19-67,9th Circuit,Unknown,1,9-0,5,Jr.,1
2019,United States v. Sineneng-Smith,19-67,9th Circuit,Unknown,1,9-0,5,Breyer,1
2019,United States v. Sineneng-Smith,19-67,9th Circuit,Unknown,1,9-0,5,Kagan,1
2019,United States v. Sineneng-Smith,19-67,9th Circuit,Unknown,1,9-0,5,Sotomayor,1
2019,United States v. Sineneng-Smith,19-67,9th Circuit,Unknown,1,9-0,5,Kavanaugh,1
2019,United States v. Sineneng-Smith,19-67,9th Circuit,Unknown,1,9-0,5,Gorsuch,1
2019,Nasrallah v. Barr,18-1432,11th Circuit,Unknown,1,7-2,5,Kavanaugh,1
2019,Nasrallah v. Barr,18-1432,11th Circuit,Unknown,1,7-2,5,Jr.,1
2019,Nasrallah v. Barr,18-1432,11th Circuit,Unknown,1,7-2,5,Thomas,0
2019,Nasrallah v. Barr,18-1432,11th Circuit,Unknown,1,7-2,5,Ginsburg,1
2019,Nasrallah v. Barr,18-1432,11th Circuit,Unknown,1,7-2,5,Breyer,1
2019,Nasrallah v. Barr,18-1432,11th Circuit,Unknown,1,7-2,5,Jr.,0
2019,Nasrallah v. Barr,18-1432,11th Circuit,Unknown,1,7-2,5,Kagan,1
2019,Nasrallah v. Barr,18-1432,11th Circuit,Unknown,1,7-2,5,Sotomayor,1
2019,Nasrallah v. Barr,18-1432,11th Circuit,Unknown,1,7-2,5,Gorsuch,1
2019,Lomax v. Ortiz-Marquez,18-8369,10th Circuit,Unknown,0,9-0,5,Kagan,1
2019,Lomax v. Ortiz-Marquez,18-8369,10th Circuit,Unknown,0,9-0,5,Jr.,1
2019,Lomax v. Ortiz-Marquez,18-8369,10th Circuit,Unknown,0,9-0,5,Thomas,1
2019,Lomax v. Ortiz-Marquez,18-8369,10th Circuit,Unknown,0,9-0,5,Jr.,1
2019,Lomax v. Ortiz-Marquez,18-8369,10th Circuit,Unknown,0,9-0,5,Breyer,1
2019,Lomax v. Ortiz-Marquez,18-8369,10th Circuit,Unknown,0,9-0,5,Ginsburg,1
2019,Lomax v. Ortiz-Marquez,18-8369,10th Circuit,Unknown,0,9-0,5,Sotomayor,1
2019,Lomax v. Ortiz-Marquez,18-8369,10th Circuit,Unknown,0,9-0,5,Gorsuch,1
2019,Lomax v. Ortiz-Marquez,18-8369,10th Circuit,Unknown,0,9-0,5,Kavanaugh,1
2019,Liu v. Securities and Exchange Commission,18-1501,9th Circuit,Unknown,1,8-1,5,Sotomayor,1
2019,Liu v. Securities and Exchange Commission,18-1501,9th Circuit,Unknown,1,8-1,5,Jr.,1
2019,Liu v. Securities and Exchange Commission,18-1501,9th Circuit,Unknown,1,8-1,5,Breyer,1
2019,Liu v. Securities and Exchange Commission,18-1501,9th Circuit,Unknown,1,8-1,5,Ginsburg,1
2019,Liu v. Securities and Exchange Commission,18-1501,9th Circuit,Unknown,1,8-1,5,Jr.,1
2019,Liu v. Securities and Exchange Commission,18-1501,9th Circuit,Unknown,1,8-1,5,Kagan,1
2019,Liu v. Securities and Exchange Commission,18-1501,9th Circuit,Unknown,1,8-1,5,Gorsuch,1
2019,Liu v. Securities and Exchange Commission,18-1501,9th Circuit,Unknown,1,8-1,5,Kavanaugh,1
2019,Liu v. Securities and Exchange Commission,18-1501,9th Circuit,Unknown,1,8-1,5,Thomas,0
2019,U.S. Patent and Trademark Office v. Booking.com B.V.,19-46,4th Circuit,Unknown,0,8-1,5,Ginsburg,1
2019,U.S. Patent and Trademark Office v. Booking.com B.V.,19-46,4th Circuit,Unknown,0,8-1,5,Jr.,1
2019,U.S. Patent and Trademark Office v. Booking.com B.V.,19-46,4th Circuit,Unknown,0,8-1,5,Thomas,1
2019,U.S. Patent and Trademark Office v. Booking.com B.V.,19-46,4th Circuit,Unknown,0,8-1,5,Breyer,0
2019,U.S. Patent and Trademark Office v. Booking.com B.V.,19-46,4th Circuit,Unknown,0,8-1,5,Jr.,1
2019,U.S. Patent and Trademark Office v. Booking.com B.V.,19-46,4th Circuit,Unknown,0,8-1,5,Sotomayor,1
2019,U.S. Patent and Trademark Office v. Booking.com B.V.,19-46,4th Circuit,Unknown,0,8-1,5,Kagan,1
2019,U.S. Patent and Trademark Office v. Booking.com B.V.,19-46,4th Circuit,Unknown,0,8-1,5,Gorsuch,1
2019,U.S. Patent and Trademark Office v. Booking.com B.V.,19-46,4th Circuit,Unknown,0,8-1,5,Kavanaugh,1
2019,Thompson v. Hebdon,19-122,9th Circuit,Unknown,1,9-0,5,Jr.,1
2019,Thompson v. Hebdon,19-122,9th Circuit,Unknown,1,9-0,5,Thomas,1
2019,Thompson v. Hebdon,19-122,9th Circuit,Unknown,1,9-0,5,Breyer,1
2019,Thompson v. Hebdon,19-122,9th Circuit,Unknown,1,9-0,5,Ginsburg,1
2019,Thompson v. Hebdon,19-122,9th Circuit,Unknown,1,9-0,5,Kagan,1
2019,Thompson v. Hebdon,19-122,9th Circuit,Unknown,1,9-0,5,Jr.,1
2019,Thompson v. Hebdon,19-122,9th Circuit,Unknown,1,9-0,5,Sotomayor,1
2019,Thompson v. Hebdon,19-122,9th Circuit,Unknown,1,9-0,5,Gorsuch,1
2019,Thompson v. Hebdon,19-122,9th Circuit,Unknown,1,9-0,5,Kavanaugh,1
2019,McGirt v. Oklahoma,18-9526,State Supreme Court,Unknown,1,5-4,5,Gorsuch,1
2019,McGirt v. Oklahoma,18-9526,State Supreme Court,Unknown,1,5-4,5,Ginsburg,1
2019,McGirt v. Oklahoma,18-9526,State Supreme Court,Unknown,1,5-4,5,Breyer,1
2019,McGirt v. Oklahoma,18-9526,State Supreme Court,Unknown,1,5-4,5,Sotomayor,1
2019,McGirt v. Oklahoma,18-9526,State Supreme Court,Unknown,1,5-4,5,Kagan,1
2019,McGirt v. Oklahoma,18-9526,State Supreme Court,Unknown,1,5-4,5,Jr.,0
2019,McGirt v. Oklahoma,18-9526,State Supreme Court,Unknown,1,5-4,5,Thomas,0
2019,McGirt v. Oklahoma,18-9526,State Supreme Court,Unknown,1,5-4,5,Jr.,0
2019,McGirt v. Oklahoma,18-9526,State Supreme Court,Unknown,1,5-4,5,Kavanaugh,0
2019,Trump v. Vance,19-635,2nd Circuit,Unknown,0,7-2,5,Jr.,1
2019,Trump v. Vance,19-635,2nd Circuit,Unknown,0,7-2,5,Thomas,0
2019,Trump v. Vance,19-635,2nd Circuit,Unknown,0,7-2,5,Ginsburg,1
2019,Trump v. Vance,19-635,2nd Circuit,Unknown,0,7-2,5,Breyer,1
2019,Trump v. Vance,19-635,2nd Circuit,Unknown,0,7-2,5,Jr.,0
2019,Trump v. Vance,19-635,2nd Circuit,Unknown,0,7-2,5,Sotomayor,1
2019,Trump v. Vance,19-635,2nd Circuit,Unknown,0,7-2,5,Kagan,1
2019,Trump v. Vance,19-635,2nd Circuit,Unknown,0,7-2,5,Gorsuch,1
2019,Trump v. Vance,19-635,2nd Circuit,Unknown,0,7-2,5,Kavanaugh,1
2019,Our Lady of Guadalupe School v. Morrissey-Berru,19-267,9th Circuit,Unknown,1,7-2,5,Jr.,1
2019,Our Lady of Guadalupe School v. Morrissey-Berru,19-267,9th Circuit,Unknown,1,7-2,5,Jr.,1
2019,Our Lady of Guadalupe School v. Morrissey-Berru,19-267,9th Circuit,Unknown,1,7-2,5,Thomas,1
2019,Our Lady of Guadalupe School v. Morrissey-Berru,19-267,9th Circuit,Unknown,1,7-2,5,Gorsuch,1
2019,Our Lady of Guadalupe School v. Morrissey-Berru,19-267,9th Circuit,Unknown,1,7-2,5,Kavanaugh,1
2019,Our Lady of Guadalupe School v. Morrissey-Berru,19-267,9th Circuit,Unknown,1,7-2,5,Kagan,1
2019,Our Lady of Guadalupe School v. Morrissey-Berru,19-267,9th Circuit,Unknown,1,7-2,5,Breyer,1
2019,Our Lady of Guadalupe School v. Morrissey-Berru,19-267,9th Circuit,Unknown,1,7-2,5,Sotomayor,0
2019,Our Lady of Guadalupe School v. Morrissey-Berru,19-267,9th Circuit,Unknown,1,7-2,5,Ginsburg,0
2019,Little Sisters of the Poor Saints Peter and Paul Home v. Pennsylvania,19-431,3rd Circuit,Unknown,1,7-2,5,Thomas,1
2019,Little Sisters of the Poor Saints Peter and Paul Home v. Pennsylvania,19-431,3rd Circuit,Unknown,1,7-2,5,Jr.,1
2019,Little Sisters of the Poor Saints Peter and Paul Home v. Pennsylvania,19-431,3rd Circuit,Unknown,1,7-2,5,Jr.,1
2019,Little Sisters of the Poor Saints Peter and Paul Home v. Pennsylvania,19-431,3rd Circuit,Unknown,1,7-2,5,Kavanaugh,1
2019,Little Sisters of the Poor Saints Peter and Paul Home v. Pennsylvania,19-431,3rd Circuit,Unknown,1,7-2,5,Gorsuch,1
2019,Little Sisters of the Poor Saints Peter and Paul Home v. Pennsylvania,19-431,3rd Circuit,Unknown,1,7-2,5,Kagan,1
2019,Little Sisters of the Poor Saints Peter and Paul Home v. Pennsylvania,19-431,3rd Circuit,Unknown,1,7-2,5,Breyer,1
2019,Little Sisters of the Poor Saints Peter and Paul Home v. Pennsylvania,19-431,3rd Circuit,Unknown,1,7-2,5,Ginsburg,0
2019,Little Sisters of the Poor Saints Peter and Paul Home v. Pennsylvania,19-431,3rd Circuit,Unknown,1,7-2,5,Sotomayor,0
2019,Chiafalo v. Washington,19-465,Other,Unknown,0,9-0,5,Kagan,1
2019,Chiafalo v. Washington,19-465,Other,Unknown,0,9-0,5,Jr.,1
2019,Chiafalo v. Washington,19-465,Other,Unknown,0,9-0,5,Thomas,1
2019,Chiafalo v. Washington,19-465,Other,Unknown,0,9-0,5,Ginsburg,1
2019,Chiafalo v. Washington,19-465,Other,Unknown,0,9-0,5,Breyer,1
2019,Chiafalo v. Washington,19-465,Other,Unknown,0,9-0,5,Sotomayor,1
2019,Chiafalo v. Washington,19-465,Other,Unknown,0,9-0,5,Gorsuch,1
2019,Chiafalo v. Washington,19-465,Other,Unknown,0,9-0,5,Kavanaugh,1
2019,Chiafalo v. Washington,19-465,Other,Unknown,0,9-0,5,Jr.,1
2019,Colorado Department of State v. Baca,19-518,10th Circuit,Unknown,1,8-1,5,Jr.,1
2019,Colorado Department of State v. Baca,19-518,10th Circuit,Unknown,1,8-1,5,Thomas,1
2019,Colorado Department of State v. Baca,19-518,10th Circuit,Unknown,1,8-1,5,Ginsburg,1
2019,Colorado Department of State v. Baca,19-518,10th Circuit,Unknown,1,8-1,5,Breyer,1
2019,Colorado Department of State v. Baca,19-518,10th Circuit,Unknown,1,8-1,5,Jr.,1
2019,Colorado Department of State v. Baca,19-518,10th Circuit,Unknown,1,8-1,5,Sotomayor,0
2019,Colorado Department of State v. Baca,19-518,10th Circuit,Unknown,1,8-1,5,Kagan,1
2019,Colorado Department of State v. Baca,19-518,10th Circuit,Unknown,1,8-1,5,Gorsuch,1
2019,Colorado Department of State v. Baca,19-518,10th Circuit,Unknown,1,8-1,5,Kavanaugh,1
2018,Weyerhaeuser Company v. United States Fish and Wildlife Service,17-71,5th Circuit,Unknown,1,8-1,5,Jr.,1
2018,Weyerhaeuser Company v. United States Fish and Wildlife Service,17-71,5th Circuit,Unknown,1,8-1,5,Thomas,1
2018,Weyerhaeuser Company v. United States Fish and Wildlife Service,17-71,5th Circuit,Unknown,1,8-1,5,Breyer,1
2018,Weyerhaeuser Company v. United States Fish and Wildlife Service,17-71,5th Circuit,Unknown,1,8-1,5,Ginsburg,1
2018,Weyerhaeuser Company v. United States Fish and Wildlife Service,17-71,5th Circuit,Unknown,1,8-1,5,Jr.,1
2018,Weyerhaeuser Company v. United States Fish and Wildlife Service,17-71,5th Circuit,Unknown,1,8-1,5,Kagan,1
2018,Weyerhaeuser Company v. United States Fish and Wildlife Service,17-71,5th Circuit,Unknown,1,8-1,5,Sotomayor,1
2018,Weyerhaeuser Company v. United States Fish and Wildlife Service,17-71,5th Circuit,Unknown,1,8-1,5,Gorsuch,1
2018,Weyerhaeuser Company v. United States Fish and Wildlife Service,17-71,5th Circuit,Unknown,1,8-1,5,Kavanaugh,0
2018,Weyerhaeuser Company v. United States Fish and Wildlife Service,17-71,5th Circuit,Unknown,1,8-1,5,Jr.,1
2018,Weyerhaeuser Company v. United States Fish and Wildlife Service,17-71,5th Circuit,Unknown,1,8-1,5,Thomas,1
2018,Weyerhaeuser Company v. United States Fish and Wildlife Service,17-71,5th Circuit,Unknown,1,8-1,5,Jr.,1
2018,Weyerhaeuser Company v. United States Fish and Wildlife Service,17-71,5th Circuit,Unknown,1,8-1,5,Breyer,1
2018,Weyerhaeuser Company v. United States Fish and Wildlife Service,17-71,5th Circuit,Unknown,1,8-1,5,Ginsburg,1
2018,Weyerhaeuser Company v. United States Fish and Wildlife Service,17-71,5th Circuit,Unknown,1,8-1,5,Kagan,1
2018,Weyerhaeuser Company v. United States Fish and Wildlife Service,17-71,5th Circuit,Unknown,1,8-1,5,Sotomayor,1
2018,Weyerhaeuser Company v. United States Fish and Wildlife Service,17-71,5th Circuit,Unknown,1,8-1,5,Gorsuch,1
2018,Weyerhaeuser Company v. United States Fish and Wildlife Service,17-71,5th Circuit,Unknown,1,8-1,5,Kavanaugh,0
2018,"Knick v. Township of Scott, Pennsylvania",17-647,3rd Circuit,Unknown,1,5-4,5,Jr.,1
2018,"Knick v. Township of Scott, Pennsylvania",17-647,3rd Circuit,Unknown,1,5-4,5,Thomas,1
2018,"Knick v. Township of Scott, Pennsylvania",17-647,3rd Circuit,Unknown,1,5-4,5,Jr.,1
2018,"Knick v. Township of Scott, Pennsylvania",17-647,3rd Circuit,Unknown,1,5-4,5,Gorsuch,1
2018,"Knick v. Township of Scott, Pennsylvania",17-647,3rd Circuit,Unknown,1,5-4,5,Kavanaugh,1
2018,"Knick v. Township of Scott, Pennsylvania",17-647,3rd Circuit,Unknown,1,5-4,5,Kagan,0
2018,"Knick v. Township of Scott, Pennsylvania",17-647,3rd Circuit,Unknown,1,5-4,5,Sotomayor,0
2018,"Knick v. Township of Scott, Pennsylvania",17-647,3rd Circuit,Unknown,1,5-4,5,Breyer,0
2018,"Knick v. Township of Scott, Pennsylvania",17-647,3rd Circuit,Unknown,1,5-4,5,Ginsburg,0
2018,Gundy v. United States,17-6086,2nd Circuit,Unknown,0,5-4,5,Kagan,1
2018,Gundy v. United States,17-6086,2nd Circuit,Unknown,0,5-4,5,Ginsburg,1
2018,Gundy v. United States,17-6086,2nd Circuit,Unknown,0,5-4,5,Breyer,1
2018,Gundy v. United States,17-6086,2nd Circuit,Unknown,0,5-4,5,Sotomayor,1
2018,Gundy v. United States,17-6086,2nd Circuit,Unknown,0,5-4,5,Jr.,1
2018,Gundy v. United States,17-6086,2nd Circuit,Unknown,0,5-4,5,Gorsuch,0
2018,Gundy v. United States,17-6086,2nd Circuit,Unknown,0,5-4,5,Jr.,0
2018,Gundy v. United States,17-6086,2nd Circuit,Unknown,0,5-4,5,Thomas,0
2018,Gundy v. United States,17-6086,2nd Circuit,Unknown,0,5-4,5,Kavanaugh,0
2018,Nielsen v. Preap,16-1363,9th Circuit,Unknown,1,5-4,5,Jr.,1
2018,Nielsen v. Preap,16-1363,9th Circuit,Unknown,1,5-4,5,Jr.,1
2018,Nielsen v. Preap,16-1363,9th Circuit,Unknown,1,5-4,5,Kavanaugh,1
2018,Nielsen v. Preap,16-1363,9th Circuit,Unknown,1,5-4,5,Thomas,1
2018,Nielsen v. Preap,16-1363,9th Circuit,Unknown,1,5-4,5,Gorsuch,1
2018,Nielsen v. Preap,16-1363,9th Circuit,Unknown,1,5-4,5,Breyer,0
2018,Nielsen v. Preap,16-1363,9th Circuit,Unknown,1,5-4,5,Sotomayor,0
2018,Nielsen v. Preap,16-1363,9th Circuit,Unknown,1,5-4,5,Kagan,0
2018,Nielsen v. Preap,16-1363,9th Circuit,Unknown,1,5-4,5,Ginsburg,0
2018,Stokeling v. United States,17-5554,11th Circuit,Unknown,0,5-4,5,Thomas,1
2018,Stokeling v. United States,17-5554,11th Circuit,Unknown,0,5-4,5,Breyer,1
2018,Stokeling v. United States,17-5554,11th Circuit,Unknown,0,5-4,5,Gorsuch,1
2018,Stokeling v. United States,17-5554,11th Circuit,Unknown,0,5-4,5,Jr.,1
2018,Stokeling v. United States,17-5554,11th Circuit,Unknown,0,5-4,5,Kavanaugh,1
2018,Stokeling v. United States,17-5554,11th Circuit,Unknown,0,5-4,5,Sotomayor,0
2018,Stokeling v. United States,17-5554,11th Circuit,Unknown,0,5-4,5,Kagan,0
2018,Stokeling v. United States,17-5554,11th Circuit,Unknown,0,5-4,5,Jr.,0
2018,Stokeling v. United States,17-5554,11th Circuit,Unknown,0,5-4,5,Ginsburg,0
2018,United States v. Stitt,17-765,6th Circuit,Unknown,1,9-0,5,Breyer,1
2018,United States v. Stitt,17-765,6th Circuit,Unknown,1,9-0,5,Jr.,1
2018,United States v. Stitt,17-765,6th Circuit,Unknown,1,9-0,5,Jr.,1
2018,United States v. Stitt,17-765,6th Circuit,Unknown,1,9-0,5,Thomas,1
2018,United States v. Stitt,17-765,6th Circuit,Unknown,1,9-0,5,Ginsburg,1
2018,United States v. Stitt,17-765,6th Circuit,Unknown,1,9-0,5,Kagan,1
2018,United States v. Stitt,17-765,6th Circuit,Unknown,1,9-0,5,Sotomayor,1
2018,United States v. Stitt,17-765,6th Circuit,Unknown,1,9-0,5,Gorsuch,1
2018,United States v. Stitt,17-765,6th Circuit,Unknown,1,9-0,5,Kavanaugh,1
2018,Frank v. Gaos,17-961,9th Circuit,Unknown,1,9-0,5,Jr.,1
2018,Frank v. Gaos,17-961,9th Circuit,Unknown,1,9-0,5,Thomas,1
2018,Frank v. Gaos,17-961,9th Circuit,Unknown,1,9-0,5,Breyer,1
2018,Frank v. Gaos,17-961,9th Circuit,Unknown,1,9-0,5,Ginsburg,1
2018,Frank v. Gaos,17-961,9th Circuit,Unknown,1,9-0,5,Jr.,1
2018,Frank v. Gaos,17-961,9th Circuit,Unknown,1,9-0,5,Sotomayor,1
2018,Frank v. Gaos,17-961,9th Circuit,Unknown,1,9-0,5,Kagan,1
2018,Frank v. Gaos,17-961,9th Circuit,Unknown,1,9-0,5,Kavanaugh,1
2018,Frank v. Gaos,17-961,9th Circuit,Unknown,1,9-0,5,Gorsuch,1
2018,"Lamps Plus, Inc. v. Varela",17-988,9th Circuit,Unknown,1,5-4,5,Jr.,1
2018,"Lamps Plus, Inc. v. Varela",17-988,9th Circuit,Unknown,1,5-4,5,Thomas,1
2018,"Lamps Plus, Inc. v. Varela",17-988,9th Circuit,Unknown,1,5-4,5,Jr.,1
2018,"Lamps Plus, Inc. v. Varela",17-988,9th Circuit,Unknown,1,5-4,5,Gorsuch,1
2018,"Lamps Plus, Inc. v. Varela",17-988,9th Circuit,Unknown,1,5-4,5,Kavanaugh,1
2018,"Lamps Plus, Inc. v. Varela",17-988,9th Circuit,Unknown,1,5-4,5,Breyer,0
2018,"Lamps Plus, Inc. v. Varela",17-988,9th Circuit,Unknown,1,5-4,5,Ginsburg,0
2018,"Lamps Plus, Inc. v. Varela",17-988,9th Circuit,Unknown,1,5-4,5,Sotomayor,0
2018,"Lamps Plus, Inc. v. Varela",17-988,9th Circuit,Unknown,1,5-4,5,Kagan,0
2018,Bucklew v. Precythe,17-8151,8th Circuit,Unknown,0,5-4,5,Gorsuch,1
2018,Bucklew v. Precythe,17-8151,8th Circuit,Unknown,0,5-4,5,Jr.,1
2018,Bucklew v. Precythe,17-8151,8th Circuit,Unknown,0,5-4,5,Thomas,1
2018,Bucklew v. Precythe,17-8151,8th Circuit,Unknown,0,5-4,5,Kavanaugh,1
2018,Bucklew v. Precythe,17-8151,8th Circuit,Unknown,0,5-4,5,Jr.,1
2018,Bucklew v. Precythe,17-8151,8th Circuit,Unknown,0,5-4,5,Breyer,0
2018,Bucklew v. Precythe,17-8151,8th Circuit,Unknown,0,5-4,5,Kagan,0
2018,Bucklew v. Precythe,17-8151,8th Circuit,Unknown,0,5-4,5,Sotomayor,0
2018,Bucklew v. Precythe,17-8151,8th Circuit,Unknown,0,5-4,5,Ginsburg,0
2018,New Prime Inc. v. Oliveira,17-340,1st Circuit,Unknown,0,8-1,5,Gorsuch,1
2018,New Prime Inc. v. Oliveira,17-340,1st Circuit,Unknown,0,8-1,5,Breyer,1
2018,New Prime Inc. v. Oliveira,17-340,1st Circuit,Unknown,0,8-1,5,Sotomayor,1
2018,New Prime Inc. v. Oliveira,17-340,1st Circuit,Unknown,0,8-1,5,Kagan,1
2018,New Prime Inc. v. Oliveira,17-340,1st Circuit,Unknown,0,8-1,5,Thomas,1
2018,New Prime Inc. v. Oliveira,17-340,1st Circuit,Unknown,0,8-1,5,Ginsburg,1
2018,New Prime Inc. v. Oliveira,17-340,1st Circuit,Unknown,0,8-1,5,Jr.,1
2018,New Prime Inc. v. Oliveira,17-340,1st Circuit,Unknown,0,8-1,5,Jr.,1
2018,New Prime Inc. v. Oliveira,17-340,1st Circuit,Unknown,0,8-1,5,Kavanaugh,0
2018,Mount Lemmon Fire District v. Guido,17-587,9th Circuit,Unknown,0,8-1,5,Ginsburg,1
2018,Mount Lemmon Fire District v. Guido,17-587,9th Circuit,Unknown,0,8-1,5,Jr.,1
2018,Mount Lemmon Fire District v. Guido,17-587,9th Circuit,Unknown,0,8-1,5,Thomas,1
2018,Mount Lemmon Fire District v. Guido,17-587,9th Circuit,Unknown,0,8-1,5,Breyer,1
2018,Mount Lemmon Fire District v. Guido,17-587,9th Circuit,Unknown,0,8-1,5,Kagan,1
2018,Mount Lemmon Fire District v. Guido,17-587,9th Circuit,Unknown,0,8-1,5,Jr.,1
2018,Mount Lemmon Fire District v. Guido,17-587,9th Circuit,Unknown,0,8-1,5,Sotomayor,1
2018,Mount Lemmon Fire District v. Guido,17-587,9th Circuit,Unknown,0,8-1,5,Gorsuch,1
2018,Mount Lemmon Fire District v. Guido,17-587,9th Circuit,Unknown,0,8-1,5,Kavanaugh,0
2018,Madison v. Alabama,17-7505,Other,Unknown,1,5-4,5,Kagan,1
2018,Madison v. Alabama,17-7505,Other,Unknown,1,5-4,5,Jr.,1
2018,Madison v. Alabama,17-7505,Other,Unknown,1,5-4,5,Breyer,1
2018,Madison v. Alabama,17-7505,Other,Unknown,1,5-4,5,Sotomayor,1
2018,Madison v. Alabama,17-7505,Other,Unknown,1,5-4,5,Ginsburg,1
2018,Madison v. Alabama,17-7505,Other,Unknown,1,5-4,5,Jr.,0
2018,Madison v. Alabama,17-7505,Other,Unknown,1,5-4,5,Gorsuch,0
2018,Madison v. Alabama,17-7505,Other,Unknown,1,5-4,5,Thomas,0
2018,Madison v. Alabama,17-7505,Other,Unknown,1,5-4,5,Kavanaugh,0
2018,BNSF Railway Co. v. Loos,17-1042,8th Circuit,Unknown,1,7-2,5,Ginsburg,1
2018,BNSF Railway Co. v. Loos,17-1042,8th Circuit,Unknown,1,7-2,5,Jr.,1
2018,BNSF Railway Co. v. Loos,17-1042,8th Circuit,Unknown,1,7-2,5,Breyer,1
2018,BNSF Railway Co. v. Loos,17-1042,8th Circuit,Unknown,1,7-2,5,Jr.,1
2018,BNSF Railway Co. v. Loos,17-1042,8th Circuit,Unknown,1,7-2,5,Kagan,1
2018,BNSF Railway Co. v. Loos,17-1042,8th Circuit,Unknown,1,7-2,5,Sotomayor,1
2018,BNSF Railway Co. v. Loos,17-1042,8th Circuit,Unknown,1,7-2,5,Kavanaugh,1
2018,BNSF Railway Co. v. Loos,17-1042,8th Circuit,Unknown,1,7-2,5,Gorsuch,0
2018,BNSF Railway Co. v. Loos,17-1042,8th Circuit,Unknown,1,7-2,5,Thomas,0
2018,Air and Liquid Systems Corp. v. Devries,17-1104,3rd Circuit,Unknown,0,6-3,5,Kavanaugh,1
2018,Air and Liquid Systems Corp. v. Devries,17-1104,3rd Circuit,Unknown,0,6-3,5,Jr.,1
2018,Air and Liquid Systems Corp. v. Devries,17-1104,3rd Circuit,Unknown,0,6-3,5,Sotomayor,1
2018,Air and Liquid Systems Corp. v. Devries,17-1104,3rd Circuit,Unknown,0,6-3,5,Kagan,1
2018,Air and Liquid Systems Corp. v. Devries,17-1104,3rd Circuit,Unknown,0,6-3,5,Breyer,1
2018,Air and Liquid Systems Corp. v. Devries,17-1104,3rd Circuit,Unknown,0,6-3,5,Ginsburg,1
2018,Air and Liquid Systems Corp. v. Devries,17-1104,3rd Circuit,Unknown,0,6-3,5,Gorsuch,0
2018,Air and Liquid Systems Corp. v. Devries,17-1104,3rd Circuit,Unknown,0,6-3,5,Thomas,0
2018,Air and Liquid Systems Corp. v. Devries,17-1104,3rd Circuit,Unknown,0,6-3,5,Jr.,0
2018,Culbertson v. Berryhill,17-773,11th Circuit,Unknown,1,9-0,5,Thomas,1
2018,Culbertson v. Berryhill,17-773,11th Circuit,Unknown,1,9-0,5,Jr.,1
2018,Culbertson v. Berryhill,17-773,11th Circuit,Unknown,1,9-0,5,Ginsburg,1
2018,Culbertson v. Berryhill,17-773,11th Circuit,Unknown,1,9-0,5,Breyer,1
2018,Culbertson v. Berryhill,17-773,11th Circuit,Unknown,1,9-0,5,Sotomayor,1
2018,Culbertson v. Berryhill,17-773,11th Circuit,Unknown,1,9-0,5,Kagan,1
2018,Culbertson v. Berryhill,17-773,11th Circuit,Unknown,1,9-0,5,Gorsuch,1
2018,Culbertson v. Berryhill,17-773,11th Circuit,Unknown,1,9-0,5,Jr.,1
2018,Culbertson v. Berryhill,17-773,11th Circuit,Unknown,1,9-0,5,Kavanaugh,1
2018,Jam v. International Finance Corp.,17-1011,Other,Unknown,1,7-2,5,Jr.,1
2018,Jam v. International Finance Corp.,17-1011,Other,Unknown,1,7-2,5,Thomas,1
2018,Jam v. International Finance Corp.,17-1011,Other,Unknown,1,7-2,5,Ginsburg,1
2018,Jam v. International Finance Corp.,17-1011,Other,Unknown,1,7-2,5,Jr.,1
2018,Jam v. International Finance Corp.,17-1011,Other,Unknown,1,7-2,5,Sotomayor,1
2018,Jam v. International Finance Corp.,17-1011,Other,Unknown,1,7-2,5,Kagan,1
2018,Jam v. International Finance Corp.,17-1011,Other,Unknown,1,7-2,5,Gorsuch,1
2018,Jam v. International Finance Corp.,17-1011,Other,Unknown,1,7-2,5,Breyer,0
2018,Jam v. International Finance Corp.,17-1011,Other,Unknown,1,7-2,5,Kavanaugh,0
2018,"Virginia Uranium, Inc. v. Warren",16-1275,4th Circuit,Unknown,0,6-3,5,Gorsuch,1
2018,"Virginia Uranium, Inc. v. Warren",16-1275,4th Circuit,Unknown,0,6-3,5,Thomas,1
2018,"Virginia Uranium, Inc. v. Warren",16-1275,4th Circuit,Unknown,0,6-3,5,Kavanaugh,1
2018,"Virginia Uranium, Inc. v. Warren",16-1275,4th Circuit,Unknown,0,6-3,5,Ginsburg,1
2018,"Virginia Uranium, Inc. v. Warren",16-1275,4th Circuit,Unknown,0,6-3,5,Sotomayor,1
2018,"Virginia Uranium, Inc. v. Warren",16-1275,4th Circuit,Unknown,0,6-3,5,Kagan,1
2018,"Virginia Uranium, Inc. v. Warren",16-1275,4th Circuit,Unknown,0,6-3,5,Jr.,0
2018,"Virginia Uranium, Inc. v. Warren",16-1275,4th Circuit,Unknown,0,6-3,5,Breyer,0
2018,"Virginia Uranium, Inc. v. Warren",16-1275,4th Circuit,Unknown,0,6-3,5,Jr.,0
2018,Apple v. Pepper,17-204,9th Circuit,Unknown,0,5-4,5,Kavanaugh,1
2018,Apple v. Pepper,17-204,9th Circuit,Unknown,0,5-4,5,Kagan,1
2018,Apple v. Pepper,17-204,9th Circuit,Unknown,0,5-4,5,Ginsburg,1
2018,Apple v. Pepper,17-204,9th Circuit,Unknown,0,5-4,5,Breyer,1
2018,Apple v. Pepper,17-204,9th Circuit,Unknown,0,5-4,5,Sotomayor,1
2018,Apple v. Pepper,17-204,9th Circuit,Unknown,0,5-4,5,Gorsuch,0
2018,Apple v. Pepper,17-204,9th Circuit,Unknown,0,5-4,5,Jr.,0
2018,Apple v. Pepper,17-204,9th Circuit,Unknown,0,5-4,5,Thomas,0
2018,Apple v. Pepper,17-204,9th Circuit,Unknown,0,5-4,5,Jr.,0
2018,Garza v. Idaho,17-1026,Other,Unknown,1,6-3,5,Sotomayor,1
2018,Garza v. Idaho,17-1026,Other,Unknown,1,6-3,5,Kagan,1
2018,Garza v. Idaho,17-1026,Other,Unknown,1,6-3,5,Kavanaugh,1
2018,Garza v. Idaho,17-1026,Other,Unknown,1,6-3,5,Breyer,1
2018,Garza v. Idaho,17-1026,Other,Unknown,1,6-3,5,Ginsburg,1
2018,Garza v. Idaho,17-1026,Other,Unknown,1,6-3,5,Jr.,1
2018,Garza v. Idaho,17-1026,Other,Unknown,1,6-3,5,Thomas,0
2018,Garza v. Idaho,17-1026,Other,Unknown,1,6-3,5,Gorsuch,0
2018,Garza v. Idaho,17-1026,Other,Unknown,1,6-3,5,Jr.,0
2018,Lorenzo v. Securities and Exchange Commission,17-1077,Other,Unknown,0,6-3,5,Breyer,1
2018,Lorenzo v. Securities and Exchange Commission,17-1077,Other,Unknown,0,6-3,5,Kagan,1
2018,Lorenzo v. Securities and Exchange Commission,17-1077,Other,Unknown,0,6-3,5,Sotomayor,1
2018,Lorenzo v. Securities and Exchange Commission,17-1077,Other,Unknown,0,6-3,5,Ginsburg,1
2018,Lorenzo v. Securities and Exchange Commission,17-1077,Other,Unknown,0,6-3,5,Jr.,1
2018,Lorenzo v. Securities and Exchange Commission,17-1077,Other,Unknown,0,6-3,5,Jr.,1
2018,Lorenzo v. Securities and Exchange Commission,17-1077,Other,Unknown,0,6-3,5,Thomas,0
2018,Lorenzo v. Securities and Exchange Commission,17-1077,Other,Unknown,0,6-3,5,Gorsuch,0
2018,Lorenzo v. Securities and Exchange Commission,17-1077,Other,Unknown,0,6-3,5,Kavanaugh,0
2018,Sturgeon v. Frost,17-949,9th Circuit,Unknown,1,9-0,5,Kagan,1
2018,Sturgeon v. Frost,17-949,9th Circuit,Unknown,1,9-0,5,Jr.,1
2018,Sturgeon v. Frost,17-949,9th Circuit,Unknown,1,9-0,5,Thomas,1
2018,Sturgeon v. Frost,17-949,9th Circuit,Unknown,1,9-0,5,Jr.,1
2018,Sturgeon v. Frost,17-949,9th Circuit,Unknown,1,9-0,5,Breyer,1
2018,Sturgeon v. Frost,17-949,9th Circuit,Unknown,1,9-0,5,Sotomayor,1
2018,Sturgeon v. Frost,17-949,9th Circuit,Unknown,1,9-0,5,Ginsburg,1
2018,Sturgeon v. Frost,17-949,9th Circuit,Unknown,1,9-0,5,Gorsuch,1
2018,Sturgeon v. Frost,17-949,9th Circuit,Unknown,1,9-0,5,Kavanaugh,1
2018,Timbs v. Indiana,17-1091,State Supreme Court,Unknown,1,9-0,5,Ginsburg,1
2018,Timbs v. Indiana,17-1091,State Supreme Court,Unknown,1,9-0,5,Jr.,1
2018,Timbs v. Indiana,17-1091,State Supreme Court,Unknown,1,9-0,5,Breyer,1
2018,Timbs v. Indiana,17-1091,State Supreme Court,Unknown,1,9-0,5,Jr.,1
2018,Timbs v. Indiana,17-1091,State Supreme Court,Unknown,1,9-0,5,Thomas,1
2018,Timbs v. Indiana,17-1091,State Supreme Court,Unknown,1,9-0,5,Kagan,1
2018,Timbs v. Indiana,17-1091,State Supreme Court,Unknown,1,9-0,5,Sotomayor,1
2018,Timbs v. Indiana,17-1091,State Supreme Court,Unknown,1,9-0,5,Kavanaugh,1
2018,Timbs v. Indiana,17-1091,State Supreme Court,Unknown,1,9-0,5,Gorsuch,1
2018,"Washington State Department of Licensing v. Cougar Den, Inc.",16-1498,Other,Unknown,0,5-4,5,Breyer,1
2018,"Washington State Department of Licensing v. Cougar Den, Inc.",16-1498,Other,Unknown,0,5-4,5,Sotomayor,1
2018,"Washington State Department of Licensing v. Cougar Den, Inc.",16-1498,Other,Unknown,0,5-4,5,Kagan,1
2018,"Washington State Department of Licensing v. Cougar Den, Inc.",16-1498,Other,Unknown,0,5-4,5,Gorsuch,1
2018,"Washington State Department of Licensing v. Cougar Den, Inc.",16-1498,Other,Unknown,0,5-4,5,Ginsburg,1
2018,"Washington State Department of Licensing v. Cougar Den, Inc.",16-1498,Other,Unknown,0,5-4,5,Jr.,0
2018,"Washington State Department of Licensing v. Cougar Den, Inc.",16-1498,Other,Unknown,0,5-4,5,Jr.,0
2018,"Washington State Department of Licensing v. Cougar Den, Inc.",16-1498,Other,Unknown,0,5-4,5,Thomas,0
2018,"Washington State Department of Licensing v. Cougar Den, Inc.",16-1498,Other,Unknown,0,5-4,5,Kavanaugh,0
2018,Republic of Sudan v. Harrison,16-1094,2nd Circuit,Unknown,1,8-1,5,Jr.,1
2018,Republic of Sudan v. Harrison,16-1094,2nd Circuit,Unknown,1,8-1,5,Jr.,1
2018,Republic of Sudan v. Harrison,16-1094,2nd Circuit,Unknown,1,8-1,5,Breyer,1
2018,Republic of Sudan v. Harrison,16-1094,2nd Circuit,Unknown,1,8-1,5,Ginsburg,1
2018,Republic of Sudan v. Harrison,16-1094,2nd Circuit,Unknown,1,8-1,5,Kagan,1
2018,Republic of Sudan v. Harrison,16-1094,2nd Circuit,Unknown,1,8-1,5,Sotomayor,1
2018,Republic of Sudan v. Harrison,16-1094,2nd Circuit,Unknown,1,8-1,5,Gorsuch,1
2018,Republic of Sudan v. Harrison,16-1094,2nd Circuit,Unknown,1,8-1,5,Kavanaugh,1
2018,Republic of Sudan v. Harrison,16-1094,2nd Circuit,Unknown,1,8-1,5,Thomas,0
2018,Dawson v. Steager,17-419,State Supreme Court,Unknown,1,9-0,5,Gorsuch,1
2018,Dawson v. Steager,17-419,State Supreme Court,Unknown,1,9-0,5,Jr.,1
2018,Dawson v. Steager,17-419,State Supreme Court,Unknown,1,9-0,5,Jr.,1
2018,Dawson v. Steager,17-419,State Supreme Court,Unknown,1,9-0,5,Thomas,1
2018,Dawson v. Steager,17-419,State Supreme Court,Unknown,1,9-0,5,Breyer,1
2018,Dawson v. Steager,17-419,State Supreme Court,Unknown,1,9-0,5,Ginsburg,1
2018,Dawson v. Steager,17-419,State Supreme Court,Unknown,1,9-0,5,Kagan,1
2018,Dawson v. Steager,17-419,State Supreme Court,Unknown,1,9-0,5,Sotomayor,1
2018,Dawson v. Steager,17-419,State Supreme Court,Unknown,1,9-0,5,Kavanaugh,1
2018,Biestek v. Berryhill,17-1184,6th Circuit,Unknown,0,6-3,5,Kagan,1
2018,Biestek v. Berryhill,17-1184,6th Circuit,Unknown,0,6-3,5,Jr.,1
2018,Biestek v. Berryhill,17-1184,6th Circuit,Unknown,0,6-3,5,Thomas,1
2018,Biestek v. Berryhill,17-1184,6th Circuit,Unknown,0,6-3,5,Breyer,1
2018,Biestek v. Berryhill,17-1184,6th Circuit,Unknown,0,6-3,5,Jr.,1
2018,Biestek v. Berryhill,17-1184,6th Circuit,Unknown,0,6-3,5,Kavanaugh,1
2018,Biestek v. Berryhill,17-1184,6th Circuit,Unknown,0,6-3,5,Sotomayor,0
2018,Biestek v. Berryhill,17-1184,6th Circuit,Unknown,0,6-3,5,Gorsuch,0
2018,Biestek v. Berryhill,17-1184,6th Circuit,Unknown,0,6-3,5,Ginsburg,0
2018,Helsinn Healthcare S.A. v. Teva Pharmaceuticals USA Inc.,17-1229,Federal Circuit,Unknown,0,9-0,5,Thomas,1
2018,Helsinn Healthcare S.A. v. Teva Pharmaceuticals USA Inc.,17-1229,Federal Circuit,Unknown,0,9-0,5,Jr.,1
2018,Helsinn Healthcare S.A. v. Teva Pharmaceuticals USA Inc.,17-1229,Federal Circuit,Unknown,0,9-0,5,Breyer,1
2018,Helsinn Healthcare S.A. v. Teva Pharmaceuticals USA Inc.,17-1229,Federal Circuit,Unknown,0,9-0,5,Ginsburg,1
2018,Helsinn Healthcare S.A. v. Teva Pharmaceuticals USA Inc.,17-1229,Federal Circuit,Unknown,0,9-0,5,Jr.,1
2018,Helsinn Healthcare S.A. v. Teva Pharmaceuticals USA Inc.,17-1229,Federal Circuit,Unknown,0,9-0,5,Kagan,1
2018,Helsinn Healthcare S.A. v. Teva Pharmaceuticals USA Inc.,17-1229,Federal Circuit,Unknown,0,9-0,5,Sotomayor,1
2018,Helsinn Healthcare S.A. v. Teva Pharmaceuticals USA Inc.,17-1229,Federal Circuit,Unknown,0,9-0,5,Gorsuch,1
2018,Helsinn Healthcare S.A. v. Teva Pharmaceuticals USA Inc.,17-1229,Federal Circuit,Unknown,0,9-0,5,Kavanaugh,1
2018,Merck Sharp & Dohme Corp. v. Albrecht,17-290,3rd Circuit,Unknown,1,6-3,5,Breyer,1
2018,Merck Sharp & Dohme Corp. v. Albrecht,17-290,3rd Circuit,Unknown,1,6-3,5,Thomas,1
2018,Merck Sharp & Dohme Corp. v. Albrecht,17-290,3rd Circuit,Unknown,1,6-3,5,Ginsburg,1
2018,Merck Sharp & Dohme Corp. v. Albrecht,17-290,3rd Circuit,Unknown,1,6-3,5,Sotomayor,1
2018,Merck Sharp & Dohme Corp. v. Albrecht,17-290,3rd Circuit,Unknown,1,6-3,5,Kagan,1
2018,Merck Sharp & Dohme Corp. v. Albrecht,17-290,3rd Circuit,Unknown,1,6-3,5,Gorsuch,1
2018,Merck Sharp & Dohme Corp. v. Albrecht,17-290,3rd Circuit,Unknown,1,6-3,5,Jr.,0
2018,Merck Sharp & Dohme Corp. v. Albrecht,17-290,3rd Circuit,Unknown,1,6-3,5,Kavanaugh,0
2018,Merck Sharp & Dohme Corp. v. Albrecht,17-290,3rd Circuit,Unknown,1,6-3,5,Jr.,0
2018,Merck Sharp & Dohme Corp. v. Albrecht,17-290,3rd Circuit,Unknown,1,9-0,5,Breyer,1
2018,Merck Sharp & Dohme Corp. v. Albrecht,17-290,3rd Circuit,Unknown,1,9-0,5,Ginsburg,1
2018,Merck Sharp & Dohme Corp. v. Albrecht,17-290,3rd Circuit,Unknown,1,9-0,5,Thomas,1
2018,Merck Sharp & Dohme Corp. v. Albrecht,17-290,3rd Circuit,Unknown,1,9-0,5,Sotomayor,1
2018,Merck Sharp & Dohme Corp. v. Albrecht,17-290,3rd Circuit,Unknown,1,9-0,5,Kagan,1
2018,Merck Sharp & Dohme Corp. v. Albrecht,17-290,3rd Circuit,Unknown,1,9-0,5,Gorsuch,1
2018,Merck Sharp & Dohme Corp. v. Albrecht,17-290,3rd Circuit,Unknown,1,9-0,5,Jr.,1
2018,Merck Sharp & Dohme Corp. v. Albrecht,17-290,3rd Circuit,Unknown,1,9-0,5,Jr.,1
2018,Merck Sharp & Dohme Corp. v. Albrecht,17-290,3rd Circuit,Unknown,1,9-0,5,Kavanaugh,1
2018,Nieves v. Bartlett,17-1174,9th Circuit,Unknown,1,8-1,5,Jr.,1
2018,Nieves v. Bartlett,17-1174,9th Circuit,Unknown,1,8-1,5,Breyer,1
2018,Nieves v. Bartlett,17-1174,9th Circuit,Unknown,1,8-1,5,Jr.,1
2018,Nieves v. Bartlett,17-1174,9th Circuit,Unknown,1,8-1,5,Kagan,1
2018,Nieves v. Bartlett,17-1174,9th Circuit,Unknown,1,8-1,5,Thomas,1
2018,Nieves v. Bartlett,17-1174,9th Circuit,Unknown,1,8-1,5,Sotomayor,0
2018,Nieves v. Bartlett,17-1174,9th Circuit,Unknown,1,8-1,5,Kavanaugh,1
2018,Nieves v. Bartlett,17-1174,9th Circuit,Unknown,1,8-1,5,Ginsburg,1
2018,Nieves v. Bartlett,17-1174,9th Circuit,Unknown,1,8-1,5,Gorsuch,1
2018,Fourth Estate Public Benefit Corp. v. Wall-Street.com,17-571,11th Circuit,Unknown,0,9-0,5,Ginsburg,1
2018,Fourth Estate Public Benefit Corp. v. Wall-Street.com,17-571,11th Circuit,Unknown,0,9-0,5,Jr.,1
2018,Fourth Estate Public Benefit Corp. v. Wall-Street.com,17-571,11th Circuit,Unknown,0,9-0,5,Thomas,1
2018,Fourth Estate Public Benefit Corp. v. Wall-Street.com,17-571,11th Circuit,Unknown,0,9-0,5,Breyer,1
2018,Fourth Estate Public Benefit Corp. v. Wall-Street.com,17-571,11th Circuit,Unknown,0,9-0,5,Jr.,1
2018,Fourth Estate Public Benefit Corp. v. Wall-Street.com,17-571,11th Circuit,Unknown,0,9-0,5,Kagan,1
2018,Fourth Estate Public Benefit Corp. v. Wall-Street.com,17-571,11th Circuit,Unknown,0,9-0,5,Sotomayor,1
2018,Fourth Estate Public Benefit Corp. v. Wall-Street.com,17-571,11th Circuit,Unknown,0,9-0,5,Gorsuch,1
2018,Fourth Estate Public Benefit Corp. v. Wall-Street.com,17-571,11th Circuit,Unknown,0,9-0,5,Kavanaugh,1
2018,Obduskey v. McCarthy & Holthus LLP,17-1307,10th Circuit,Unknown,0,9-0,5,Breyer,1
2018,Obduskey v. McCarthy & Holthus LLP,17-1307,10th Circuit,Unknown,0,9-0,5,Jr.,1
2018,Obduskey v. McCarthy & Holthus LLP,17-1307,10th Circuit,Unknown,0,9-0,5,Thomas,1
2018,Obduskey v. McCarthy & Holthus LLP,17-1307,10th Circuit,Unknown,0,9-0,5,Jr.,1
2018,Obduskey v. McCarthy & Holthus LLP,17-1307,10th Circuit,Unknown,0,9-0,5,Ginsburg,1
2018,Obduskey v. McCarthy & Holthus LLP,17-1307,10th Circuit,Unknown,0,9-0,5,Kagan,1
2018,Obduskey v. McCarthy & Holthus LLP,17-1307,10th Circuit,Unknown,0,9-0,5,Sotomayor,1
2018,Obduskey v. McCarthy & Holthus LLP,17-1307,10th Circuit,Unknown,0,9-0,5,Kavanaugh,1
2018,Obduskey v. McCarthy & Holthus LLP,17-1307,10th Circuit,Unknown,0,9-0,5,Gorsuch,1
2018,Franchise Tax Board of California v. Hyatt,17-1299,State Supreme Court,Unknown,1,5-4,5,Thomas,1
2018,Franchise Tax Board of California v. Hyatt,17-1299,State Supreme Court,Unknown,1,5-4,5,Jr.,1
2018,Franchise Tax Board of California v. Hyatt,17-1299,State Supreme Court,Unknown,1,5-4,5,Jr.,1
2018,Franchise Tax Board of California v. Hyatt,17-1299,State Supreme Court,Unknown,1,5-4,5,Gorsuch,1
2018,Franchise Tax Board of California v. Hyatt,17-1299,State Supreme Court,Unknown,1,5-4,5,Kavanaugh,1
2018,Franchise Tax Board of California v. Hyatt,17-1299,State Supreme Court,Unknown,1,5-4,5,Breyer,0
2018,Franchise Tax Board of California v. Hyatt,17-1299,State Supreme Court,Unknown,1,5-4,5,Ginsburg,0
2018,Franchise Tax Board of California v. Hyatt,17-1299,State Supreme Court,Unknown,1,5-4,5,Kagan,0
2018,Franchise Tax Board of California v. Hyatt,17-1299,State Supreme Court,Unknown,1,5-4,5,Sotomayor,0
2018,Gamble v. United States,17-646,11th Circuit,Unknown,0,7-2,5,Jr.,1
2018,Gamble v. United States,17-646,11th Circuit,Unknown,0,7-2,5,Jr.,1
2018,Gamble v. United States,17-646,11th Circuit,Unknown,0,7-2,5,Thomas,1
2018,Gamble v. United States,17-646,11th Circuit,Unknown,0,7-2,5,Kagan,1
2018,Gamble v. United States,17-646,11th Circuit,Unknown,0,7-2,5,Breyer,1
2018,Gamble v. United States,17-646,11th Circuit,Unknown,0,7-2,5,Sotomayor,1
2018,Gamble v. United States,17-646,11th Circuit,Unknown,0,7-2,5,Kavanaugh,1
2018,Gamble v. United States,17-646,11th Circuit,Unknown,0,7-2,5,Ginsburg,0
2018,Gamble v. United States,17-646,11th Circuit,Unknown,0,7-2,5,Gorsuch,0
2018,Nutraceutical Corp. v. Lambert,17-1094,9th Circuit,Unknown,1,9-0,5,Sotomayor,1
2018,Nutraceutical Corp. v. Lambert,17-1094,9th Circuit,Unknown,1,9-0,5,Jr.,1
2018,Nutraceutical Corp. v. Lambert,17-1094,9th Circuit,Unknown,1,9-0,5,Thomas,1
2018,Nutraceutical Corp. v. Lambert,17-1094,9th Circuit,Unknown,1,9-0,5,Breyer,1
2018,Nutraceutical Corp. v. Lambert,17-1094,9th Circuit,Unknown,1,9-0,5,Ginsburg,1
2018,Nutraceutical Corp. v. Lambert,17-1094,9th Circuit,Unknown,1,9-0,5,Jr.,1
2018,Nutraceutical Corp. v. Lambert,17-1094,9th Circuit,Unknown,1,9-0,5,Kagan,1
2018,Nutraceutical Corp. v. Lambert,17-1094,9th Circuit,Unknown,1,9-0,5,Gorsuch,1
2018,Nutraceutical Corp. v. Lambert,17-1094,9th Circuit,Unknown,1,9-0,5,Kavanaugh,1
2018,Herrera v. Wyoming,17-532,Other,Unknown,1,5-4,5,Sotomayor,1
2018,Herrera v. Wyoming,17-532,Other,Unknown,1,5-4,5,Gorsuch,1
2018,Herrera v. Wyoming,17-532,Other,Unknown,1,5-4,5,Breyer,1
2018,Herrera v. Wyoming,17-532,Other,Unknown,1,5-4,5,Kagan,1
2018,Herrera v. Wyoming,17-532,Other,Unknown,1,5-4,5,Ginsburg,1
2018,Herrera v. Wyoming,17-532,Other,Unknown,1,5-4,5,Jr.,0
2018,Herrera v. Wyoming,17-532,Other,Unknown,1,5-4,5,Jr.,0
2018,Herrera v. Wyoming,17-532,Other,Unknown,1,5-4,5,Kavanaugh,0
2018,Herrera v. Wyoming,17-532,Other,Unknown,1,5-4,5,Thomas,0
2018,Azar v. Allina Health Services,17-1484,Other,Unknown,0,7-2,5,Gorsuch,1
2018,Azar v. Allina Health Services,17-1484,Other,Unknown,0,7-2,5,Jr.,1
2018,Azar v. Allina Health Services,17-1484,Other,Unknown,0,7-2,5,Thomas,1
2018,Azar v. Allina Health Services,17-1484,Other,Unknown,0,7-2,5,Breyer,0
2018,Azar v. Allina Health Services,17-1484,Other,Unknown,0,7-2,5,Ginsburg,1
2018,Azar v. Allina Health Services,17-1484,Other,Unknown,0,7-2,5,Kagan,1
2018,Azar v. Allina Health Services,17-1484,Other,Unknown,0,7-2,5,Sotomayor,1
2018,Azar v. Allina Health Services,17-1484,Other,Unknown,0,7-2,5,Jr.,1
2018,Azar v. Allina Health Services,17-1484,Other,Unknown,0,7-2,5,Kavanaugh,0
2018,"Home Depot U.S.A., Inc. v. Jackson",17-1471,4th Circuit,Unknown,0,5-4,5,Thomas,1
2018,"Home Depot U.S.A., Inc. v. Jackson",17-1471,4th Circuit,Unknown,0,5-4,5,Breyer,1
2018,"Home Depot U.S.A., Inc. v. Jackson",17-1471,4th Circuit,Unknown,0,5-4,5,Sotomayor,1
2018,"Home Depot U.S.A., Inc. v. Jackson",17-1471,4th Circuit,Unknown,0,5-4,5,Ginsburg,1
2018,"Home Depot U.S.A., Inc. v. Jackson",17-1471,4th Circuit,Unknown,0,5-4,5,Kagan,1
2018,"Home Depot U.S.A., Inc. v. Jackson",17-1471,4th Circuit,Unknown,0,5-4,5,Jr.,0
2018,"Home Depot U.S.A., Inc. v. Jackson",17-1471,4th Circuit,Unknown,0,5-4,5,Jr.,0
2018,"Home Depot U.S.A., Inc. v. Jackson",17-1471,4th Circuit,Unknown,0,5-4,5,Gorsuch,0
2018,"Home Depot U.S.A., Inc. v. Jackson",17-1471,4th Circuit,Unknown,0,5-4,5,Kavanaugh,0
2018,Thacker v. Tennessee Valley Authority,17-1201,11th Circuit,Unknown,1,9-0,5,Kagan,1
2018,Thacker v. Tennessee Valley Authority,17-1201,11th Circuit,Unknown,1,9-0,5,Jr.,1
2018,Thacker v. Tennessee Valley Authority,17-1201,11th Circuit,Unknown,1,9-0,5,Thomas,1
2018,Thacker v. Tennessee Valley Authority,17-1201,11th Circuit,Unknown,1,9-0,5,Breyer,1
2018,Thacker v. Tennessee Valley Authority,17-1201,11th Circuit,Unknown,1,9-0,5,Ginsburg,1
2018,Thacker v. Tennessee Valley Authority,17-1201,11th Circuit,Unknown,1,9-0,5,Jr.,1
2018,Thacker v. Tennessee Valley Authority,17-1201,11th Circuit,Unknown,1,9-0,5,Gorsuch,1
2018,Thacker v. Tennessee Valley Authority,17-1201,11th Circuit,Unknown,1,9-0,5,Sotomayor,1
2018,Thacker v. Tennessee Valley Authority,17-1201,11th Circuit,Unknown,1,9-0,5,Kavanaugh,1
2018,Manhattan Community Access Corp. v. Halleck,17-1702,2nd Circuit,Unknown,1,5-4,5,Kavanaugh,1
2018,Manhattan Community Access Corp. v. Halleck,17-1702,2nd Circuit,Unknown,1,5-4,5,Jr.,1
2018,Manhattan Community Access Corp. v. Halleck,17-1702,2nd Circuit,Unknown,1,5-4,5,Thomas,1
2018,Manhattan Community Access Corp. v. Halleck,17-1702,2nd Circuit,Unknown,1,5-4,5,Jr.,1
2018,Manhattan Community Access Corp. v. Halleck,17-1702,2nd Circuit,Unknown,1,5-4,5,Gorsuch,1
2018,Manhattan Community Access Corp. v. Halleck,17-1702,2nd Circuit,Unknown,1,5-4,5,Sotomayor,0
2018,Manhattan Community Access Corp. v. Halleck,17-1702,2nd Circuit,Unknown,1,5-4,5,Kagan,0
2018,Manhattan Community Access Corp. v. Halleck,17-1702,2nd Circuit,Unknown,1,5-4,5,Breyer,0
2018,Manhattan Community Access Corp. v. Halleck,17-1702,2nd Circuit,Unknown,1,5-4,5,Ginsburg,0
2018,"Return Mail, Inc. v. United States Postal Service",17-1594,Federal Circuit,Unknown,1,6-3,5,Sotomayor,1
2018,"Return Mail, Inc. v. United States Postal Service",17-1594,Federal Circuit,Unknown,1,6-3,5,Jr.,1
2018,"Return Mail, Inc. v. United States Postal Service",17-1594,Federal Circuit,Unknown,1,6-3,5,Thomas,1
2018,"Return Mail, Inc. v. United States Postal Service",17-1594,Federal Circuit,Unknown,1,6-3,5,Jr.,1
2018,"Return Mail, Inc. v. United States Postal Service",17-1594,Federal Circuit,Unknown,1,6-3,5,Gorsuch,1
2018,"Return Mail, Inc. v. United States Postal Service",17-1594,Federal Circuit,Unknown,1,6-3,5,Kavanaugh,1
2018,"Return Mail, Inc. v. United States Postal Service",17-1594,Federal Circuit,Unknown,1,6-3,5,Breyer,0
2018,"Return Mail, Inc. v. United States Postal Service",17-1594,Federal Circuit,Unknown,1,6-3,5,Ginsburg,0
2018,"Return Mail, Inc. v. United States Postal Service",17-1594,Federal Circuit,Unknown,1,6-3,5,Kagan,0
2018,"Mission Product Holdings, Inc. v. Tempnology, LLC",17-1657,1st Circuit,Unknown,1,8-1,5,Kagan,1
2018,"Mission Product Holdings, Inc. v. Tempnology, LLC",17-1657,1st Circuit,Unknown,1,8-1,5,Jr.,1
2018,"Mission Product Holdings, Inc. v. Tempnology, LLC",17-1657,1st Circuit,Unknown,1,8-1,5,Thomas,1
2018,"Mission Product Holdings, Inc. v. Tempnology, LLC",17-1657,1st Circuit,Unknown,1,8-1,5,Breyer,1
2018,"Mission Product Holdings, Inc. v. Tempnology, LLC",17-1657,1st Circuit,Unknown,1,8-1,5,Ginsburg,1
2018,"Mission Product Holdings, Inc. v. Tempnology, LLC",17-1657,1st Circuit,Unknown,1,8-1,5,Sotomayor,1
2018,"Mission Product Holdings, Inc. v. Tempnology, LLC",17-1657,1st Circuit,Unknown,1,8-1,5,Kavanaugh,1
2018,"Mission Product Holdings, Inc. v. Tempnology, LLC",17-1657,1st Circuit,Unknown,1,8-1,5,Jr.,1
2018,"Mission Product Holdings, Inc. v. Tempnology, LLC",17-1657,1st Circuit,Unknown,1,8-1,5,Gorsuch,0
2018,United States v. Haymond,17-1672,10th Circuit,Unknown,1,5-4,5,Gorsuch,1
2018,United States v. Haymond,17-1672,10th Circuit,Unknown,1,5-4,5,Ginsburg,1
2018,United States v. Haymond,17-1672,10th Circuit,Unknown,1,5-4,5,Sotomayor,1
2018,United States v. Haymond,17-1672,10th Circuit,Unknown,1,5-4,5,Kagan,1
2018,United States v. Haymond,17-1672,10th Circuit,Unknown,1,5-4,5,Breyer,1
2018,United States v. Haymond,17-1672,10th Circuit,Unknown,1,5-4,5,Jr.,0
2018,United States v. Haymond,17-1672,10th Circuit,Unknown,1,5-4,5,Jr.,0
2018,United States v. Haymond,17-1672,10th Circuit,Unknown,1,5-4,5,Thomas,0
2018,United States v. Haymond,17-1672,10th Circuit,Unknown,1,5-4,5,Kavanaugh,0
2018,Smith v. Berryhill,17-1606,6th Circuit,Unknown,1,9-0,5,Sotomayor,1
2018,Smith v. Berryhill,17-1606,6th Circuit,Unknown,1,9-0,5,Jr.,1
2018,Smith v. Berryhill,17-1606,6th Circuit,Unknown,1,9-0,5,Thomas,1
2018,Smith v. Berryhill,17-1606,6th Circuit,Unknown,1,9-0,5,Ginsburg,1
2018,Smith v. Berryhill,17-1606,6th Circuit,Unknown,1,9-0,5,Breyer,1
2018,Smith v. Berryhill,17-1606,6th Circuit,Unknown,1,9-0,5,Jr.,1
2018,Smith v. Berryhill,17-1606,6th Circuit,Unknown,1,9-0,5,Kagan,1
2018,Smith v. Berryhill,17-1606,6th Circuit,Unknown,1,9-0,5,Kavanaugh,1
2018,Smith v. Berryhill,17-1606,6th Circuit,Unknown,1,9-0,5,Gorsuch,1
2018,Mont v. United States,17-8995,6th Circuit,Unknown,0,5-4,5,Thomas,1
2018,Mont v. United States,17-8995,6th Circuit,Unknown,0,5-4,5,Jr.,1
2018,Mont v. United States,17-8995,6th Circuit,Unknown,0,5-4,5,Ginsburg,1
2018,Mont v. United States,17-8995,6th Circuit,Unknown,0,5-4,5,Jr.,1
2018,Mont v. United States,17-8995,6th Circuit,Unknown,0,5-4,5,Kavanaugh,1
2018,Mont v. United States,17-8995,6th Circuit,Unknown,0,5-4,5,Sotomayor,0
2018,Mont v. United States,17-8995,6th Circuit,Unknown,0,5-4,5,Breyer,0
2018,Mont v. United States,17-8995,6th Circuit,Unknown,0,5-4,5,Kagan,0
2018,Mont v. United States,17-8995,6th Circuit,Unknown,0,5-4,5,Gorsuch,0
2018,Flowers v. Mississippi,17-9572,State Supreme Court,Unknown,1,7-2,5,Kavanaugh,1
2018,Flowers v. Mississippi,17-9572,State Supreme Court,Unknown,1,7-2,5,Ginsburg,1
2018,Flowers v. Mississippi,17-9572,State Supreme Court,Unknown,1,7-2,5,Jr.,1
2018,Flowers v. Mississippi,17-9572,State Supreme Court,Unknown,1,7-2,5,Jr.,1
2018,Flowers v. Mississippi,17-9572,State Supreme Court,Unknown,1,7-2,5,Breyer,1
2018,Flowers v. Mississippi,17-9572,State Supreme Court,Unknown,1,7-2,5,Sotomayor,1
2018,Flowers v. Mississippi,17-9572,State Supreme Court,Unknown,1,7-2,5,Kagan,1
2018,Flowers v. Mississippi,17-9572,State Supreme Court,Unknown,1,7-2,5,Thomas,0
2018,Flowers v. Mississippi,17-9572,State Supreme Court,Unknown,1,7-2,5,Gorsuch,0
2018,Kisor v. Wilkie,18-15,Federal Circuit,Unknown,1,9-0,5,Kagan,1
2018,Kisor v. Wilkie,18-15,Federal Circuit,Unknown,1,9-0,5,Jr.,1
2018,Kisor v. Wilkie,18-15,Federal Circuit,Unknown,1,9-0,5,Ginsburg,1
2018,Kisor v. Wilkie,18-15,Federal Circuit,Unknown,1,9-0,5,Breyer,1
2018,Kisor v. Wilkie,18-15,Federal Circuit,Unknown,1,9-0,5,Sotomayor,1
2018,Kisor v. Wilkie,18-15,Federal Circuit,Unknown,1,9-0,5,Gorsuch,1
2018,Kisor v. Wilkie,18-15,Federal Circuit,Unknown,1,9-0,5,Thomas,1
2018,Kisor v. Wilkie,18-15,Federal Circuit,Unknown,1,9-0,5,Kavanaugh,1
2018,Kisor v. Wilkie,18-15,Federal Circuit,Unknown,1,9-0,5,Jr.,1
2018,City of Escondido v. Emmons,17-1660,9th Circuit,Unknown,1,9-0,5,Jr.,1
2018,City of Escondido v. Emmons,17-1660,9th Circuit,Unknown,1,9-0,5,Thomas,1
2018,City of Escondido v. Emmons,17-1660,9th Circuit,Unknown,1,9-0,5,Ginsburg,1
2018,City of Escondido v. Emmons,17-1660,9th Circuit,Unknown,1,9-0,5,Breyer,1
2018,City of Escondido v. Emmons,17-1660,9th Circuit,Unknown,1,9-0,5,Jr.,1
2018,City of Escondido v. Emmons,17-1660,9th Circuit,Unknown,1,9-0,5,Sotomayor,1
2018,City of Escondido v. Emmons,17-1660,9th Circuit,Unknown,1,9-0,5,Kagan,1
2018,City of Escondido v. Emmons,17-1660,9th Circuit,Unknown,1,9-0,5,Gorsuch,1
2018,City of Escondido v. Emmons,17-1660,9th Circuit,Unknown,1,9-0,5,Kavanaugh,1
2018,Shoop v. Hill,18-56,6th Circuit,Unknown,1,9-0,5,Jr.,1
2018,Shoop v. Hill,18-56,6th Circuit,Unknown,1,9-0,5,Thomas,1
2018,Shoop v. Hill,18-56,6th Circuit,Unknown,1,9-0,5,Breyer,1
2018,Shoop v. Hill,18-56,6th Circuit,Unknown,1,9-0,5,Ginsburg,1
2018,Shoop v. Hill,18-56,6th Circuit,Unknown,1,9-0,5,Jr.,1
2018,Shoop v. Hill,18-56,6th Circuit,Unknown,1,9-0,5,Kagan,1
2018,Shoop v. Hill,18-56,6th Circuit,Unknown,1,9-0,5,Sotomayor,1
2018,Shoop v. Hill,18-56,6th Circuit,Unknown,1,9-0,5,Gorsuch,1
2018,Shoop v. Hill,18-56,6th Circuit,Unknown,1,9-0,5,Kavanaugh,1
2018,Iancu v. Brunetti,18-302,Federal Circuit,Unknown,0,6-3,5,Kagan,1
2018,Iancu v. Brunetti,18-302,Federal Circuit,Unknown,0,6-3,5,Thomas,1
2018,Iancu v. Brunetti,18-302,Federal Circuit,Unknown,0,6-3,5,Ginsburg,1
2018,Iancu v. Brunetti,18-302,Federal Circuit,Unknown,0,6-3,5,Jr.,1
2018,Iancu v. Brunetti,18-302,Federal Circuit,Unknown,0,6-3,5,Gorsuch,1
2018,Iancu v. Brunetti,18-302,Federal Circuit,Unknown,0,6-3,5,Kavanaugh,1
2018,Iancu v. Brunetti,18-302,Federal Circuit,Unknown,0,6-3,5,Jr.,0
2018,Iancu v. Brunetti,18-302,Federal Circuit,Unknown,0,6-3,5,Breyer,0
2018,Iancu v. Brunetti,18-302,Federal Circuit,Unknown,0,6-3,5,Sotomayor,0
2018,Iancu v. Brunetti,18-302,Federal Circuit,Unknown,0,9-0,5,Kagan,1
2018,Iancu v. Brunetti,18-302,Federal Circuit,Unknown,0,9-0,5,Thomas,1
2018,Iancu v. Brunetti,18-302,Federal Circuit,Unknown,0,9-0,5,Ginsburg,1
2018,Iancu v. Brunetti,18-302,Federal Circuit,Unknown,0,9-0,5,Jr.,1
2018,Iancu v. Brunetti,18-302,Federal Circuit,Unknown,0,9-0,5,Gorsuch,1
2018,Iancu v. Brunetti,18-302,Federal Circuit,Unknown,0,9-0,5,Kavanaugh,1
2018,Iancu v. Brunetti,18-302,Federal Circuit,Unknown,0,9-0,5,Jr.,1
2018,Iancu v. Brunetti,18-302,Federal Circuit,Unknown,0,9-0,5,Breyer,1
2018,Iancu v. Brunetti,18-302,Federal Circuit,Unknown,0,9-0,5,Sotomayor,1
2018,Taggart v. Lorenzen,18-489,9th Circuit,Unknown,1,9-0,5,Breyer,1
2018,Taggart v. Lorenzen,18-489,9th Circuit,Unknown,1,9-0,5,Jr.,1
2018,Taggart v. Lorenzen,18-489,9th Circuit,Unknown,1,9-0,5,Thomas,1
2018,Taggart v. Lorenzen,18-489,9th Circuit,Unknown,1,9-0,5,Ginsburg,1
2018,Taggart v. Lorenzen,18-489,9th Circuit,Unknown,1,9-0,5,Jr.,1
2018,Taggart v. Lorenzen,18-489,9th Circuit,Unknown,1,9-0,5,Kagan,1
2018,Taggart v. Lorenzen,18-489,9th Circuit,Unknown,1,9-0,5,Sotomayor,1
2018,Taggart v. Lorenzen,18-489,9th Circuit,Unknown,1,9-0,5,Gorsuch,1
2018,Taggart v. Lorenzen,18-489,9th Circuit,Unknown,1,9-0,5,Kavanaugh,1
2018,United States v. Davis,18-431,5th Circuit,Unknown,0,5-4,5,Gorsuch,1
2018,United States v. Davis,18-431,5th Circuit,Unknown,0,5-4,5,Ginsburg,1
2018,United States v. Davis,18-431,5th Circuit,Unknown,0,5-4,5,Breyer,1
2018,United States v. Davis,18-431,5th Circuit,Unknown,0,5-4,5,Kagan,1
2018,United States v. Davis,18-431,5th Circuit,Unknown,0,5-4,5,Sotomayor,1
2018,United States v. Davis,18-431,5th Circuit,Unknown,0,5-4,5,Kavanaugh,0
2018,United States v. Davis,18-431,5th Circuit,Unknown,0,5-4,5,Jr.,0
2018,United States v. Davis,18-431,5th Circuit,Unknown,0,5-4,5,Thomas,0
2018,United States v. Davis,18-431,5th Circuit,Unknown,0,5-4,5,Jr.,0
2018,"Cochise Consultancy Inc. v. United States, ex rel. Hunt",18-315,11th Circuit,Unknown,0,9-0,5,Thomas,1
2018,"Cochise Consultancy Inc. v. United States, ex rel. Hunt",18-315,11th Circuit,Unknown,0,9-0,5,Jr.,1
2018,"Cochise Consultancy Inc. v. United States, ex rel. Hunt",18-315,11th Circuit,Unknown,0,9-0,5,Jr.,1
2018,"Cochise Consultancy Inc. v. United States, ex rel. Hunt",18-315,11th Circuit,Unknown,0,9-0,5,Breyer,1
2018,"Cochise Consultancy Inc. v. United States, ex rel. Hunt",18-315,11th Circuit,Unknown,0,9-0,5,Ginsburg,1
2018,"Cochise Consultancy Inc. v. United States, ex rel. Hunt",18-315,11th Circuit,Unknown,0,9-0,5,Kagan,1
2018,"Cochise Consultancy Inc. v. United States, ex rel. Hunt",18-315,11th Circuit,Unknown,0,9-0,5,Sotomayor,1
2018,"Cochise Consultancy Inc. v. United States, ex rel. Hunt",18-315,11th Circuit,Unknown,0,9-0,5,Gorsuch,1
2018,"Cochise Consultancy Inc. v. United States, ex rel. Hunt",18-315,11th Circuit,Unknown,0,9-0,5,Kavanaugh,1
2018,"Cochise Consultancy Inc. v. United States, ex rel. Hunt",18-315,11th Circuit,Unknown,0,9-0,5,Thomas,1
2018,"Cochise Consultancy Inc. v. United States, ex rel. Hunt",18-315,11th Circuit,Unknown,0,9-0,5,Jr.,1
2018,"Cochise Consultancy Inc. v. United States, ex rel. Hunt",18-315,11th Circuit,Unknown,0,9-0,5,Breyer,1
2018,"Cochise Consultancy Inc. v. United States, ex rel. Hunt",18-315,11th Circuit,Unknown,0,9-0,5,Ginsburg,1
2018,"Cochise Consultancy Inc. v. United States, ex rel. Hunt",18-315,11th Circuit,Unknown,0,9-0,5,Jr.,1
2018,"Cochise Consultancy Inc. v. United States, ex rel. Hunt",18-315,11th Circuit,Unknown,0,9-0,5,Kagan,1
2018,"Cochise Consultancy Inc. v. United States, ex rel. Hunt",18-315,11th Circuit,Unknown,0,9-0,5,Sotomayor,1
2018,"Cochise Consultancy Inc. v. United States, ex rel. Hunt",18-315,11th Circuit,Unknown,0,9-0,5,Gorsuch,1
2018,"Cochise Consultancy Inc. v. United States, ex rel. Hunt",18-315,11th Circuit,Unknown,0,9-0,5,Kavanaugh,1
2018,Quarles v. United States,17-778,6th Circuit,Unknown,0,9-0,5,Kavanaugh,1
2018,Quarles v. United States,17-778,6th Circuit,Unknown,0,9-0,5,Thomas,1
2018,Quarles v. United States,17-778,6th Circuit,Unknown,0,9-0,5,Jr.,1
2018,Quarles v. United States,17-778,6th Circuit,Unknown,0,9-0,5,Ginsburg,1
2018,Quarles v. United States,17-778,6th Circuit,Unknown,0,9-0,5,Breyer,1
2018,Quarles v. United States,17-778,6th Circuit,Unknown,0,9-0,5,Sotomayor,1
2018,Quarles v. United States,17-778,6th Circuit,Unknown,0,9-0,5,Kagan,1
2018,Quarles v. United States,17-778,6th Circuit,Unknown,0,9-0,5,Jr.,1
2018,Quarles v. United States,17-778,6th Circuit,Unknown,0,9-0,5,Gorsuch,1
2018,Rehaif v. United States,17-9560,11th Circuit,Unknown,1,7-2,5,Breyer,1
2018,Rehaif v. United States,17-9560,11th Circuit,Unknown,1,7-2,5,Jr.,1
2018,Rehaif v. United States,17-9560,11th Circuit,Unknown,1,7-2,5,Ginsburg,1
2018,Rehaif v. United States,17-9560,11th Circuit,Unknown,1,7-2,5,Sotomayor,1
2018,Rehaif v. United States,17-9560,11th Circuit,Unknown,1,7-2,5,Kagan,1
2018,Rehaif v. United States,17-9560,11th Circuit,Unknown,1,7-2,5,Gorsuch,1
2018,Rehaif v. United States,17-9560,11th Circuit,Unknown,1,7-2,5,Kavanaugh,1
2018,Rehaif v. United States,17-9560,11th Circuit,Unknown,1,7-2,5,Jr.,0
2018,Rehaif v. United States,17-9560,11th Circuit,Unknown,1,7-2,5,Thomas,0
2018,"Parker Drilling Management Services, Ltd. v. Newton",18-389,9th Circuit,Unknown,1,9-0,5,Thomas,1
2018,"Parker Drilling Management Services, Ltd. v. Newton",18-389,9th Circuit,Unknown,1,9-0,5,Jr.,1
2018,"Parker Drilling Management Services, Ltd. v. Newton",18-389,9th Circuit,Unknown,1,9-0,5,Jr.,1
2018,"Parker Drilling Management Services, Ltd. v. Newton",18-389,9th Circuit,Unknown,1,9-0,5,Ginsburg,1
2018,"Parker Drilling Management Services, Ltd. v. Newton",18-389,9th Circuit,Unknown,1,9-0,5,Breyer,1
2018,"Parker Drilling Management Services, Ltd. v. Newton",18-389,9th Circuit,Unknown,1,9-0,5,Kagan,1
2018,"Parker Drilling Management Services, Ltd. v. Newton",18-389,9th Circuit,Unknown,1,9-0,5,Sotomayor,1
2018,"Parker Drilling Management Services, Ltd. v. Newton",18-389,9th Circuit,Unknown,1,9-0,5,Gorsuch,1
2018,"Parker Drilling Management Services, Ltd. v. Newton",18-389,9th Circuit,Unknown,1,9-0,5,Kavanaugh,1
2018,North Carolina Department of Revenue v. The Kimberley Rice Kaestner 1992 Family Trust,18-457,Other,Unknown,0,9-0,5,Sotomayor,1
2018,North Carolina Department of Revenue v. The Kimberley Rice Kaestner 1992 Family Trust,18-457,Other,Unknown,0,9-0,5,Jr.,1
2018,North Carolina Department of Revenue v. The Kimberley Rice Kaestner 1992 Family Trust,18-457,Other,Unknown,0,9-0,5,Thomas,1
2018,North Carolina Department of Revenue v. The Kimberley Rice Kaestner 1992 Family Trust,18-457,Other,Unknown,0,9-0,5,Breyer,1
2018,North Carolina Department of Revenue v. The Kimberley Rice Kaestner 1992 Family Trust,18-457,Other,Unknown,0,9-0,5,Ginsburg,1
2018,North Carolina Department of Revenue v. The Kimberley Rice Kaestner 1992 Family Trust,18-457,Other,Unknown,0,9-0,5,Jr.,1
2018,North Carolina Department of Revenue v. The Kimberley Rice Kaestner 1992 Family Trust,18-457,Other,Unknown,0,9-0,5,Gorsuch,1
2018,North Carolina Department of Revenue v. The Kimberley Rice Kaestner 1992 Family Trust,18-457,Other,Unknown,0,9-0,5,Kavanaugh,1
2018,North Carolina Department of Revenue v. The Kimberley Rice Kaestner 1992 Family Trust,18-457,Other,Unknown,0,9-0,5,Kagan,1
2018,Food Marketing Institute v. Argus Leader Media,18-481,8th Circuit,Unknown,1,6-3,5,Gorsuch,1
2018,Food Marketing Institute v. Argus Leader Media,18-481,8th Circuit,Unknown,1,6-3,5,Jr.,1
2018,Food Marketing Institute v. Argus Leader Media,18-481,8th Circuit,Unknown,1,6-3,5,Thomas,1
2018,Food Marketing Institute v. Argus Leader Media,18-481,8th Circuit,Unknown,1,6-3,5,Jr.,1
2018,Food Marketing Institute v. Argus Leader Media,18-481,8th Circuit,Unknown,1,6-3,5,Kavanaugh,1
2018,Food Marketing Institute v. Argus Leader Media,18-481,8th Circuit,Unknown,1,6-3,5,Kagan,1
2018,Food Marketing Institute v. Argus Leader Media,18-481,8th Circuit,Unknown,1,6-3,5,Breyer,0
2018,Food Marketing Institute v. Argus Leader Media,18-481,8th Circuit,Unknown,1,6-3,5,Sotomayor,0
2018,Food Marketing Institute v. Argus Leader Media,18-481,8th Circuit,Unknown,1,6-3,5,Ginsburg,0
2018,McDonough v. Smith,18-485,2nd Circuit,Unknown,1,6-3,5,Sotomayor,1
2018,McDonough v. Smith,18-485,2nd Circuit,Unknown,1,6-3,5,Jr.,1
2018,McDonough v. Smith,18-485,2nd Circuit,Unknown,1,6-3,5,Ginsburg,1
2018,McDonough v. Smith,18-485,2nd Circuit,Unknown,1,6-3,5,Breyer,1
2018,McDonough v. Smith,18-485,2nd Circuit,Unknown,1,6-3,5,Jr.,1
2018,McDonough v. Smith,18-485,2nd Circuit,Unknown,1,6-3,5,Kavanaugh,1
2018,McDonough v. Smith,18-485,2nd Circuit,Unknown,1,6-3,5,Thomas,0
2018,McDonough v. Smith,18-485,2nd Circuit,Unknown,1,6-3,5,Kagan,0
2018,McDonough v. Smith,18-485,2nd Circuit,Unknown,1,6-3,5,Gorsuch,0
2018,"Fort Bend County, Texas v. Davis",18-525,5th Circuit,Unknown,0,9-0,5,Ginsburg,1
2018,"Fort Bend County, Texas v. Davis",18-525,5th Circuit,Unknown,0,9-0,5,Jr.,1
2018,"Fort Bend County, Texas v. Davis",18-525,5th Circuit,Unknown,0,9-0,5,Thomas,1
2018,"Fort Bend County, Texas v. Davis",18-525,5th Circuit,Unknown,0,9-0,5,Jr.,1
2018,"Fort Bend County, Texas v. Davis",18-525,5th Circuit,Unknown,0,9-0,5,Sotomayor,1
2018,"Fort Bend County, Texas v. Davis",18-525,5th Circuit,Unknown,0,9-0,5,Kagan,1
2018,"Fort Bend County, Texas v. Davis",18-525,5th Circuit,Unknown,0,9-0,5,Gorsuch,1
2018,"Fort Bend County, Texas v. Davis",18-525,5th Circuit,Unknown,0,9-0,5,Kavanaugh,1
2018,"Fort Bend County, Texas v. Davis",18-525,5th Circuit,Unknown,0,9-0,5,Breyer,1
2018,"PDR Network, LLC v. Carlton & Harris Chiropractic Inc.",17-1705,4th Circuit,Unknown,1,9-0,5,Breyer,1
2018,"PDR Network, LLC v. Carlton & Harris Chiropractic Inc.",17-1705,4th Circuit,Unknown,1,9-0,5,Jr.,1
2018,"PDR Network, LLC v. Carlton & Harris Chiropractic Inc.",17-1705,4th Circuit,Unknown,1,9-0,5,Ginsburg,1
2018,"PDR Network, LLC v. Carlton & Harris Chiropractic Inc.",17-1705,4th Circuit,Unknown,1,9-0,5,Sotomayor,1
2018,"PDR Network, LLC v. Carlton & Harris Chiropractic Inc.",17-1705,4th Circuit,Unknown,1,9-0,5,Kagan,1
2018,"PDR Network, LLC v. Carlton & Harris Chiropractic Inc.",17-1705,4th Circuit,Unknown,1,9-0,5,Thomas,1
2018,"PDR Network, LLC v. Carlton & Harris Chiropractic Inc.",17-1705,4th Circuit,Unknown,1,9-0,5,Gorsuch,1
2018,"PDR Network, LLC v. Carlton & Harris Chiropractic Inc.",17-1705,4th Circuit,Unknown,1,9-0,5,Kavanaugh,1
2018,"PDR Network, LLC v. Carlton & Harris Chiropractic Inc.",17-1705,4th Circuit,Unknown,1,9-0,5,Jr.,1
2018,The Dutra Group v. Batterton,18-266,9th Circuit,Unknown,1,6-3,5,Jr.,1
2018,The Dutra Group v. Batterton,18-266,9th Circuit,Unknown,1,6-3,5,Jr.,1
2018,The Dutra Group v. Batterton,18-266,9th Circuit,Unknown,1,6-3,5,Thomas,1
2018,The Dutra Group v. Batterton,18-266,9th Circuit,Unknown,1,6-3,5,Gorsuch,1
2018,The Dutra Group v. Batterton,18-266,9th Circuit,Unknown,1,6-3,5,Kavanaugh,1
2018,The Dutra Group v. Batterton,18-266,9th Circuit,Unknown,1,6-3,5,Kagan,1
2018,The Dutra Group v. Batterton,18-266,9th Circuit,Unknown,1,6-3,5,Ginsburg,0
2018,The Dutra Group v. Batterton,18-266,9th Circuit,Unknown,1,6-3,5,Breyer,0
2018,The Dutra Group v. Batterton,18-266,9th Circuit,Unknown,1,6-3,5,Sotomayor,0
2018,Mitchell v. Wisconsin,18-6210,Other,Unknown,1,5-4,5,Jr.,1
2018,Mitchell v. Wisconsin,18-6210,Other,Unknown,1,5-4,5,Jr.,1
2018,Mitchell v. Wisconsin,18-6210,Other,Unknown,1,5-4,5,Breyer,1
2018,Mitchell v. Wisconsin,18-6210,Other,Unknown,1,5-4,5,Kavanaugh,1
2018,Mitchell v. Wisconsin,18-6210,Other,Unknown,1,5-4,5,Thomas,1
2018,Mitchell v. Wisconsin,18-6210,Other,Unknown,1,5-4,5,Sotomayor,0
2018,Mitchell v. Wisconsin,18-6210,Other,Unknown,1,5-4,5,Ginsburg,0
2018,Mitchell v. Wisconsin,18-6210,Other,Unknown,1,5-4,5,Kagan,0
2018,Mitchell v. Wisconsin,18-6210,Other,Unknown,1,5-4,5,Gorsuch,0
2018,Rucho v. Common Cause,18-422,Other,Unknown,1,5-4,5,Jr.,1
2018,Rucho v. Common Cause,18-422,Other,Unknown,1,5-4,5,Thomas,1
2018,Rucho v. Common Cause,18-422,Other,Unknown,1,5-4,5,Jr.,1
2018,Rucho v. Common Cause,18-422,Other,Unknown,1,5-4,5,Gorsuch,1
2018,Rucho v. Common Cause,18-422,Other,Unknown,1,5-4,5,Kavanaugh,1
2018,Rucho v. Common Cause,18-422,Other,Unknown,1,5-4,5,Kagan,0
2018,Rucho v. Common Cause,18-422,Other,Unknown,1,5-4,5,Ginsburg,0
2018,Rucho v. Common Cause,18-422,Other,Unknown,1,5-4,5,Breyer,0
2018,Rucho v. Common Cause,18-422,Other,Unknown,1,5-4,5,Sotomayor,0
2018,Department of Commerce v. New York,18-966,Other,Unknown,0,9-0,5,Jr.,1
2018,Department of Commerce v. New York,18-966,Other,Unknown,0,9-0,5,Thomas,1
2018,Department of Commerce v. New York,18-966,Other,Unknown,0,9-0,5,Jr.,1
2018,Department of Commerce v. New York,18-966,Other,Unknown,0,9-0,5,Breyer,1
2018,Department of Commerce v. New York,18-966,Other,Unknown,0,9-0,5,Ginsburg,1
2018,Department of Commerce v. New York,18-966,Other,Unknown,0,9-0,5,Sotomayor,1
2018,Department of Commerce v. New York,18-966,Other,Unknown,0,9-0,5,Kagan,1
2018,Department of Commerce v. New York,18-966,Other,Unknown,0,9-0,5,Gorsuch,1
2018,Department of Commerce v. New York,18-966,Other,Unknown,0,9-0,5,Kavanaugh,1
2018,Department of Commerce v. New York,18-966,Other,Unknown,0,5-4,5,Jr.,1
2018,Department of Commerce v. New York,18-966,Other,Unknown,0,5-4,5,Thomas,1
2018,Department of Commerce v. New York,18-966,Other,Unknown,0,5-4,5,Gorsuch,1
2018,Department of Commerce v. New York,18-966,Other,Unknown,0,5-4,5,Jr.,1
2018,Department of Commerce v. New York,18-966,Other,Unknown,0,5-4,5,Kavanaugh,1
2018,Department of Commerce v. New York,18-966,Other,Unknown,0,5-4,5,Breyer,0
2018,Department of Commerce v. New York,18-966,Other,Unknown,0,5-4,5,Ginsburg,0
2018,Department of Commerce v. New York,18-966,Other,Unknown,0,5-4,5,Sotomayor,0
2018,Department of Commerce v. New York,18-966,Other,Unknown,0,5-4,5,Kagan,0
2018,Department of Commerce v. New York,18-966,Other,Unknown,0,7-2,5,Jr.,1
2018,Department of Commerce v. New York,18-966,Other,Unknown,0,7-2,5,Thomas,1
2018,Department of Commerce v. New York,18-966,Other,Unknown,0,7-2,5,Ginsburg,1
2018,Department of Commerce v. New York,18-966,Other,Unknown,0,7-2,5,Breyer,1
2018,Department of Commerce v. New York,18-966,Other,Unknown,0,7-2,5,Sotomayor,1
2018,Department of Commerce v. New York,18-966,Other,Unknown,0,7-2,5,Kagan,1
2018,Department of Commerce v. New York,18-966,Other,Unknown,0,7-2,5,Kavanaugh,1
2018,Department of Commerce v. New York,18-966,Other,Unknown,0,7-2,5,Jr.,0
2018,Department of Commerce v. New York,18-966,Other,Unknown,0,7-2,5,Gorsuch,0
2018,Department of Commerce v. New York,18-966,Other,Unknown,0,5-4,5,Jr.,1
2018,Department of Commerce v. New York,18-966,Other,Unknown,0,5-4,5,Thomas,1
2018,Department of Commerce v. New York,18-966,Other,Unknown,0,5-4,5,Jr.,1
2018,Department of Commerce v. New York,18-966,Other,Unknown,0,5-4,5,Gorsuch,1
2018,Department of Commerce v. New York,18-966,Other,Unknown,0,5-4,5,Kavanaugh,1
2018,Department of Commerce v. New York,18-966,Other,Unknown,0,5-4,5,Breyer,0
2018,Department of Commerce v. New York,18-966,Other,Unknown,0,5-4,5,Ginsburg,0
2018,Department of Commerce v. New York,18-966,Other,Unknown,0,5-4,5,Sotomayor,0
2018,Department of Commerce v. New York,18-966,Other,Unknown,0,5-4,5,Kagan,0
2018,Department of Commerce v. New York,18-966,Other,Unknown,0,5-4,5,Jr.,1
2018,Department of Commerce v. New York,18-966,Other,Unknown,0,5-4,5,Thomas,1
2018,Department of Commerce v. New York,18-966,Other,Unknown,0,5-4,5,Jr.,1
2018,Department of Commerce v. New York,18-966,Other,Unknown,0,5-4,5,Gorsuch,1
2018,Department of Commerce v. New York,18-966,Other,Unknown,0,5-4,5,Kavanaugh,1
2018,Department of Commerce v. New York,18-966,Other,Unknown,0,5-4,5,Breyer,0
2018,Department of Commerce v. New York,18-966,Other,Unknown,0,5-4,5,Ginsburg,0
2018,Department of Commerce v. New York,18-966,Other,Unknown,0,5-4,5,Sotomayor,0
2018,Department of Commerce v. New York,18-966,Other,Unknown,0,5-4,5,Kagan,0
2018,Department of Commerce v. New York,18-966,Other,Unknown,0,5-4,5,Jr.,1
2018,Department of Commerce v. New York,18-966,Other,Unknown,0,5-4,5,Ginsburg,1
2018,Department of Commerce v. New York,18-966,Other,Unknown,0,5-4,5,Breyer,1
2018,Department of Commerce v. New York,18-966,Other,Unknown,0,5-4,5,Kagan,1
2018,Department of Commerce v. New York,18-966,Other,Unknown,0,5-4,5,Sotomayor,1
2018,Department of Commerce v. New York,18-966,Other,Unknown,0,5-4,5,Thomas,0
2018,Department of Commerce v. New York,18-966,Other,Unknown,0,5-4,5,Jr.,0
2018,Department of Commerce v. New York,18-966,Other,Unknown,0,5-4,5,Kavanaugh,0
2018,Department of Commerce v. New York,18-966,Other,Unknown,0,5-4,5,Gorsuch,0
2018,Yovino v. Rizo,18-272,9th Circuit,Unknown,0,9-0,5,Jr.,1
2018,Yovino v. Rizo,18-272,9th Circuit,Unknown,0,9-0,5,Thomas,1
2018,Yovino v. Rizo,18-272,9th Circuit,Unknown,0,9-0,5,Jr.,1
2018,Yovino v. Rizo,18-272,9th Circuit,Unknown,0,9-0,5,Ginsburg,1
2018,Yovino v. Rizo,18-272,9th Circuit,Unknown,0,9-0,5,Kagan,1
2018,Yovino v. Rizo,18-272,9th Circuit,Unknown,0,9-0,5,Sotomayor,1
2018,Yovino v. Rizo,18-272,9th Circuit,Unknown,0,9-0,5,Kavanaugh,1
2018,Yovino v. Rizo,18-272,9th Circuit,Unknown,0,9-0,5,Gorsuch,1
2018,Yovino v. Rizo,18-272,9th Circuit,Unknown,0,9-0,5,Breyer,1
2018,Lamone v. Benisek,18-726,Other,Unknown,1,5-4,5,Jr.,1
2018,Lamone v. Benisek,18-726,Other,Unknown,1,5-4,5,Thomas,1
2018,Lamone v. Benisek,18-726,Other,Unknown,1,5-4,5,Jr.,1
2018,Lamone v. Benisek,18-726,Other,Unknown,1,5-4,5,Kavanaugh,1
2018,Lamone v. Benisek,18-726,Other,Unknown,1,5-4,5,Gorsuch,1
2018,Lamone v. Benisek,18-726,Other,Unknown,1,5-4,5,Kagan,0
2018,Lamone v. Benisek,18-726,Other,Unknown,1,5-4,5,Ginsburg,0
2018,Lamone v. Benisek,18-726,Other,Unknown,1,5-4,5,Breyer,0
2018,Lamone v. Benisek,18-726,Other,Unknown,1,5-4,5,Sotomayor,0
2018,"Box v. Planned Parenthood of Indiana and Kentucky, Inc.",18-483,7th Circuit,Unknown,0,9-0,5,Sotomayor,1
2018,"Box v. Planned Parenthood of Indiana and Kentucky, Inc.",18-483,7th Circuit,Unknown,0,9-0,5,Jr.,1
2018,"Box v. Planned Parenthood of Indiana and Kentucky, Inc.",18-483,7th Circuit,Unknown,0,9-0,5,Thomas,1
2018,"Box v. Planned Parenthood of Indiana and Kentucky, Inc.",18-483,7th Circuit,Unknown,0,9-0,5,Ginsburg,1
2018,"Box v. Planned Parenthood of Indiana and Kentucky, Inc.",18-483,7th Circuit,Unknown,0,9-0,5,Kagan,1
2018,"Box v. Planned Parenthood of Indiana and Kentucky, Inc.",18-483,7th Circuit,Unknown,0,9-0,5,Gorsuch,1
2018,"Box v. Planned Parenthood of Indiana and Kentucky, Inc.",18-483,7th Circuit,Unknown,0,9-0,5,Kavanaugh,1
2018,"Box v. Planned Parenthood of Indiana and Kentucky, Inc.",18-483,7th Circuit,Unknown,0,9-0,5,Breyer,1
2018,"Box v. Planned Parenthood of Indiana and Kentucky, Inc.",18-483,7th Circuit,Unknown,0,9-0,5,Jr.,1
2018,"Box v. Planned Parenthood of Indiana and Kentucky, Inc.",18-483,7th Circuit,Unknown,0,7-2,5,Breyer,1
2018,"Box v. Planned Parenthood of Indiana and Kentucky, Inc.",18-483,7th Circuit,Unknown,0,7-2,5,Jr.,1
2018,"Box v. Planned Parenthood of Indiana and Kentucky, Inc.",18-483,7th Circuit,Unknown,0,7-2,5,Thomas,1
2018,"Box v. Planned Parenthood of Indiana and Kentucky, Inc.",18-483,7th Circuit,Unknown,0,7-2,5,Jr.,1
2018,"Box v. Planned Parenthood of Indiana and Kentucky, Inc.",18-483,7th Circuit,Unknown,0,7-2,5,Kavanaugh,1
2018,"Box v. Planned Parenthood of Indiana and Kentucky, Inc.",18-483,7th Circuit,Unknown,0,7-2,5,Gorsuch,1
2018,"Box v. Planned Parenthood of Indiana and Kentucky, Inc.",18-483,7th Circuit,Unknown,0,7-2,5,Sotomayor,0
2018,"Box v. Planned Parenthood of Indiana and Kentucky, Inc.",18-483,7th Circuit,Unknown,0,7-2,5,Ginsburg,0
2018,"Box v. Planned Parenthood of Indiana and Kentucky, Inc.",18-483,7th Circuit,Unknown,0,7-2,5,Kagan,1
2017,Jennings v. Rodriguez,15-1204,9th Circuit,Unknown,1,5-4,5,Jr.,1
2017,Jennings v. Rodriguez,15-1204,9th Circuit,Unknown,1,5-4,5,Kennedy,1
2017,Jennings v. Rodriguez,15-1204,9th Circuit,Unknown,1,5-4,5,Jr.,1
2017,Jennings v. Rodriguez,15-1204,9th Circuit,Unknown,1,5-4,5,Thomas,1
2017,Jennings v. Rodriguez,15-1204,9th Circuit,Unknown,1,5-4,5,Gorsuch,1
2017,Jennings v. Rodriguez,15-1204,9th Circuit,Unknown,1,5-4,5,Sotomayor,0
2017,Jennings v. Rodriguez,15-1204,9th Circuit,Unknown,1,5-4,5,Breyer,0
2017,Jennings v. Rodriguez,15-1204,9th Circuit,Unknown,1,5-4,5,Ginsburg,0
2017,Jennings v. Rodriguez,15-1204,9th Circuit,Unknown,1,5-4,5,Kagan,0
2017,Jennings v. Rodriguez,15-1204,9th Circuit,Unknown,1,5-4,5,Jr.,1
2017,Jennings v. Rodriguez,15-1204,9th Circuit,Unknown,1,5-4,5,Kennedy,1
2017,Jennings v. Rodriguez,15-1204,9th Circuit,Unknown,1,5-4,5,Jr.,1
2017,Jennings v. Rodriguez,15-1204,9th Circuit,Unknown,1,5-4,5,Thomas,1
2017,Jennings v. Rodriguez,15-1204,9th Circuit,Unknown,1,5-4,5,Gorsuch,1
2017,Jennings v. Rodriguez,15-1204,9th Circuit,Unknown,1,5-4,5,Breyer,0
2017,Jennings v. Rodriguez,15-1204,9th Circuit,Unknown,1,5-4,5,Sotomayor,0
2017,Jennings v. Rodriguez,15-1204,9th Circuit,Unknown,1,5-4,5,Ginsburg,0
2017,Jennings v. Rodriguez,15-1204,9th Circuit,Unknown,1,5-4,5,Kagan,0
2017,Sessions v. Dimaya,15-1498,9th Circuit,Unknown,0,5-4,5,Kagan,1
2017,Sessions v. Dimaya,15-1498,9th Circuit,Unknown,0,5-4,5,Ginsburg,1
2017,Sessions v. Dimaya,15-1498,9th Circuit,Unknown,0,5-4,5,Breyer,1
2017,Sessions v. Dimaya,15-1498,9th Circuit,Unknown,0,5-4,5,Sotomayor,1
2017,Sessions v. Dimaya,15-1498,9th Circuit,Unknown,0,5-4,5,Gorsuch,1
2017,Sessions v. Dimaya,15-1498,9th Circuit,Unknown,0,5-4,5,Jr.,0
2017,Sessions v. Dimaya,15-1498,9th Circuit,Unknown,0,5-4,5,Kennedy,0
2017,Sessions v. Dimaya,15-1498,9th Circuit,Unknown,0,5-4,5,Thomas,0
2017,Sessions v. Dimaya,15-1498,9th Circuit,Unknown,0,5-4,5,Jr.,0
2017,National Association of Manufacturers v. Department of Defense,16-299,6th Circuit,Unknown,1,9-0,5,Sotomayor,1
2017,National Association of Manufacturers v. Department of Defense,16-299,6th Circuit,Unknown,1,9-0,5,Ginsburg,1
2017,National Association of Manufacturers v. Department of Defense,16-299,6th Circuit,Unknown,1,9-0,5,Kagan,1
2017,National Association of Manufacturers v. Department of Defense,16-299,6th Circuit,Unknown,1,9-0,5,Kennedy,1
2017,National Association of Manufacturers v. Department of Defense,16-299,6th Circuit,Unknown,1,9-0,5,Jr.,1
2017,National Association of Manufacturers v. Department of Defense,16-299,6th Circuit,Unknown,1,9-0,5,Jr.,1
2017,National Association of Manufacturers v. Department of Defense,16-299,6th Circuit,Unknown,1,9-0,5,Breyer,1
2017,National Association of Manufacturers v. Department of Defense,16-299,6th Circuit,Unknown,1,9-0,5,Thomas,1
2017,National Association of Manufacturers v. Department of Defense,16-299,6th Circuit,Unknown,1,9-0,5,Gorsuch,1
2017,Epic Systems Corp. v. Lewis,16-285,7th Circuit,Unknown,1,5-4,5,Gorsuch,1
2017,Epic Systems Corp. v. Lewis,16-285,7th Circuit,Unknown,1,5-4,5,Jr.,1
2017,Epic Systems Corp. v. Lewis,16-285,7th Circuit,Unknown,1,5-4,5,Kennedy,1
2017,Epic Systems Corp. v. Lewis,16-285,7th Circuit,Unknown,1,5-4,5,Thomas,1
2017,Epic Systems Corp. v. Lewis,16-285,7th Circuit,Unknown,1,5-4,5,Jr.,1
2017,Epic Systems Corp. v. Lewis,16-285,7th Circuit,Unknown,1,5-4,5,Ginsburg,0
2017,Epic Systems Corp. v. Lewis,16-285,7th Circuit,Unknown,1,5-4,5,Kagan,0
2017,Epic Systems Corp. v. Lewis,16-285,7th Circuit,Unknown,1,5-4,5,Breyer,0
2017,Epic Systems Corp. v. Lewis,16-285,7th Circuit,Unknown,1,5-4,5,Sotomayor,0
2017,District of Columbia v. Wesby,15-1485,Other,Unknown,1,9-0,5,Thomas,1
2017,District of Columbia v. Wesby,15-1485,Other,Unknown,1,9-0,5,Jr.,1
2017,District of Columbia v. Wesby,15-1485,Other,Unknown,1,9-0,5,Kennedy,1
2017,District of Columbia v. Wesby,15-1485,Other,Unknown,1,9-0,5,Breyer,1
2017,District of Columbia v. Wesby,15-1485,Other,Unknown,1,9-0,5,Kagan,1
2017,District of Columbia v. Wesby,15-1485,Other,Unknown,1,9-0,5,Gorsuch,1
2017,District of Columbia v. Wesby,15-1485,Other,Unknown,1,9-0,5,Jr.,1
2017,District of Columbia v. Wesby,15-1485,Other,Unknown,1,9-0,5,Sotomayor,1
2017,District of Columbia v. Wesby,15-1485,Other,Unknown,1,9-0,5,Ginsburg,1
2017,Class v. United States,16-424,Other,Unknown,1,6-3,5,Breyer,1
2017,Class v. United States,16-424,Other,Unknown,1,6-3,5,Jr.,1
2017,Class v. United States,16-424,Other,Unknown,1,6-3,5,Ginsburg,1
2017,Class v. United States,16-424,Other,Unknown,1,6-3,5,Sotomayor,1
2017,Class v. United States,16-424,Other,Unknown,1,6-3,5,Kagan,1
2017,Class v. United States,16-424,Other,Unknown,1,6-3,5,Gorsuch,1
2017,Class v. United States,16-424,Other,Unknown,1,6-3,5,Jr.,0
2017,Class v. United States,16-424,Other,Unknown,1,6-3,5,Kennedy,0
2017,Class v. United States,16-424,Other,Unknown,1,6-3,5,Thomas,0
2017,Artis v. District of Columbia,16-460,Other,Unknown,1,5-4,5,Ginsburg,1
2017,Artis v. District of Columbia,16-460,Other,Unknown,1,5-4,5,Jr.,1
2017,Artis v. District of Columbia,16-460,Other,Unknown,1,5-4,5,Kagan,1
2017,Artis v. District of Columbia,16-460,Other,Unknown,1,5-4,5,Sotomayor,1
2017,Artis v. District of Columbia,16-460,Other,Unknown,1,5-4,5,Breyer,1
2017,Artis v. District of Columbia,16-460,Other,Unknown,1,5-4,5,Gorsuch,0
2017,Artis v. District of Columbia,16-460,Other,Unknown,1,5-4,5,Thomas,0
2017,Artis v. District of Columbia,16-460,Other,Unknown,1,5-4,5,Kennedy,0
2017,Artis v. District of Columbia,16-460,Other,Unknown,1,5-4,5,Jr.,0
2017,Hamer v. Neighborhood Housing Services of Chicago,16-658,7th Circuit,Unknown,1,9-0,5,Ginsburg,1
2017,Hamer v. Neighborhood Housing Services of Chicago,16-658,7th Circuit,Unknown,1,9-0,5,Kennedy,1
2017,Hamer v. Neighborhood Housing Services of Chicago,16-658,7th Circuit,Unknown,1,9-0,5,Breyer,1
2017,Hamer v. Neighborhood Housing Services of Chicago,16-658,7th Circuit,Unknown,1,9-0,5,Kagan,1
2017,Hamer v. Neighborhood Housing Services of Chicago,16-658,7th Circuit,Unknown,1,9-0,5,Sotomayor,1
2017,Hamer v. Neighborhood Housing Services of Chicago,16-658,7th Circuit,Unknown,1,9-0,5,Jr.,1
2017,Hamer v. Neighborhood Housing Services of Chicago,16-658,7th Circuit,Unknown,1,9-0,5,Gorsuch,1
2017,Hamer v. Neighborhood Housing Services of Chicago,16-658,7th Circuit,Unknown,1,9-0,5,Jr.,1
2017,Hamer v. Neighborhood Housing Services of Chicago,16-658,7th Circuit,Unknown,1,9-0,5,Thomas,1
2017,Wilson v. Sellers,16-6855,11th Circuit,Unknown,1,6-3,5,Breyer,1
2017,Wilson v. Sellers,16-6855,11th Circuit,Unknown,1,6-3,5,Jr.,1
2017,Wilson v. Sellers,16-6855,11th Circuit,Unknown,1,6-3,5,Kennedy,1
2017,Wilson v. Sellers,16-6855,11th Circuit,Unknown,1,6-3,5,Ginsburg,1
2017,Wilson v. Sellers,16-6855,11th Circuit,Unknown,1,6-3,5,Sotomayor,1
2017,Wilson v. Sellers,16-6855,11th Circuit,Unknown,1,6-3,5,Kagan,1
2017,Wilson v. Sellers,16-6855,11th Circuit,Unknown,1,6-3,5,Gorsuch,0
2017,Wilson v. Sellers,16-6855,11th Circuit,Unknown,1,6-3,5,Thomas,0
2017,Wilson v. Sellers,16-6855,11th Circuit,Unknown,1,6-3,5,Jr.,0
2017,"U.S. Bank National Association v. Village at Lakeridge, LLC",15-1509,9th Circuit,Unknown,0,9-0,5,Kagan,1
2017,"U.S. Bank National Association v. Village at Lakeridge, LLC",15-1509,9th Circuit,Unknown,0,9-0,5,Sotomayor,1
2017,"U.S. Bank National Association v. Village at Lakeridge, LLC",15-1509,9th Circuit,Unknown,0,9-0,5,Kennedy,1
2017,"U.S. Bank National Association v. Village at Lakeridge, LLC",15-1509,9th Circuit,Unknown,0,9-0,5,Thomas,1
2017,"U.S. Bank National Association v. Village at Lakeridge, LLC",15-1509,9th Circuit,Unknown,0,9-0,5,Gorsuch,1
2017,"U.S. Bank National Association v. Village at Lakeridge, LLC",15-1509,9th Circuit,Unknown,0,9-0,5,Breyer,1
2017,"U.S. Bank National Association v. Village at Lakeridge, LLC",15-1509,9th Circuit,Unknown,0,9-0,5,Jr.,1
2017,"U.S. Bank National Association v. Village at Lakeridge, LLC",15-1509,9th Circuit,Unknown,0,9-0,5,Ginsburg,1
2017,"U.S. Bank National Association v. Village at Lakeridge, LLC",15-1509,9th Circuit,Unknown,0,9-0,5,Jr.,1
2017,"Jesner v. Arab Bank, PLC",16-499,2nd Circuit,Unknown,0,5-4,5,Kennedy,1
2017,"Jesner v. Arab Bank, PLC",16-499,2nd Circuit,Unknown,0,5-4,5,Jr.,1
2017,"Jesner v. Arab Bank, PLC",16-499,2nd Circuit,Unknown,0,5-4,5,Thomas,1
2017,"Jesner v. Arab Bank, PLC",16-499,2nd Circuit,Unknown,0,5-4,5,Jr.,1
2017,"Jesner v. Arab Bank, PLC",16-499,2nd Circuit,Unknown,0,5-4,5,Gorsuch,1
2017,"Jesner v. Arab Bank, PLC",16-499,2nd Circuit,Unknown,0,5-4,5,Sotomayor,0
2017,"Jesner v. Arab Bank, PLC",16-499,2nd Circuit,Unknown,0,5-4,5,Breyer,0
2017,"Jesner v. Arab Bank, PLC",16-499,2nd Circuit,Unknown,0,5-4,5,Kagan,0
2017,"Jesner v. Arab Bank, PLC",16-499,2nd Circuit,Unknown,0,5-4,5,Ginsburg,0
2017,Ayestas v. Davis,16-6795,5th Circuit,Unknown,1,9-0,5,Jr.,1
2017,Ayestas v. Davis,16-6795,5th Circuit,Unknown,1,9-0,5,Jr.,1
2017,Ayestas v. Davis,16-6795,5th Circuit,Unknown,1,9-0,5,Thomas,1
2017,Ayestas v. Davis,16-6795,5th Circuit,Unknown,1,9-0,5,Gorsuch,1
2017,Ayestas v. Davis,16-6795,5th Circuit,Unknown,1,9-0,5,Kagan,1
2017,Ayestas v. Davis,16-6795,5th Circuit,Unknown,1,9-0,5,Breyer,1
2017,Ayestas v. Davis,16-6795,5th Circuit,Unknown,1,9-0,5,Kennedy,1
2017,Ayestas v. Davis,16-6795,5th Circuit,Unknown,1,9-0,5,Sotomayor,1
2017,Ayestas v. Davis,16-6795,5th Circuit,Unknown,1,9-0,5,Ginsburg,1
2017,Patchak v. Zinke,16-498,Other,Unknown,0,6-3,5,Thomas,1
2017,Patchak v. Zinke,16-498,Other,Unknown,0,6-3,5,Breyer,1
2017,Patchak v. Zinke,16-498,Other,Unknown,0,6-3,5,Jr.,1
2017,Patchak v. Zinke,16-498,Other,Unknown,0,6-3,5,Kagan,1
2017,Patchak v. Zinke,16-498,Other,Unknown,0,6-3,5,Ginsburg,1
2017,Patchak v. Zinke,16-498,Other,Unknown,0,6-3,5,Sotomayor,1
2017,Patchak v. Zinke,16-498,Other,Unknown,0,6-3,5,Jr.,0
2017,Patchak v. Zinke,16-498,Other,Unknown,0,6-3,5,Kennedy,0
2017,Patchak v. Zinke,16-498,Other,Unknown,0,6-3,5,Gorsuch,0
2017,"Merit Management Group v. FTI Consulting, Inc.",16-784,7th Circuit,Unknown,0,9-0,5,Sotomayor,1
2017,"Merit Management Group v. FTI Consulting, Inc.",16-784,7th Circuit,Unknown,0,9-0,5,Kagan,1
2017,"Merit Management Group v. FTI Consulting, Inc.",16-784,7th Circuit,Unknown,0,9-0,5,Ginsburg,1
2017,"Merit Management Group v. FTI Consulting, Inc.",16-784,7th Circuit,Unknown,0,9-0,5,Breyer,1
2017,"Merit Management Group v. FTI Consulting, Inc.",16-784,7th Circuit,Unknown,0,9-0,5,Kennedy,1
2017,"Merit Management Group v. FTI Consulting, Inc.",16-784,7th Circuit,Unknown,0,9-0,5,Jr.,1
2017,"Merit Management Group v. FTI Consulting, Inc.",16-784,7th Circuit,Unknown,0,9-0,5,Jr.,1
2017,"Merit Management Group v. FTI Consulting, Inc.",16-784,7th Circuit,Unknown,0,9-0,5,Thomas,1
2017,"Merit Management Group v. FTI Consulting, Inc.",16-784,7th Circuit,Unknown,0,9-0,5,Gorsuch,1
2017,SAS Institute Inc. v. Iancu,16-969,Federal Circuit,Unknown,1,5-4,5,Gorsuch,1
2017,SAS Institute Inc. v. Iancu,16-969,Federal Circuit,Unknown,1,5-4,5,Jr.,1
2017,SAS Institute Inc. v. Iancu,16-969,Federal Circuit,Unknown,1,5-4,5,Kennedy,1
2017,SAS Institute Inc. v. Iancu,16-969,Federal Circuit,Unknown,1,5-4,5,Thomas,1
2017,SAS Institute Inc. v. Iancu,16-969,Federal Circuit,Unknown,1,5-4,5,Jr.,1
2017,SAS Institute Inc. v. Iancu,16-969,Federal Circuit,Unknown,1,5-4,5,Ginsburg,0
2017,SAS Institute Inc. v. Iancu,16-969,Federal Circuit,Unknown,1,5-4,5,Breyer,0
2017,SAS Institute Inc. v. Iancu,16-969,Federal Circuit,Unknown,1,5-4,5,Sotomayor,0
2017,SAS Institute Inc. v. Iancu,16-969,Federal Circuit,Unknown,1,5-4,5,Kagan,0
2017,Husted v. A. Philip Randolph Institute,16-980,6th Circuit,Unknown,1,5-4,5,Jr.,1
2017,Husted v. A. Philip Randolph Institute,16-980,6th Circuit,Unknown,1,5-4,5,Gorsuch,1
2017,Husted v. A. Philip Randolph Institute,16-980,6th Circuit,Unknown,1,5-4,5,Jr.,1
2017,Husted v. A. Philip Randolph Institute,16-980,6th Circuit,Unknown,1,5-4,5,Kennedy,1
2017,Husted v. A. Philip Randolph Institute,16-980,6th Circuit,Unknown,1,5-4,5,Thomas,1
2017,Husted v. A. Philip Randolph Institute,16-980,6th Circuit,Unknown,1,5-4,5,Sotomayor,0
2017,Husted v. A. Philip Randolph Institute,16-980,6th Circuit,Unknown,1,5-4,5,Breyer,0
2017,Husted v. A. Philip Randolph Institute,16-980,6th Circuit,Unknown,1,5-4,5,Kagan,0
2017,Husted v. A. Philip Randolph Institute,16-980,6th Circuit,Unknown,1,5-4,5,Ginsburg,0
2017,Carpenter v. United States,16-402,6th Circuit,Unknown,1,5-4,5,Jr.,1
2017,Carpenter v. United States,16-402,6th Circuit,Unknown,1,5-4,5,Ginsburg,1
2017,Carpenter v. United States,16-402,6th Circuit,Unknown,1,5-4,5,Breyer,1
2017,Carpenter v. United States,16-402,6th Circuit,Unknown,1,5-4,5,Sotomayor,1
2017,Carpenter v. United States,16-402,6th Circuit,Unknown,1,5-4,5,Kagan,1
2017,Carpenter v. United States,16-402,6th Circuit,Unknown,1,5-4,5,Kennedy,0
2017,Carpenter v. United States,16-402,6th Circuit,Unknown,1,5-4,5,Thomas,0
2017,Carpenter v. United States,16-402,6th Circuit,Unknown,1,5-4,5,Jr.,0
2017,Carpenter v. United States,16-402,6th Circuit,Unknown,1,5-4,5,Gorsuch,0
2017,Gill v. Whitford,16-1161,Other,Unknown,1,9-0,5,Jr.,1
2017,Gill v. Whitford,16-1161,Other,Unknown,1,9-0,5,Kennedy,1
2017,Gill v. Whitford,16-1161,Other,Unknown,1,9-0,5,Ginsburg,1
2017,Gill v. Whitford,16-1161,Other,Unknown,1,9-0,5,Breyer,1
2017,Gill v. Whitford,16-1161,Other,Unknown,1,9-0,5,Jr.,1
2017,Gill v. Whitford,16-1161,Other,Unknown,1,9-0,5,Sotomayor,1
2017,Gill v. Whitford,16-1161,Other,Unknown,1,9-0,5,Kagan,1
2017,Gill v. Whitford,16-1161,Other,Unknown,1,9-0,5,Gorsuch,1
2017,Gill v. Whitford,16-1161,Other,Unknown,1,9-0,5,Thomas,1
2017,"Cyan, Inc. v. Beaver County Employees' Retirement Fund",15-1439,Other,Unknown,0,9-0,5,Kagan,1
2017,"Cyan, Inc. v. Beaver County Employees' Retirement Fund",15-1439,Other,Unknown,0,9-0,5,Ginsburg,1
2017,"Cyan, Inc. v. Beaver County Employees' Retirement Fund",15-1439,Other,Unknown,0,9-0,5,Sotomayor,1
2017,"Cyan, Inc. v. Beaver County Employees' Retirement Fund",15-1439,Other,Unknown,0,9-0,5,Breyer,1
2017,"Cyan, Inc. v. Beaver County Employees' Retirement Fund",15-1439,Other,Unknown,0,9-0,5,Kennedy,1
2017,"Cyan, Inc. v. Beaver County Employees' Retirement Fund",15-1439,Other,Unknown,0,9-0,5,Jr.,1
2017,"Cyan, Inc. v. Beaver County Employees' Retirement Fund",15-1439,Other,Unknown,0,9-0,5,Jr.,1
2017,"Cyan, Inc. v. Beaver County Employees' Retirement Fund",15-1439,Other,Unknown,0,9-0,5,Thomas,1
2017,"Cyan, Inc. v. Beaver County Employees' Retirement Fund",15-1439,Other,Unknown,0,9-0,5,Gorsuch,1
2017,"Masterpiece Cakeshop, Ltd. v. Colorado Civil Rights Commission",16-111,Other,Unknown,1,7-2,5,Kennedy,1
2017,"Masterpiece Cakeshop, Ltd. v. Colorado Civil Rights Commission",16-111,Other,Unknown,1,7-2,5,Jr.,1
2017,"Masterpiece Cakeshop, Ltd. v. Colorado Civil Rights Commission",16-111,Other,Unknown,1,7-2,5,Kagan,1
2017,"Masterpiece Cakeshop, Ltd. v. Colorado Civil Rights Commission",16-111,Other,Unknown,1,7-2,5,Breyer,1
2017,"Masterpiece Cakeshop, Ltd. v. Colorado Civil Rights Commission",16-111,Other,Unknown,1,7-2,5,Gorsuch,1
2017,"Masterpiece Cakeshop, Ltd. v. Colorado Civil Rights Commission",16-111,Other,Unknown,1,7-2,5,Thomas,1
2017,"Masterpiece Cakeshop, Ltd. v. Colorado Civil Rights Commission",16-111,Other,Unknown,1,7-2,5,Jr.,1
2017,"Masterpiece Cakeshop, Ltd. v. Colorado Civil Rights Commission",16-111,Other,Unknown,1,7-2,5,Ginsburg,0
2017,"Masterpiece Cakeshop, Ltd. v. Colorado Civil Rights Commission",16-111,Other,Unknown,1,7-2,5,Sotomayor,0
2017,Murphy v. National Collegiate Athletic Association,16-476,3rd Circuit,Unknown,1,6-3,5,Jr.,1
2017,Murphy v. National Collegiate Athletic Association,16-476,3rd Circuit,Unknown,1,6-3,5,Jr.,1
2017,Murphy v. National Collegiate Athletic Association,16-476,3rd Circuit,Unknown,1,6-3,5,Kennedy,1
2017,Murphy v. National Collegiate Athletic Association,16-476,3rd Circuit,Unknown,1,6-3,5,Kagan,1
2017,Murphy v. National Collegiate Athletic Association,16-476,3rd Circuit,Unknown,1,6-3,5,Thomas,1
2017,Murphy v. National Collegiate Athletic Association,16-476,3rd Circuit,Unknown,1,6-3,5,Breyer,0
2017,Murphy v. National Collegiate Athletic Association,16-476,3rd Circuit,Unknown,1,6-3,5,Ginsburg,0
2017,Murphy v. National Collegiate Athletic Association,16-476,3rd Circuit,Unknown,1,6-3,5,Sotomayor,0
2017,Murphy v. National Collegiate Athletic Association,16-476,3rd Circuit,Unknown,1,6-3,5,Gorsuch,1
2017,Rubin v. Islamic Republic of Iran,16-534,7th Circuit,Unknown,0,8-1,5,Sotomayor,1
2017,Rubin v. Islamic Republic of Iran,16-534,7th Circuit,Unknown,0,8-1,5,Gorsuch,1
2017,Rubin v. Islamic Republic of Iran,16-534,7th Circuit,Unknown,0,8-1,5,Jr.,1
2017,Rubin v. Islamic Republic of Iran,16-534,7th Circuit,Unknown,0,8-1,5,Kennedy,1
2017,Rubin v. Islamic Republic of Iran,16-534,7th Circuit,Unknown,0,8-1,5,Jr.,1
2017,Rubin v. Islamic Republic of Iran,16-534,7th Circuit,Unknown,0,8-1,5,Ginsburg,1
2017,Rubin v. Islamic Republic of Iran,16-534,7th Circuit,Unknown,0,8-1,5,Thomas,1
2017,Rubin v. Islamic Republic of Iran,16-534,7th Circuit,Unknown,0,8-1,5,Breyer,1
2017,Rubin v. Islamic Republic of Iran,16-534,7th Circuit,Unknown,0,8-1,5,Kagan,0
2017,Marinello v. United States,16-1144,2nd Circuit,Unknown,1,7-2,5,Breyer,1
2017,Marinello v. United States,16-1144,2nd Circuit,Unknown,1,7-2,5,Jr.,1
2017,Marinello v. United States,16-1144,2nd Circuit,Unknown,1,7-2,5,Kennedy,1
2017,Marinello v. United States,16-1144,2nd Circuit,Unknown,1,7-2,5,Ginsburg,1
2017,Marinello v. United States,16-1144,2nd Circuit,Unknown,1,7-2,5,Sotomayor,1
2017,Marinello v. United States,16-1144,2nd Circuit,Unknown,1,7-2,5,Kagan,1
2017,Marinello v. United States,16-1144,2nd Circuit,Unknown,1,7-2,5,Gorsuch,1
2017,Marinello v. United States,16-1144,2nd Circuit,Unknown,1,7-2,5,Thomas,0
2017,Marinello v. United States,16-1144,2nd Circuit,Unknown,1,7-2,5,Jr.,0
2017,"Digital Realty Trust, Inc. v. Somers",16-1276,9th Circuit,Unknown,1,9-0,5,Ginsburg,1
2017,"Digital Realty Trust, Inc. v. Somers",16-1276,9th Circuit,Unknown,1,9-0,5,Jr.,1
2017,"Digital Realty Trust, Inc. v. Somers",16-1276,9th Circuit,Unknown,1,9-0,5,Kennedy,1
2017,"Digital Realty Trust, Inc. v. Somers",16-1276,9th Circuit,Unknown,1,9-0,5,Breyer,1
2017,"Digital Realty Trust, Inc. v. Somers",16-1276,9th Circuit,Unknown,1,9-0,5,Sotomayor,1
2017,"Digital Realty Trust, Inc. v. Somers",16-1276,9th Circuit,Unknown,1,9-0,5,Kagan,1
2017,"Digital Realty Trust, Inc. v. Somers",16-1276,9th Circuit,Unknown,1,9-0,5,Thomas,1
2017,"Digital Realty Trust, Inc. v. Somers",16-1276,9th Circuit,Unknown,1,9-0,5,Jr.,1
2017,"Digital Realty Trust, Inc. v. Somers",16-1276,9th Circuit,Unknown,1,9-0,5,Gorsuch,1
2017,Murphy v. Smith,16-1067,7th Circuit,Unknown,0,5-4,5,Gorsuch,1
2017,Murphy v. Smith,16-1067,7th Circuit,Unknown,0,5-4,5,Thomas,1
2017,Murphy v. Smith,16-1067,7th Circuit,Unknown,0,5-4,5,Jr.,1
2017,Murphy v. Smith,16-1067,7th Circuit,Unknown,0,5-4,5,Kennedy,1
2017,Murphy v. Smith,16-1067,7th Circuit,Unknown,0,5-4,5,Jr.,1
2017,Murphy v. Smith,16-1067,7th Circuit,Unknown,0,5-4,5,Sotomayor,0
2017,Murphy v. Smith,16-1067,7th Circuit,Unknown,0,5-4,5,Kagan,0
2017,Murphy v. Smith,16-1067,7th Circuit,Unknown,0,5-4,5,Breyer,0
2017,Murphy v. Smith,16-1067,7th Circuit,Unknown,0,5-4,5,Ginsburg,0
2017,Byrd v. United States,16-1371,3rd Circuit,Unknown,1,9-0,5,Kennedy,1
2017,Byrd v. United States,16-1371,3rd Circuit,Unknown,1,9-0,5,Sotomayor,1
2017,Byrd v. United States,16-1371,3rd Circuit,Unknown,1,9-0,5,Breyer,1
2017,Byrd v. United States,16-1371,3rd Circuit,Unknown,1,9-0,5,Kagan,1
2017,Byrd v. United States,16-1371,3rd Circuit,Unknown,1,9-0,5,Gorsuch,1
2017,Byrd v. United States,16-1371,3rd Circuit,Unknown,1,9-0,5,Thomas,1
2017,Byrd v. United States,16-1371,3rd Circuit,Unknown,1,9-0,5,Jr.,1
2017,Byrd v. United States,16-1371,3rd Circuit,Unknown,1,9-0,5,Ginsburg,1
2017,Byrd v. United States,16-1371,3rd Circuit,Unknown,1,9-0,5,Jr.,1
2017,Collins v. Virginia,16-1027,State Supreme Court,Unknown,1,8-1,5,Sotomayor,1
2017,Collins v. Virginia,16-1027,State Supreme Court,Unknown,1,8-1,5,Jr.,1
2017,Collins v. Virginia,16-1027,State Supreme Court,Unknown,1,8-1,5,Kennedy,1
2017,Collins v. Virginia,16-1027,State Supreme Court,Unknown,1,8-1,5,Breyer,1
2017,Collins v. Virginia,16-1027,State Supreme Court,Unknown,1,8-1,5,Kagan,1
2017,Collins v. Virginia,16-1027,State Supreme Court,Unknown,1,8-1,5,Ginsburg,1
2017,Collins v. Virginia,16-1027,State Supreme Court,Unknown,1,8-1,5,Gorsuch,1
2017,Collins v. Virginia,16-1027,State Supreme Court,Unknown,1,8-1,5,Thomas,1
2017,Collins v. Virginia,16-1027,State Supreme Court,Unknown,1,8-1,5,Jr.,0
2017,"Encino Motorcars, LLC v. Navarro",16-1362,9th Circuit,Unknown,1,5-4,5,Thomas,1
2017,"Encino Motorcars, LLC v. Navarro",16-1362,9th Circuit,Unknown,1,5-4,5,Jr.,1
2017,"Encino Motorcars, LLC v. Navarro",16-1362,9th Circuit,Unknown,1,5-4,5,Gorsuch,1
2017,"Encino Motorcars, LLC v. Navarro",16-1362,9th Circuit,Unknown,1,5-4,5,Jr.,1
2017,"Encino Motorcars, LLC v. Navarro",16-1362,9th Circuit,Unknown,1,5-4,5,Kennedy,1
2017,"Encino Motorcars, LLC v. Navarro",16-1362,9th Circuit,Unknown,1,5-4,5,Ginsburg,0
2017,"Encino Motorcars, LLC v. Navarro",16-1362,9th Circuit,Unknown,1,5-4,5,Kagan,0
2017,"Encino Motorcars, LLC v. Navarro",16-1362,9th Circuit,Unknown,1,5-4,5,Breyer,0
2017,"Encino Motorcars, LLC v. Navarro",16-1362,9th Circuit,Unknown,1,5-4,5,Sotomayor,0
2017,"Janus v. American Federation of State, County, and Municipal Employees, Council 31",16-1466,7th Circuit,Unknown,1,5-4,5,Jr.,1
2017,"Janus v. American Federation of State, County, and Municipal Employees, Council 31",16-1466,7th Circuit,Unknown,1,5-4,5,Jr.,1
2017,"Janus v. American Federation of State, County, and Municipal Employees, Council 31",16-1466,7th Circuit,Unknown,1,5-4,5,Kennedy,1
2017,"Janus v. American Federation of State, County, and Municipal Employees, Council 31",16-1466,7th Circuit,Unknown,1,5-4,5,Thomas,1
2017,"Janus v. American Federation of State, County, and Municipal Employees, Council 31",16-1466,7th Circuit,Unknown,1,5-4,5,Gorsuch,1
2017,"Janus v. American Federation of State, County, and Municipal Employees, Council 31",16-1466,7th Circuit,Unknown,1,5-4,5,Sotomayor,0
2017,"Janus v. American Federation of State, County, and Municipal Employees, Council 31",16-1466,7th Circuit,Unknown,1,5-4,5,Kagan,0
2017,"Janus v. American Federation of State, County, and Municipal Employees, Council 31",16-1466,7th Circuit,Unknown,1,5-4,5,Breyer,0
2017,"Janus v. American Federation of State, County, and Municipal Employees, Council 31",16-1466,7th Circuit,Unknown,1,5-4,5,Ginsburg,0
2017,McCoy v. Louisiana,16-8255,Other,Unknown,1,6-3,5,Ginsburg,1
2017,McCoy v. Louisiana,16-8255,Other,Unknown,1,6-3,5,Jr.,1
2017,McCoy v. Louisiana,16-8255,Other,Unknown,1,6-3,5,Kagan,1
2017,McCoy v. Louisiana,16-8255,Other,Unknown,1,6-3,5,Breyer,1
2017,McCoy v. Louisiana,16-8255,Other,Unknown,1,6-3,5,Sotomayor,1
2017,McCoy v. Louisiana,16-8255,Other,Unknown,1,6-3,5,Kennedy,1
2017,McCoy v. Louisiana,16-8255,Other,Unknown,1,6-3,5,Jr.,0
2017,McCoy v. Louisiana,16-8255,Other,Unknown,1,6-3,5,Thomas,0
2017,McCoy v. Louisiana,16-8255,Other,Unknown,1,6-3,5,Gorsuch,0
2017,Rosales-Mireles v. United States,16-9493,5th Circuit,Unknown,1,7-2,5,Sotomayor,1
2017,Rosales-Mireles v. United States,16-9493,5th Circuit,Unknown,1,7-2,5,Jr.,1
2017,Rosales-Mireles v. United States,16-9493,5th Circuit,Unknown,1,7-2,5,Ginsburg,1
2017,Rosales-Mireles v. United States,16-9493,5th Circuit,Unknown,1,7-2,5,Kagan,1
2017,Rosales-Mireles v. United States,16-9493,5th Circuit,Unknown,1,7-2,5,Gorsuch,1
2017,Rosales-Mireles v. United States,16-9493,5th Circuit,Unknown,1,7-2,5,Breyer,1
2017,Rosales-Mireles v. United States,16-9493,5th Circuit,Unknown,1,7-2,5,Kennedy,1
2017,Rosales-Mireles v. United States,16-9493,5th Circuit,Unknown,1,7-2,5,Thomas,0
2017,Rosales-Mireles v. United States,16-9493,5th Circuit,Unknown,1,7-2,5,Jr.,0
2017,Dahda v. United States,17-43,10th Circuit,Unknown,0,8-1,5,Breyer,1
2017,Dahda v. United States,17-43,10th Circuit,Unknown,0,8-1,5,Thomas,1
2017,Dahda v. United States,17-43,10th Circuit,Unknown,0,8-1,5,Jr.,1
2017,Dahda v. United States,17-43,10th Circuit,Unknown,0,8-1,5,Kagan,1
2017,Dahda v. United States,17-43,10th Circuit,Unknown,0,8-1,5,Kennedy,1
2017,Dahda v. United States,17-43,10th Circuit,Unknown,0,8-1,5,Jr.,1
2017,Dahda v. United States,17-43,10th Circuit,Unknown,0,8-1,5,Sotomayor,1
2017,Dahda v. United States,17-43,10th Circuit,Unknown,0,8-1,5,Ginsburg,1
2017,Dahda v. United States,17-43,10th Circuit,Unknown,0,8-1,5,Gorsuch,0
2017,Ohio v. American Express Co.,16-1454,2nd Circuit,Unknown,0,5-4,5,Thomas,1
2017,Ohio v. American Express Co.,16-1454,2nd Circuit,Unknown,0,5-4,5,Jr.,1
2017,Ohio v. American Express Co.,16-1454,2nd Circuit,Unknown,0,5-4,5,Kennedy,1
2017,Ohio v. American Express Co.,16-1454,2nd Circuit,Unknown,0,5-4,5,Jr.,1
2017,Ohio v. American Express Co.,16-1454,2nd Circuit,Unknown,0,5-4,5,Gorsuch,1
2017,Ohio v. American Express Co.,16-1454,2nd Circuit,Unknown,0,5-4,5,Breyer,0
2017,Ohio v. American Express Co.,16-1454,2nd Circuit,Unknown,0,5-4,5,Ginsburg,0
2017,Ohio v. American Express Co.,16-1454,2nd Circuit,Unknown,0,5-4,5,Sotomayor,0
2017,Ohio v. American Express Co.,16-1454,2nd Circuit,Unknown,0,5-4,5,Kagan,0
2017,Currier v. Virginia,16-1348,State Supreme Court,Unknown,0,5-4,5,Gorsuch,1
2017,Currier v. Virginia,16-1348,State Supreme Court,Unknown,0,5-4,5,Kennedy,1
2017,Currier v. Virginia,16-1348,State Supreme Court,Unknown,0,5-4,5,Jr.,1
2017,Currier v. Virginia,16-1348,State Supreme Court,Unknown,0,5-4,5,Thomas,1
2017,Currier v. Virginia,16-1348,State Supreme Court,Unknown,0,5-4,5,Jr.,1
2017,Currier v. Virginia,16-1348,State Supreme Court,Unknown,0,5-4,5,Ginsburg,0
2017,Currier v. Virginia,16-1348,State Supreme Court,Unknown,0,5-4,5,Breyer,0
2017,Currier v. Virginia,16-1348,State Supreme Court,Unknown,0,5-4,5,Sotomayor,0
2017,Currier v. Virginia,16-1348,State Supreme Court,Unknown,0,5-4,5,Kagan,0
2017,Florida v. Georgia,142-orig,Other,Unknown,1,5-4,5,Breyer,1
2017,Florida v. Georgia,142-orig,Other,Unknown,1,5-4,5,Jr.,1
2017,Florida v. Georgia,142-orig,Other,Unknown,1,5-4,5,Kennedy,1
2017,Florida v. Georgia,142-orig,Other,Unknown,1,5-4,5,Ginsburg,1
2017,Florida v. Georgia,142-orig,Other,Unknown,1,5-4,5,Sotomayor,1
2017,Florida v. Georgia,142-orig,Other,Unknown,1,5-4,5,Thomas,0
2017,Florida v. Georgia,142-orig,Other,Unknown,1,5-4,5,Jr.,0
2017,Florida v. Georgia,142-orig,Other,Unknown,1,5-4,5,Kagan,0
2017,Florida v. Georgia,142-orig,Other,Unknown,1,5-4,5,Gorsuch,0
2017,Dunn v. Madison,17-193,11th Circuit,Unknown,1,9-0,5,Ginsburg,1
2017,Dunn v. Madison,17-193,11th Circuit,Unknown,1,9-0,5,Breyer,1
2017,Dunn v. Madison,17-193,11th Circuit,Unknown,1,9-0,5,Sotomayor,1
2017,Dunn v. Madison,17-193,11th Circuit,Unknown,1,9-0,5,Jr.,1
2017,Dunn v. Madison,17-193,11th Circuit,Unknown,1,9-0,5,Jr.,1
2017,Dunn v. Madison,17-193,11th Circuit,Unknown,1,9-0,5,Gorsuch,1
2017,Dunn v. Madison,17-193,11th Circuit,Unknown,1,9-0,5,Thomas,1
2017,Dunn v. Madison,17-193,11th Circuit,Unknown,1,9-0,5,Kagan,1
2017,Dunn v. Madison,17-193,11th Circuit,Unknown,1,9-0,5,Kennedy,1
2017,Kernan v. Cuero,16-1468,9th Circuit,Unknown,1,9-0,5,Jr.,1
2017,Kernan v. Cuero,16-1468,9th Circuit,Unknown,1,9-0,5,Kennedy,1
2017,Kernan v. Cuero,16-1468,9th Circuit,Unknown,1,9-0,5,Kagan,1
2017,Kernan v. Cuero,16-1468,9th Circuit,Unknown,1,9-0,5,Breyer,1
2017,Kernan v. Cuero,16-1468,9th Circuit,Unknown,1,9-0,5,Jr.,1
2017,Kernan v. Cuero,16-1468,9th Circuit,Unknown,1,9-0,5,Thomas,1
2017,Kernan v. Cuero,16-1468,9th Circuit,Unknown,1,9-0,5,Sotomayor,1
2017,Kernan v. Cuero,16-1468,9th Circuit,Unknown,1,9-0,5,Gorsuch,1
2017,Kernan v. Cuero,16-1468,9th Circuit,Unknown,1,9-0,5,Ginsburg,1
2017,National Institute of Family and Life Advocates v. Becerra,16-1140,9th Circuit,Unknown,1,5-4,5,Thomas,1
2017,National Institute of Family and Life Advocates v. Becerra,16-1140,9th Circuit,Unknown,1,5-4,5,Kennedy,1
2017,National Institute of Family and Life Advocates v. Becerra,16-1140,9th Circuit,Unknown,1,5-4,5,Jr.,1
2017,National Institute of Family and Life Advocates v. Becerra,16-1140,9th Circuit,Unknown,1,5-4,5,Jr.,1
2017,National Institute of Family and Life Advocates v. Becerra,16-1140,9th Circuit,Unknown,1,5-4,5,Gorsuch,1
2017,National Institute of Family and Life Advocates v. Becerra,16-1140,9th Circuit,Unknown,1,5-4,5,Breyer,0
2017,National Institute of Family and Life Advocates v. Becerra,16-1140,9th Circuit,Unknown,1,5-4,5,Kagan,0
2017,National Institute of Family and Life Advocates v. Becerra,16-1140,9th Circuit,Unknown,1,5-4,5,Sotomayor,0
2017,National Institute of Family and Life Advocates v. Becerra,16-1140,9th Circuit,Unknown,1,5-4,5,Ginsburg,0
2017,"Lozman v. City of Riviera Beach, Florida",17-21,11th Circuit,Unknown,1,8-1,5,Kennedy,1
2017,"Lozman v. City of Riviera Beach, Florida",17-21,11th Circuit,Unknown,1,8-1,5,Jr.,1
2017,"Lozman v. City of Riviera Beach, Florida",17-21,11th Circuit,Unknown,1,8-1,5,Ginsburg,1
2017,"Lozman v. City of Riviera Beach, Florida",17-21,11th Circuit,Unknown,1,8-1,5,Breyer,1
2017,"Lozman v. City of Riviera Beach, Florida",17-21,11th Circuit,Unknown,1,8-1,5,Jr.,1
2017,"Lozman v. City of Riviera Beach, Florida",17-21,11th Circuit,Unknown,1,8-1,5,Sotomayor,1
2017,"Lozman v. City of Riviera Beach, Florida",17-21,11th Circuit,Unknown,1,8-1,5,Gorsuch,1
2017,"Lozman v. City of Riviera Beach, Florida",17-21,11th Circuit,Unknown,1,8-1,5,Kagan,1
2017,"Lozman v. City of Riviera Beach, Florida",17-21,11th Circuit,Unknown,1,8-1,5,Thomas,0
2017,Minnesota Voters Alliance v. Mansky,16-1435,8th Circuit,Unknown,1,7-2,5,Jr.,1
2017,Minnesota Voters Alliance v. Mansky,16-1435,8th Circuit,Unknown,1,7-2,5,Kennedy,1
2017,Minnesota Voters Alliance v. Mansky,16-1435,8th Circuit,Unknown,1,7-2,5,Thomas,1
2017,Minnesota Voters Alliance v. Mansky,16-1435,8th Circuit,Unknown,1,7-2,5,Jr.,1
2017,Minnesota Voters Alliance v. Mansky,16-1435,8th Circuit,Unknown,1,7-2,5,Ginsburg,1
2017,Minnesota Voters Alliance v. Mansky,16-1435,8th Circuit,Unknown,1,7-2,5,Kagan,1
2017,Minnesota Voters Alliance v. Mansky,16-1435,8th Circuit,Unknown,1,7-2,5,Gorsuch,1
2017,Minnesota Voters Alliance v. Mansky,16-1435,8th Circuit,Unknown,1,7-2,5,Sotomayor,0
2017,Minnesota Voters Alliance v. Mansky,16-1435,8th Circuit,Unknown,1,7-2,5,Breyer,0
2017,Sveen v. Melin,16-1432,8th Circuit,Unknown,1,8-1,5,Kagan,1
2017,Sveen v. Melin,16-1432,8th Circuit,Unknown,1,8-1,5,Jr.,1
2017,Sveen v. Melin,16-1432,8th Circuit,Unknown,1,8-1,5,Kennedy,1
2017,Sveen v. Melin,16-1432,8th Circuit,Unknown,1,8-1,5,Thomas,1
2017,Sveen v. Melin,16-1432,8th Circuit,Unknown,1,8-1,5,Ginsburg,1
2017,Sveen v. Melin,16-1432,8th Circuit,Unknown,1,8-1,5,Breyer,1
2017,Sveen v. Melin,16-1432,8th Circuit,Unknown,1,8-1,5,Jr.,1
2017,Sveen v. Melin,16-1432,8th Circuit,Unknown,1,8-1,5,Sotomayor,1
2017,Sveen v. Melin,16-1432,8th Circuit,Unknown,1,8-1,5,Gorsuch,0
2017,Hughes v. United States,17-155,11th Circuit,Unknown,1,6-3,5,Kennedy,1
2017,Hughes v. United States,17-155,11th Circuit,Unknown,1,6-3,5,Ginsburg,1
2017,Hughes v. United States,17-155,11th Circuit,Unknown,1,6-3,5,Breyer,1
2017,Hughes v. United States,17-155,11th Circuit,Unknown,1,6-3,5,Sotomayor,1
2017,Hughes v. United States,17-155,11th Circuit,Unknown,1,6-3,5,Kagan,1
2017,Hughes v. United States,17-155,11th Circuit,Unknown,1,6-3,5,Gorsuch,1
2017,Hughes v. United States,17-155,11th Circuit,Unknown,1,6-3,5,Jr.,0
2017,Hughes v. United States,17-155,11th Circuit,Unknown,1,6-3,5,Thomas,0
2017,Hughes v. United States,17-155,11th Circuit,Unknown,1,6-3,5,Jr.,0
2017,United States v. Sanchez-Gomez,17-312,9th Circuit,Unknown,1,9-0,5,Jr.,1
2017,United States v. Sanchez-Gomez,17-312,9th Circuit,Unknown,1,9-0,5,Ginsburg,1
2017,United States v. Sanchez-Gomez,17-312,9th Circuit,Unknown,1,9-0,5,Kennedy,1
2017,United States v. Sanchez-Gomez,17-312,9th Circuit,Unknown,1,9-0,5,Thomas,1
2017,United States v. Sanchez-Gomez,17-312,9th Circuit,Unknown,1,9-0,5,Sotomayor,1
2017,United States v. Sanchez-Gomez,17-312,9th Circuit,Unknown,1,9-0,5,Kagan,1
2017,United States v. Sanchez-Gomez,17-312,9th Circuit,Unknown,1,9-0,5,Jr.,1
2017,United States v. Sanchez-Gomez,17-312,9th Circuit,Unknown,1,9-0,5,Breyer,1
2017,United States v. Sanchez-Gomez,17-312,9th Circuit,Unknown,1,9-0,5,Gorsuch,1
2017,Upper Skagit Indian Tribe v. Lundgren,17-387,Other,Unknown,1,7-2,5,Gorsuch,1
2017,Upper Skagit Indian Tribe v. Lundgren,17-387,Other,Unknown,1,7-2,5,Jr.,1
2017,Upper Skagit Indian Tribe v. Lundgren,17-387,Other,Unknown,1,7-2,5,Kennedy,1
2017,Upper Skagit Indian Tribe v. Lundgren,17-387,Other,Unknown,1,7-2,5,Breyer,1
2017,Upper Skagit Indian Tribe v. Lundgren,17-387,Other,Unknown,1,7-2,5,Ginsburg,1
2017,Upper Skagit Indian Tribe v. Lundgren,17-387,Other,Unknown,1,7-2,5,Sotomayor,1
2017,Upper Skagit Indian Tribe v. Lundgren,17-387,Other,Unknown,1,7-2,5,Kagan,1
2017,Upper Skagit Indian Tribe v. Lundgren,17-387,Other,Unknown,1,7-2,5,Thomas,0
2017,Upper Skagit Indian Tribe v. Lundgren,17-387,Other,Unknown,1,7-2,5,Jr.,0
2017,China Agritech v. Resh,17-432,9th Circuit,Unknown,1,9-0,5,Ginsburg,1
2017,China Agritech v. Resh,17-432,9th Circuit,Unknown,1,9-0,5,Jr.,1
2017,China Agritech v. Resh,17-432,9th Circuit,Unknown,1,9-0,5,Kennedy,1
2017,China Agritech v. Resh,17-432,9th Circuit,Unknown,1,9-0,5,Thomas,1
2017,China Agritech v. Resh,17-432,9th Circuit,Unknown,1,9-0,5,Gorsuch,1
2017,China Agritech v. Resh,17-432,9th Circuit,Unknown,1,9-0,5,Jr.,1
2017,China Agritech v. Resh,17-432,9th Circuit,Unknown,1,9-0,5,Kagan,1
2017,China Agritech v. Resh,17-432,9th Circuit,Unknown,1,9-0,5,Breyer,1
2017,China Agritech v. Resh,17-432,9th Circuit,Unknown,1,9-0,5,Sotomayor,1
2017,Koons v. United States,17-5716,8th Circuit,Unknown,0,9-0,5,Jr.,1
2017,Koons v. United States,17-5716,8th Circuit,Unknown,0,9-0,5,Ginsburg,1
2017,Koons v. United States,17-5716,8th Circuit,Unknown,0,9-0,5,Sotomayor,1
2017,Koons v. United States,17-5716,8th Circuit,Unknown,0,9-0,5,Kagan,1
2017,Koons v. United States,17-5716,8th Circuit,Unknown,0,9-0,5,Breyer,1
2017,Koons v. United States,17-5716,8th Circuit,Unknown,0,9-0,5,Kennedy,1
2017,Koons v. United States,17-5716,8th Circuit,Unknown,0,9-0,5,Thomas,1
2017,Koons v. United States,17-5716,8th Circuit,Unknown,0,9-0,5,Jr.,1
2017,Koons v. United States,17-5716,8th Circuit,Unknown,0,9-0,5,Gorsuch,1
2017,Benisek v. Lamone,17-333,Other,Unknown,0,9-0,5,Jr.,1
2017,Benisek v. Lamone,17-333,Other,Unknown,0,9-0,5,Jr.,1
2017,Benisek v. Lamone,17-333,Other,Unknown,0,9-0,5,Breyer,1
2017,Benisek v. Lamone,17-333,Other,Unknown,0,9-0,5,Kagan,1
2017,Benisek v. Lamone,17-333,Other,Unknown,0,9-0,5,Thomas,1
2017,Benisek v. Lamone,17-333,Other,Unknown,0,9-0,5,Ginsburg,1
2017,Benisek v. Lamone,17-333,Other,Unknown,0,9-0,5,Sotomayor,1
2017,Benisek v. Lamone,17-333,Other,Unknown,0,9-0,5,Kennedy,1
2017,Benisek v. Lamone,17-333,Other,Unknown,0,9-0,5,Gorsuch,1
2017,Tharpe v. Sellers,17-6075,11th Circuit,Unknown,1,6-3,5,Ginsburg,1
2017,Tharpe v. Sellers,17-6075,11th Circuit,Unknown,1,6-3,5,Kennedy,1
2017,Tharpe v. Sellers,17-6075,11th Circuit,Unknown,1,6-3,5,Jr.,1
2017,Tharpe v. Sellers,17-6075,11th Circuit,Unknown,1,6-3,5,Breyer,1
2017,Tharpe v. Sellers,17-6075,11th Circuit,Unknown,1,6-3,5,Kagan,1
2017,Tharpe v. Sellers,17-6075,11th Circuit,Unknown,1,6-3,5,Sotomayor,1
2017,Tharpe v. Sellers,17-6075,11th Circuit,Unknown,1,6-3,5,Thomas,0
2017,Tharpe v. Sellers,17-6075,11th Circuit,Unknown,1,6-3,5,Jr.,0
2017,Tharpe v. Sellers,17-6075,11th Circuit,Unknown,1,6-3,5,Gorsuch,0
2017,Abbott v. Perez,17-586,Other,Unknown,1,5-4,5,Jr.,1
2017,Abbott v. Perez,17-586,Other,Unknown,1,5-4,5,Jr.,1
2017,Abbott v. Perez,17-586,Other,Unknown,1,5-4,5,Kennedy,1
2017,Abbott v. Perez,17-586,Other,Unknown,1,5-4,5,Thomas,1
2017,Abbott v. Perez,17-586,Other,Unknown,1,5-4,5,Gorsuch,1
2017,Abbott v. Perez,17-586,Other,Unknown,1,5-4,5,Sotomayor,0
2017,Abbott v. Perez,17-586,Other,Unknown,1,5-4,5,Ginsburg,0
2017,Abbott v. Perez,17-586,Other,Unknown,1,5-4,5,Kagan,0
2017,Abbott v. Perez,17-586,Other,Unknown,1,5-4,5,Breyer,0
2017,WesternGeco LLC v. ION Geophysical Corp.,16-1011,Federal Circuit,Unknown,1,7-2,5,Thomas,1
2017,WesternGeco LLC v. ION Geophysical Corp.,16-1011,Federal Circuit,Unknown,1,7-2,5,Jr.,1
2017,WesternGeco LLC v. ION Geophysical Corp.,16-1011,Federal Circuit,Unknown,1,7-2,5,Kennedy,1
2017,WesternGeco LLC v. ION Geophysical Corp.,16-1011,Federal Circuit,Unknown,1,7-2,5,Ginsburg,1
2017,WesternGeco LLC v. ION Geophysical Corp.,16-1011,Federal Circuit,Unknown,1,7-2,5,Jr.,1
2017,WesternGeco LLC v. ION Geophysical Corp.,16-1011,Federal Circuit,Unknown,1,7-2,5,Sotomayor,1
2017,WesternGeco LLC v. ION Geophysical Corp.,16-1011,Federal Circuit,Unknown,1,7-2,5,Kagan,1
2017,WesternGeco LLC v. ION Geophysical Corp.,16-1011,Federal Circuit,Unknown,1,7-2,5,Gorsuch,0
2017,WesternGeco LLC v. ION Geophysical Corp.,16-1011,Federal Circuit,Unknown,1,7-2,5,Breyer,0
2017,"Lamar, Archer & Cofrin, LLP v. Appling",16-1215,11th Circuit,Unknown,0,9-0,5,Sotomayor,1
2017,"Lamar, Archer & Cofrin, LLP v. Appling",16-1215,11th Circuit,Unknown,0,9-0,5,Jr.,1
2017,"Lamar, Archer & Cofrin, LLP v. Appling",16-1215,11th Circuit,Unknown,0,9-0,5,Kennedy,1
2017,"Lamar, Archer & Cofrin, LLP v. Appling",16-1215,11th Circuit,Unknown,0,9-0,5,Ginsburg,1
2017,"Lamar, Archer & Cofrin, LLP v. Appling",16-1215,11th Circuit,Unknown,0,9-0,5,Breyer,1
2017,"Lamar, Archer & Cofrin, LLP v. Appling",16-1215,11th Circuit,Unknown,0,9-0,5,Kagan,1
2017,"Lamar, Archer & Cofrin, LLP v. Appling",16-1215,11th Circuit,Unknown,0,9-0,5,Thomas,1
2017,"Lamar, Archer & Cofrin, LLP v. Appling",16-1215,11th Circuit,Unknown,0,9-0,5,Jr.,1
2017,"Lamar, Archer & Cofrin, LLP v. Appling",16-1215,11th Circuit,Unknown,0,9-0,5,Gorsuch,1
2017,Lagos v. United States,16-1519,5th Circuit,Unknown,1,9-0,5,Breyer,1
2017,Lagos v. United States,16-1519,5th Circuit,Unknown,1,9-0,5,Thomas,1
2017,Lagos v. United States,16-1519,5th Circuit,Unknown,1,9-0,5,Jr.,1
2017,Lagos v. United States,16-1519,5th Circuit,Unknown,1,9-0,5,Jr.,1
2017,Lagos v. United States,16-1519,5th Circuit,Unknown,1,9-0,5,Kennedy,1
2017,Lagos v. United States,16-1519,5th Circuit,Unknown,1,9-0,5,Kagan,1
2017,Lagos v. United States,16-1519,5th Circuit,Unknown,1,9-0,5,Ginsburg,1
2017,Lagos v. United States,16-1519,5th Circuit,Unknown,1,9-0,5,Gorsuch,1
2017,Lagos v. United States,16-1519,5th Circuit,Unknown,1,9-0,5,Sotomayor,1
2017,Lucia v. Securities and Exchange Commission,17-130,Other,Unknown,1,7-2,5,Kagan,1
2017,Lucia v. Securities and Exchange Commission,17-130,Other,Unknown,1,7-2,5,Jr.,1
2017,Lucia v. Securities and Exchange Commission,17-130,Other,Unknown,1,7-2,5,Thomas,1
2017,Lucia v. Securities and Exchange Commission,17-130,Other,Unknown,1,7-2,5,Jr.,1
2017,Lucia v. Securities and Exchange Commission,17-130,Other,Unknown,1,7-2,5,Gorsuch,1
2017,Lucia v. Securities and Exchange Commission,17-130,Other,Unknown,1,7-2,5,Breyer,1
2017,Lucia v. Securities and Exchange Commission,17-130,Other,Unknown,1,7-2,5,Kennedy,1
2017,Lucia v. Securities and Exchange Commission,17-130,Other,Unknown,1,7-2,5,Sotomayor,0
2017,Lucia v. Securities and Exchange Commission,17-130,Other,Unknown,1,7-2,5,Ginsburg,0
2017,Washington v. United States,17-269,9th Circuit,Unknown,0,8-1,5,Sotomayor,1
2017,Washington v. United States,17-269,9th Circuit,Unknown,0,8-1,5,Ginsburg,1
2017,Washington v. United States,17-269,9th Circuit,Unknown,0,8-1,5,Thomas,1
2017,Washington v. United States,17-269,9th Circuit,Unknown,0,8-1,5,Jr.,1
2017,Washington v. United States,17-269,9th Circuit,Unknown,0,8-1,5,Gorsuch,1
2017,Washington v. United States,17-269,9th Circuit,Unknown,0,8-1,5,Breyer,1
2017,Washington v. United States,17-269,9th Circuit,Unknown,0,8-1,5,Jr.,1
2017,Washington v. United States,17-269,9th Circuit,Unknown,0,8-1,5,Kagan,1
2017,Washington v. United States,17-269,9th Circuit,Unknown,0,8-1,5,Kennedy,0
2017,Pereira v. Sessions,17-459,1st Circuit,Unknown,1,8-1,5,Sotomayor,1
2017,Pereira v. Sessions,17-459,1st Circuit,Unknown,1,8-1,5,Jr.,1
2017,Pereira v. Sessions,17-459,1st Circuit,Unknown,1,8-1,5,Kennedy,1
2017,Pereira v. Sessions,17-459,1st Circuit,Unknown,1,8-1,5,Thomas,1
2017,Pereira v. Sessions,17-459,1st Circuit,Unknown,1,8-1,5,Ginsburg,1
2017,Pereira v. Sessions,17-459,1st Circuit,Unknown,1,8-1,5,Breyer,1
2017,Pereira v. Sessions,17-459,1st Circuit,Unknown,1,8-1,5,Kagan,1
2017,Pereira v. Sessions,17-459,1st Circuit,Unknown,1,8-1,5,Gorsuch,1
2017,Pereira v. Sessions,17-459,1st Circuit,Unknown,1,8-1,5,Jr.,0
2017,"South Dakota v. Wayfair, Inc.",17-494,Other,Unknown,1,5-4,5,Kennedy,1
2017,"South Dakota v. Wayfair, Inc.",17-494,Other,Unknown,1,5-4,5,Thomas,1
2017,"South Dakota v. Wayfair, Inc.",17-494,Other,Unknown,1,5-4,5,Ginsburg,1
2017,"South Dakota v. Wayfair, Inc.",17-494,Other,Unknown,1,5-4,5,Jr.,1
2017,"South Dakota v. Wayfair, Inc.",17-494,Other,Unknown,1,5-4,5,Gorsuch,1
2017,"South Dakota v. Wayfair, Inc.",17-494,Other,Unknown,1,5-4,5,Jr.,0
2017,"South Dakota v. Wayfair, Inc.",17-494,Other,Unknown,1,5-4,5,Breyer,0
2017,"South Dakota v. Wayfair, Inc.",17-494,Other,Unknown,1,5-4,5,Sotomayor,0
2017,"South Dakota v. Wayfair, Inc.",17-494,Other,Unknown,1,5-4,5,Kagan,0
2017,Wisconsin Central Ltd. v. United States,17-530,7th Circuit,Unknown,1,5-4,5,Gorsuch,1
2017,Wisconsin Central Ltd. v. United States,17-530,7th Circuit,Unknown,1,5-4,5,Jr.,1
2017,Wisconsin Central Ltd. v. United States,17-530,7th Circuit,Unknown,1,5-4,5,Kennedy,1
2017,Wisconsin Central Ltd. v. United States,17-530,7th Circuit,Unknown,1,5-4,5,Thomas,1
2017,Wisconsin Central Ltd. v. United States,17-530,7th Circuit,Unknown,1,5-4,5,Jr.,1
2017,Wisconsin Central Ltd. v. United States,17-530,7th Circuit,Unknown,1,5-4,5,Breyer,0
2017,Wisconsin Central Ltd. v. United States,17-530,7th Circuit,Unknown,1,5-4,5,Kagan,0
2017,Wisconsin Central Ltd. v. United States,17-530,7th Circuit,Unknown,1,5-4,5,Ginsburg,0
2017,Wisconsin Central Ltd. v. United States,17-530,7th Circuit,Unknown,1,5-4,5,Sotomayor,0
2017,Chavez-Meza v. United States,17-5639,10th Circuit,Unknown,0,5-4,5,Breyer,1
2017,Chavez-Meza v. United States,17-5639,10th Circuit,Unknown,0,5-4,5,Jr.,1
2017,Chavez-Meza v. United States,17-5639,10th Circuit,Unknown,0,5-4,5,Thomas,1
2017,Chavez-Meza v. United States,17-5639,10th Circuit,Unknown,0,5-4,5,Ginsburg,1
2017,Chavez-Meza v. United States,17-5639,10th Circuit,Unknown,0,5-4,5,Jr.,1
2017,Chavez-Meza v. United States,17-5639,10th Circuit,Unknown,0,5-4,5,Kennedy,0
2017,Chavez-Meza v. United States,17-5639,10th Circuit,Unknown,0,5-4,5,Sotomayor,0
2017,Chavez-Meza v. United States,17-5639,10th Circuit,Unknown,0,5-4,5,Kagan,0
2017,Chavez-Meza v. United States,17-5639,10th Circuit,Unknown,0,5-4,5,Gorsuch,0
2017,Trump v. Hawaii,17-965,9th Circuit,Unknown,1,5-4,5,Jr.,1
2017,Trump v. Hawaii,17-965,9th Circuit,Unknown,1,5-4,5,Kennedy,1
2017,Trump v. Hawaii,17-965,9th Circuit,Unknown,1,5-4,5,Thomas,1
2017,Trump v. Hawaii,17-965,9th Circuit,Unknown,1,5-4,5,Jr.,1
2017,Trump v. Hawaii,17-965,9th Circuit,Unknown,1,5-4,5,Gorsuch,1
2017,Trump v. Hawaii,17-965,9th Circuit,Unknown,1,5-4,5,Breyer,0
2017,Trump v. Hawaii,17-965,9th Circuit,Unknown,1,5-4,5,Kagan,0
2017,Trump v. Hawaii,17-965,9th Circuit,Unknown,1,5-4,5,Sotomayor,0
2017,Trump v. Hawaii,17-965,9th Circuit,Unknown,1,5-4,5,Ginsburg,0
2017,Montana v. Wyoming,137-orig,Other,Unknown,1,8-1,5,Breyer,1
2017,Montana v. Wyoming,137-orig,Other,Unknown,1,8-1,5,Sotomayor,1
2017,Montana v. Wyoming,137-orig,Other,Unknown,1,8-1,5,Ginsburg,1
2017,Montana v. Wyoming,137-orig,Other,Unknown,1,8-1,5,Jr.,1
2017,Montana v. Wyoming,137-orig,Other,Unknown,1,8-1,5,Thomas,1
2017,Montana v. Wyoming,137-orig,Other,Unknown,1,8-1,5,Jr.,1
2017,Montana v. Wyoming,137-orig,Other,Unknown,1,8-1,5,Kennedy,1
2017,Montana v. Wyoming,137-orig,Other,Unknown,1,8-1,5,Gorsuch,1
2017,CNH Industrial N.V. v. Reese,17-515,6th Circuit,Unknown,1,9-0,5,Kagan,1
2017,CNH Industrial N.V. v. Reese,17-515,6th Circuit,Unknown,1,9-0,5,Sotomayor,1
2017,CNH Industrial N.V. v. Reese,17-515,6th Circuit,Unknown,1,9-0,5,Ginsburg,1
2017,CNH Industrial N.V. v. Reese,17-515,6th Circuit,Unknown,1,9-0,5,Kennedy,1
2017,CNH Industrial N.V. v. Reese,17-515,6th Circuit,Unknown,1,9-0,5,Breyer,1
2017,CNH Industrial N.V. v. Reese,17-515,6th Circuit,Unknown,1,9-0,5,Jr.,1
2017,CNH Industrial N.V. v. Reese,17-515,6th Circuit,Unknown,1,9-0,5,Jr.,1
2017,CNH Industrial N.V. v. Reese,17-515,6th Circuit,Unknown,1,9-0,5,Thomas,1
2017,CNH Industrial N.V. v. Reese,17-515,6th Circuit,Unknown,1,9-0,5,Gorsuch,1
2017,"Animal Science Products, Inc. v. Hebei Welcome Pharmaceutical Co. Ltd.",16-1220,2nd Circuit,Unknown,1,9-0,5,Ginsburg,1
2017,"Animal Science Products, Inc. v. Hebei Welcome Pharmaceutical Co. Ltd.",16-1220,2nd Circuit,Unknown,1,9-0,5,Jr.,1
2017,"Animal Science Products, Inc. v. Hebei Welcome Pharmaceutical Co. Ltd.",16-1220,2nd Circuit,Unknown,1,9-0,5,Kennedy,1
2017,"Animal Science Products, Inc. v. Hebei Welcome Pharmaceutical Co. Ltd.",16-1220,2nd Circuit,Unknown,1,9-0,5,Thomas,1
2017,"Animal Science Products, Inc. v. Hebei Welcome Pharmaceutical Co. Ltd.",16-1220,2nd Circuit,Unknown,1,9-0,5,Gorsuch,1
2017,"Animal Science Products, Inc. v. Hebei Welcome Pharmaceutical Co. Ltd.",16-1220,2nd Circuit,Unknown,1,9-0,5,Jr.,1
2017,"Animal Science Products, Inc. v. Hebei Welcome Pharmaceutical Co. Ltd.",16-1220,2nd Circuit,Unknown,1,9-0,5,Sotomayor,1
2017,"Animal Science Products, Inc. v. Hebei Welcome Pharmaceutical Co. Ltd.",16-1220,2nd Circuit,Unknown,1,9-0,5,Kagan,1
2017,"Animal Science Products, Inc. v. Hebei Welcome Pharmaceutical Co. Ltd.",16-1220,2nd Circuit,Unknown,1,9-0,5,Breyer,1
2017,Azar v. Garza,17-654,Other,Unknown,1,9-0,5,Jr.,1
2017,Azar v. Garza,17-654,Other,Unknown,1,9-0,5,Thomas,1
2017,Azar v. Garza,17-654,Other,Unknown,1,9-0,5,Jr.,1
2017,Azar v. Garza,17-654,Other,Unknown,1,9-0,5,Gorsuch,1
2017,Azar v. Garza,17-654,Other,Unknown,1,9-0,5,Kennedy,1
2017,Azar v. Garza,17-654,Other,Unknown,1,9-0,5,Kagan,1
2017,Azar v. Garza,17-654,Other,Unknown,1,9-0,5,Breyer,1
2017,Azar v. Garza,17-654,Other,Unknown,1,9-0,5,Ginsburg,1
2017,Azar v. Garza,17-654,Other,Unknown,1,9-0,5,Sotomayor,1
2017,Ortiz v. United States,16-1423,Other,Unknown,0,7-2,5,Kagan,1
2017,Ortiz v. United States,16-1423,Other,Unknown,0,7-2,5,Jr.,1
2017,Ortiz v. United States,16-1423,Other,Unknown,0,7-2,5,Kennedy,1
2017,Ortiz v. United States,16-1423,Other,Unknown,0,7-2,5,Ginsburg,1
2017,Ortiz v. United States,16-1423,Other,Unknown,0,7-2,5,Thomas,1
2017,Ortiz v. United States,16-1423,Other,Unknown,0,7-2,5,Breyer,1
2017,Ortiz v. United States,16-1423,Other,Unknown,0,7-2,5,Sotomayor,1
2017,Ortiz v. United States,16-1423,Other,Unknown,0,7-2,5,Jr.,0
2017,Ortiz v. United States,16-1423,Other,Unknown,0,7-2,5,Gorsuch,0
2017,Ortiz v. United States,16-1423,Other,Unknown,0,7-2,5,Kagan,1
2017,Ortiz v. United States,16-1423,Other,Unknown,0,7-2,5,Jr.,1
2017,Ortiz v. United States,16-1423,Other,Unknown,0,7-2,5,Kennedy,1
2017,Ortiz v. United States,16-1423,Other,Unknown,0,7-2,5,Thomas,1
2017,Ortiz v. United States,16-1423,Other,Unknown,0,7-2,5,Ginsburg,1
2017,Ortiz v. United States,16-1423,Other,Unknown,0,7-2,5,Breyer,1
2017,Ortiz v. United States,16-1423,Other,Unknown,0,7-2,5,Sotomayor,1
2017,Ortiz v. United States,16-1423,Other,Unknown,0,7-2,5,Jr.,0
2017,Ortiz v. United States,16-1423,Other,Unknown,0,7-2,5,Gorsuch,0
2017,Sexton v. Beaudreaux,17-1106,9th Circuit,Unknown,1,8-1,5,Jr.,1
2017,Sexton v. Beaudreaux,17-1106,9th Circuit,Unknown,1,8-1,5,Thomas,1
2017,Sexton v. Beaudreaux,17-1106,9th Circuit,Unknown,1,8-1,5,Kennedy,1
2017,Sexton v. Beaudreaux,17-1106,9th Circuit,Unknown,1,8-1,5,Ginsburg,1
2017,Sexton v. Beaudreaux,17-1106,9th Circuit,Unknown,1,8-1,5,Breyer,0
2017,Sexton v. Beaudreaux,17-1106,9th Circuit,Unknown,1,8-1,5,Jr.,1
2017,Sexton v. Beaudreaux,17-1106,9th Circuit,Unknown,1,8-1,5,Sotomayor,1
2017,Sexton v. Beaudreaux,17-1106,9th Circuit,Unknown,1,8-1,5,Kagan,1
2017,Sexton v. Beaudreaux,17-1106,9th Circuit,Unknown,1,8-1,5,Gorsuch,1
2017,Sause v. Bauer,17-742,10th Circuit,Unknown,1,9-0,5,Jr.,1
2017,Sause v. Bauer,17-742,10th Circuit,Unknown,1,9-0,5,Kennedy,1
2017,Sause v. Bauer,17-742,10th Circuit,Unknown,1,9-0,5,Thomas,1
2017,Sause v. Bauer,17-742,10th Circuit,Unknown,1,9-0,5,Ginsburg,1
2017,Sause v. Bauer,17-742,10th Circuit,Unknown,1,9-0,5,Breyer,1
2017,Sause v. Bauer,17-742,10th Circuit,Unknown,1,9-0,5,Jr.,1
2017,Sause v. Bauer,17-742,10th Circuit,Unknown,1,9-0,5,Sotomayor,1
2017,Sause v. Bauer,17-742,10th Circuit,Unknown,1,9-0,5,Kagan,1
2017,Sause v. Bauer,17-742,10th Circuit,Unknown,1,9-0,5,Gorsuch,1
2016,Manuel v. City of Joliet,14-9496,7th Circuit,Unknown,1,6-3,4,Kagan,1
2016,Manuel v. City of Joliet,14-9496,7th Circuit,Unknown,1,6-3,4,Jr.,1
2016,Manuel v. City of Joliet,14-9496,7th Circuit,Unknown,1,6-3,4,Kennedy,1
2016,Manuel v. City of Joliet,14-9496,7th Circuit,Unknown,1,6-3,4,Ginsburg,1
2016,Manuel v. City of Joliet,14-9496,7th Circuit,Unknown,1,6-3,4,Breyer,1
2016,Manuel v. City of Joliet,14-9496,7th Circuit,Unknown,1,6-3,4,Sotomayor,1
2016,Manuel v. City of Joliet,14-9496,7th Circuit,Unknown,1,6-3,4,Jr.,0
2016,Manuel v. City of Joliet,14-9496,7th Circuit,Unknown,1,6-3,4,Thomas,0
2016,Murr v. Wisconsin,15-214,Other,Unknown,0,5-4,4,Kennedy,1
2016,Murr v. Wisconsin,15-214,Other,Unknown,0,5-4,4,Breyer,1
2016,Murr v. Wisconsin,15-214,Other,Unknown,0,5-4,4,Ginsburg,1
2016,Murr v. Wisconsin,15-214,Other,Unknown,0,5-4,4,Sotomayor,1
2016,Murr v. Wisconsin,15-214,Other,Unknown,0,5-4,4,Kagan,1
2016,Murr v. Wisconsin,15-214,Other,Unknown,0,5-4,4,Jr.,0
2016,Murr v. Wisconsin,15-214,Other,Unknown,0,5-4,4,Thomas,0
2016,Murr v. Wisconsin,15-214,Other,Unknown,0,5-4,4,Jr.,0
2016,Murr v. Wisconsin,15-214,Other,Unknown,0,5-4,4,Gorsuch,0
2016,Microsoft v. Baker,15-457,9th Circuit,Unknown,1,8-1,4,Ginsburg,1
2016,Microsoft v. Baker,15-457,9th Circuit,Unknown,1,8-1,4,Kennedy,1
2016,Microsoft v. Baker,15-457,9th Circuit,Unknown,1,8-1,4,Breyer,1
2016,Microsoft v. Baker,15-457,9th Circuit,Unknown,1,8-1,4,Kagan,1
2016,Microsoft v. Baker,15-457,9th Circuit,Unknown,1,8-1,4,Sotomayor,1
2016,Microsoft v. Baker,15-457,9th Circuit,Unknown,1,8-1,4,Thomas,1
2016,Microsoft v. Baker,15-457,9th Circuit,Unknown,1,8-1,4,Jr.,1
2016,Microsoft v. Baker,15-457,9th Circuit,Unknown,1,8-1,4,Jr.,1
2016,Microsoft v. Baker,15-457,9th Circuit,Unknown,1,8-1,4,Gorsuch,0
2016,"Trinity Lutheran Church of Columbia, Inc. v. Comer",15-577,8th Circuit,Unknown,1,7-2,4,Jr.,1
2016,"Trinity Lutheran Church of Columbia, Inc. v. Comer",15-577,8th Circuit,Unknown,1,7-2,4,Kennedy,1
2016,"Trinity Lutheran Church of Columbia, Inc. v. Comer",15-577,8th Circuit,Unknown,1,7-2,4,Jr.,1
2016,"Trinity Lutheran Church of Columbia, Inc. v. Comer",15-577,8th Circuit,Unknown,1,7-2,4,Gorsuch,1
2016,"Trinity Lutheran Church of Columbia, Inc. v. Comer",15-577,8th Circuit,Unknown,1,7-2,4,Thomas,1
2016,"Trinity Lutheran Church of Columbia, Inc. v. Comer",15-577,8th Circuit,Unknown,1,7-2,4,Breyer,1
2016,"Trinity Lutheran Church of Columbia, Inc. v. Comer",15-577,8th Circuit,Unknown,1,7-2,4,Sotomayor,0
2016,"Trinity Lutheran Church of Columbia, Inc. v. Comer",15-577,8th Circuit,Unknown,1,7-2,4,Ginsburg,0
2016,"Trinity Lutheran Church of Columbia, Inc. v. Comer",15-577,8th Circuit,Unknown,1,7-2,4,Kagan,1
2016,Salman v. United States,15-628,9th Circuit,Unknown,0,8-1,4,Jr.,1
2016,Salman v. United States,15-628,9th Circuit,Unknown,0,8-1,4,Jr.,1
2016,Salman v. United States,15-628,9th Circuit,Unknown,0,8-1,4,Kennedy,1
2016,Salman v. United States,15-628,9th Circuit,Unknown,0,8-1,4,Thomas,1
2016,Salman v. United States,15-628,9th Circuit,Unknown,0,8-1,4,Ginsburg,1
2016,Salman v. United States,15-628,9th Circuit,Unknown,0,8-1,4,Breyer,1
2016,Salman v. United States,15-628,9th Circuit,Unknown,0,8-1,4,Sotomayor,1
2016,Salman v. United States,15-628,9th Circuit,Unknown,0,8-1,4,Kagan,1
2016,Samsung Electronics Co. v. Apple Inc.,15-777,Federal Circuit,Unknown,1,8-1,4,Sotomayor,1
2016,Samsung Electronics Co. v. Apple Inc.,15-777,Federal Circuit,Unknown,1,8-1,4,Kagan,1
2016,Samsung Electronics Co. v. Apple Inc.,15-777,Federal Circuit,Unknown,1,8-1,4,Ginsburg,1
2016,Samsung Electronics Co. v. Apple Inc.,15-777,Federal Circuit,Unknown,1,8-1,4,Breyer,1
2016,Samsung Electronics Co. v. Apple Inc.,15-777,Federal Circuit,Unknown,1,8-1,4,Kennedy,1
2016,Samsung Electronics Co. v. Apple Inc.,15-777,Federal Circuit,Unknown,1,8-1,4,Jr.,1
2016,Samsung Electronics Co. v. Apple Inc.,15-777,Federal Circuit,Unknown,1,8-1,4,Thomas,1
2016,Samsung Electronics Co. v. Apple Inc.,15-777,Federal Circuit,Unknown,1,8-1,4,Jr.,1
2016,Bravo-Fernandez v. United States,15-537,1st Circuit,Unknown,0,8-1,4,Ginsburg,1
2016,Bravo-Fernandez v. United States,15-537,1st Circuit,Unknown,0,8-1,4,Thomas,1
2016,Bravo-Fernandez v. United States,15-537,1st Circuit,Unknown,0,8-1,4,Sotomayor,1
2016,Bravo-Fernandez v. United States,15-537,1st Circuit,Unknown,0,8-1,4,Jr.,1
2016,Bravo-Fernandez v. United States,15-537,1st Circuit,Unknown,0,8-1,4,Jr.,1
2016,Bravo-Fernandez v. United States,15-537,1st Circuit,Unknown,0,8-1,4,Kagan,1
2016,Bravo-Fernandez v. United States,15-537,1st Circuit,Unknown,0,8-1,4,Breyer,1
2016,Bravo-Fernandez v. United States,15-537,1st Circuit,Unknown,0,8-1,4,Kennedy,1
2016,Pena-Rodriguez v. Colorado,15-606,Other,Unknown,1,5-4,4,Kennedy,1
2016,Pena-Rodriguez v. Colorado,15-606,Other,Unknown,1,5-4,4,Ginsburg,1
2016,Pena-Rodriguez v. Colorado,15-606,Other,Unknown,1,5-4,4,Breyer,1
2016,Pena-Rodriguez v. Colorado,15-606,Other,Unknown,1,5-4,4,Sotomayor,1
2016,Pena-Rodriguez v. Colorado,15-606,Other,Unknown,1,5-4,4,Kagan,1
2016,Pena-Rodriguez v. Colorado,15-606,Other,Unknown,1,5-4,4,Jr.,0
2016,Pena-Rodriguez v. Colorado,15-606,Other,Unknown,1,5-4,4,Jr.,0
2016,Pena-Rodriguez v. Colorado,15-606,Other,Unknown,1,5-4,4,Thomas,0
2016,Manrique v. United States,15-7250,11th Circuit,Unknown,0,6-3,4,Thomas,1
2016,Manrique v. United States,15-7250,11th Circuit,Unknown,0,6-3,4,Jr.,1
2016,Manrique v. United States,15-7250,11th Circuit,Unknown,0,6-3,4,Jr.,1
2016,Manrique v. United States,15-7250,11th Circuit,Unknown,0,6-3,4,Kennedy,1
2016,Manrique v. United States,15-7250,11th Circuit,Unknown,0,6-3,4,Breyer,1
2016,Manrique v. United States,15-7250,11th Circuit,Unknown,0,6-3,4,Kagan,1
2016,Manrique v. United States,15-7250,11th Circuit,Unknown,0,6-3,4,Ginsburg,0
2016,Manrique v. United States,15-7250,11th Circuit,Unknown,0,6-3,4,Sotomayor,0
2016,Manrique v. United States,15-7250,11th Circuit,Unknown,0,6-3,4,Gorsuch,0
2016,Shaw v. United States,15-5991,9th Circuit,Unknown,0,8-1,4,Breyer,1
2016,Shaw v. United States,15-5991,9th Circuit,Unknown,0,8-1,4,Kennedy,1
2016,Shaw v. United States,15-5991,9th Circuit,Unknown,0,8-1,4,Jr.,1
2016,Shaw v. United States,15-5991,9th Circuit,Unknown,0,8-1,4,Thomas,1
2016,Shaw v. United States,15-5991,9th Circuit,Unknown,0,8-1,4,Jr.,1
2016,Shaw v. United States,15-5991,9th Circuit,Unknown,0,8-1,4,Kagan,1
2016,Shaw v. United States,15-5991,9th Circuit,Unknown,0,8-1,4,Ginsburg,1
2016,Shaw v. United States,15-5991,9th Circuit,Unknown,0,8-1,4,Sotomayor,1
2016,"Star Athletica, LLC v. Varsity Brands, Inc.",15-866,6th Circuit,Unknown,0,6-3,4,Thomas,1
2016,"Star Athletica, LLC v. Varsity Brands, Inc.",15-866,6th Circuit,Unknown,0,6-3,4,Jr.,1
2016,"Star Athletica, LLC v. Varsity Brands, Inc.",15-866,6th Circuit,Unknown,0,6-3,4,Jr.,1
2016,"Star Athletica, LLC v. Varsity Brands, Inc.",15-866,6th Circuit,Unknown,0,6-3,4,Sotomayor,1
2016,"Star Athletica, LLC v. Varsity Brands, Inc.",15-866,6th Circuit,Unknown,0,6-3,4,Kagan,1
2016,"Star Athletica, LLC v. Varsity Brands, Inc.",15-866,6th Circuit,Unknown,0,6-3,4,Ginsburg,1
2016,"Star Athletica, LLC v. Varsity Brands, Inc.",15-866,6th Circuit,Unknown,0,6-3,4,Breyer,0
2016,"Star Athletica, LLC v. Varsity Brands, Inc.",15-866,6th Circuit,Unknown,0,6-3,4,Kennedy,0
2016,State Farm Fire and Casualty Co. v. U.S. ex rel. Rigsby,15-513,5th Circuit,Unknown,0,8-1,4,Kennedy,1
2016,State Farm Fire and Casualty Co. v. U.S. ex rel. Rigsby,15-513,5th Circuit,Unknown,0,8-1,4,Breyer,1
2016,State Farm Fire and Casualty Co. v. U.S. ex rel. Rigsby,15-513,5th Circuit,Unknown,0,8-1,4,Kagan,1
2016,State Farm Fire and Casualty Co. v. U.S. ex rel. Rigsby,15-513,5th Circuit,Unknown,0,8-1,4,Ginsburg,1
2016,State Farm Fire and Casualty Co. v. U.S. ex rel. Rigsby,15-513,5th Circuit,Unknown,0,8-1,4,Jr.,1
2016,State Farm Fire and Casualty Co. v. U.S. ex rel. Rigsby,15-513,5th Circuit,Unknown,0,8-1,4,Jr.,1
2016,State Farm Fire and Casualty Co. v. U.S. ex rel. Rigsby,15-513,5th Circuit,Unknown,0,8-1,4,Thomas,1
2016,State Farm Fire and Casualty Co. v. U.S. ex rel. Rigsby,15-513,5th Circuit,Unknown,0,8-1,4,Sotomayor,1
2016,Bethune-Hill v. Virginia Board of Elections,15-680,Other,Unknown,1,8-1,4,Kennedy,1
2016,Bethune-Hill v. Virginia Board of Elections,15-680,Other,Unknown,1,8-1,4,Jr.,1
2016,Bethune-Hill v. Virginia Board of Elections,15-680,Other,Unknown,1,8-1,4,Ginsburg,1
2016,Bethune-Hill v. Virginia Board of Elections,15-680,Other,Unknown,1,8-1,4,Breyer,1
2016,Bethune-Hill v. Virginia Board of Elections,15-680,Other,Unknown,1,8-1,4,Sotomayor,1
2016,Bethune-Hill v. Virginia Board of Elections,15-680,Other,Unknown,1,8-1,4,Kagan,1
2016,Bethune-Hill v. Virginia Board of Elections,15-680,Other,Unknown,1,8-1,4,Jr.,1
2016,Bethune-Hill v. Virginia Board of Elections,15-680,Other,Unknown,1,8-1,4,Thomas,1
2016,Moore v. Texas,15-797,State Supreme Court,Unknown,1,5-4,4,Ginsburg,1
2016,Moore v. Texas,15-797,State Supreme Court,Unknown,1,5-4,4,Kennedy,1
2016,Moore v. Texas,15-797,State Supreme Court,Unknown,1,5-4,4,Breyer,1
2016,Moore v. Texas,15-797,State Supreme Court,Unknown,1,5-4,4,Sotomayor,1
2016,Moore v. Texas,15-797,State Supreme Court,Unknown,1,5-4,4,Kagan,1
2016,Moore v. Texas,15-797,State Supreme Court,Unknown,1,5-4,4,Jr.,0
2016,Moore v. Texas,15-797,State Supreme Court,Unknown,1,5-4,4,Thomas,0
2016,Moore v. Texas,15-797,State Supreme Court,Unknown,1,5-4,4,Jr.,0
2016,Buck v. Davis,15-8049,5th Circuit,Unknown,1,6-3,4,Jr.,1
2016,Buck v. Davis,15-8049,5th Circuit,Unknown,1,6-3,4,Kennedy,1
2016,Buck v. Davis,15-8049,5th Circuit,Unknown,1,6-3,4,Ginsburg,1
2016,Buck v. Davis,15-8049,5th Circuit,Unknown,1,6-3,4,Breyer,1
2016,Buck v. Davis,15-8049,5th Circuit,Unknown,1,6-3,4,Sotomayor,1
2016,Buck v. Davis,15-8049,5th Circuit,Unknown,1,6-3,4,Kagan,1
2016,Buck v. Davis,15-8049,5th Circuit,Unknown,1,6-3,4,Thomas,0
2016,Buck v. Davis,15-8049,5th Circuit,Unknown,1,6-3,4,Jr.,0
2016,"National Labor Relations Board v. SW General, Inc.",15-1251,Other,Unknown,0,6-3,4,Jr.,1
2016,"National Labor Relations Board v. SW General, Inc.",15-1251,Other,Unknown,0,6-3,4,Kennedy,1
2016,"National Labor Relations Board v. SW General, Inc.",15-1251,Other,Unknown,0,6-3,4,Thomas,1
2016,"National Labor Relations Board v. SW General, Inc.",15-1251,Other,Unknown,0,6-3,4,Breyer,1
2016,"National Labor Relations Board v. SW General, Inc.",15-1251,Other,Unknown,0,6-3,4,Jr.,1
2016,"National Labor Relations Board v. SW General, Inc.",15-1251,Other,Unknown,0,6-3,4,Kagan,1
2016,"National Labor Relations Board v. SW General, Inc.",15-1251,Other,Unknown,0,6-3,4,Sotomayor,0
2016,"National Labor Relations Board v. SW General, Inc.",15-1251,Other,Unknown,0,6-3,4,Ginsburg,0
2016,Cooper v. Harris,15-1262,Other,Unknown,0,5-4,4,Kagan,1
2016,Cooper v. Harris,15-1262,Other,Unknown,0,5-4,4,Breyer,1
2016,Cooper v. Harris,15-1262,Other,Unknown,0,5-4,4,Thomas,1
2016,Cooper v. Harris,15-1262,Other,Unknown,0,5-4,4,Sotomayor,1
2016,Cooper v. Harris,15-1262,Other,Unknown,0,5-4,4,Ginsburg,1
2016,Cooper v. Harris,15-1262,Other,Unknown,0,5-4,4,Jr.,0
2016,Cooper v. Harris,15-1262,Other,Unknown,0,5-4,4,Jr.,0
2016,Cooper v. Harris,15-1262,Other,Unknown,0,5-4,4,Kennedy,0
2016,Cooper v. Harris,15-1262,Other,Unknown,0,5-4,4,Gorsuch,0
2016,Beckles v. United States,15-8544,11th Circuit,Unknown,0,7-2,4,Thomas,1
2016,Beckles v. United States,15-8544,11th Circuit,Unknown,0,7-2,4,Jr.,1
2016,Beckles v. United States,15-8544,11th Circuit,Unknown,0,7-2,4,Breyer,1
2016,Beckles v. United States,15-8544,11th Circuit,Unknown,0,7-2,4,Jr.,1
2016,Beckles v. United States,15-8544,11th Circuit,Unknown,0,7-2,4,Kennedy,1
2016,Beckles v. United States,15-8544,11th Circuit,Unknown,0,7-2,4,Ginsburg,1
2016,Beckles v. United States,15-8544,11th Circuit,Unknown,0,7-2,4,Sotomayor,1
2016,Beckles v. United States,15-8544,11th Circuit,Unknown,0,7-2,4,Kagan,0
2016,Lightfoot v. Cendant Mortgage Corporation,14-1055,9th Circuit,Unknown,1,8-1,4,Sotomayor,1
2016,Lightfoot v. Cendant Mortgage Corporation,14-1055,9th Circuit,Unknown,1,8-1,4,Ginsburg,1
2016,Lightfoot v. Cendant Mortgage Corporation,14-1055,9th Circuit,Unknown,1,8-1,4,Kagan,1
2016,Lightfoot v. Cendant Mortgage Corporation,14-1055,9th Circuit,Unknown,1,8-1,4,Jr.,1
2016,Lightfoot v. Cendant Mortgage Corporation,14-1055,9th Circuit,Unknown,1,8-1,4,Jr.,1
2016,Lightfoot v. Cendant Mortgage Corporation,14-1055,9th Circuit,Unknown,1,8-1,4,Thomas,1
2016,Lightfoot v. Cendant Mortgage Corporation,14-1055,9th Circuit,Unknown,1,8-1,4,Kennedy,1
2016,Lightfoot v. Cendant Mortgage Corporation,14-1055,9th Circuit,Unknown,1,8-1,4,Breyer,1
2016,Venezuela v. Helmerich & Payne International Drilling Company,15-423,Other,Unknown,1,8-1,4,Breyer,1
2016,Venezuela v. Helmerich & Payne International Drilling Company,15-423,Other,Unknown,1,8-1,4,Jr.,1
2016,Venezuela v. Helmerich & Payne International Drilling Company,15-423,Other,Unknown,1,8-1,4,Jr.,1
2016,Venezuela v. Helmerich & Payne International Drilling Company,15-423,Other,Unknown,1,8-1,4,Thomas,1
2016,Venezuela v. Helmerich & Payne International Drilling Company,15-423,Other,Unknown,1,8-1,4,Gorsuch,0
2016,Venezuela v. Helmerich & Payne International Drilling Company,15-423,Other,Unknown,1,8-1,4,Ginsburg,1
2016,Venezuela v. Helmerich & Payne International Drilling Company,15-423,Other,Unknown,1,8-1,4,Sotomayor,1
2016,Venezuela v. Helmerich & Payne International Drilling Company,15-423,Other,Unknown,1,8-1,4,Kagan,1
2016,Venezuela v. Helmerich & Payne International Drilling Company,15-423,Other,Unknown,1,8-1,4,Kennedy,1
2016,Fry v. Napoleon Community Schools,15-497,6th Circuit,Unknown,1,8-1,4,Kagan,1
2016,Fry v. Napoleon Community Schools,15-497,6th Circuit,Unknown,1,8-1,4,Jr.,1
2016,Fry v. Napoleon Community Schools,15-497,6th Circuit,Unknown,1,8-1,4,Kennedy,1
2016,Fry v. Napoleon Community Schools,15-497,6th Circuit,Unknown,1,8-1,4,Ginsburg,1
2016,Fry v. Napoleon Community Schools,15-497,6th Circuit,Unknown,1,8-1,4,Breyer,1
2016,Fry v. Napoleon Community Schools,15-497,6th Circuit,Unknown,1,8-1,4,Sotomayor,1
2016,Fry v. Napoleon Community Schools,15-497,6th Circuit,Unknown,1,8-1,4,Jr.,1
2016,Fry v. Napoleon Community Schools,15-497,6th Circuit,Unknown,1,8-1,4,Thomas,1
2016,Czyzewski v. Jevic Holding Corp.,15-649,3rd Circuit,Unknown,1,6-3,4,Breyer,1
2016,Czyzewski v. Jevic Holding Corp.,15-649,3rd Circuit,Unknown,1,6-3,4,Jr.,1
2016,Czyzewski v. Jevic Holding Corp.,15-649,3rd Circuit,Unknown,1,6-3,4,Kennedy,1
2016,Czyzewski v. Jevic Holding Corp.,15-649,3rd Circuit,Unknown,1,6-3,4,Ginsburg,1
2016,Czyzewski v. Jevic Holding Corp.,15-649,3rd Circuit,Unknown,1,6-3,4,Sotomayor,1
2016,Czyzewski v. Jevic Holding Corp.,15-649,3rd Circuit,Unknown,1,6-3,4,Kagan,1
2016,Czyzewski v. Jevic Holding Corp.,15-649,3rd Circuit,Unknown,1,6-3,4,Thomas,0
2016,Czyzewski v. Jevic Holding Corp.,15-649,3rd Circuit,Unknown,1,6-3,4,Jr.,0
2016,Sessions v. Morales-Santana,15-1191,2nd Circuit,Unknown,0,7-2,4,Ginsburg,1
2016,Sessions v. Morales-Santana,15-1191,2nd Circuit,Unknown,0,7-2,4,Jr.,1
2016,Sessions v. Morales-Santana,15-1191,2nd Circuit,Unknown,0,7-2,4,Kennedy,1
2016,Sessions v. Morales-Santana,15-1191,2nd Circuit,Unknown,0,7-2,4,Breyer,1
2016,Sessions v. Morales-Santana,15-1191,2nd Circuit,Unknown,0,7-2,4,Kagan,1
2016,Sessions v. Morales-Santana,15-1191,2nd Circuit,Unknown,0,7-2,4,Sotomayor,1
2016,Sessions v. Morales-Santana,15-1191,2nd Circuit,Unknown,0,7-2,4,Thomas,0
2016,Sessions v. Morales-Santana,15-1191,2nd Circuit,Unknown,0,7-2,4,Jr.,1
2016,Sessions v. Morales-Santana,15-1191,2nd Circuit,Unknown,0,7-2,4,Gorsuch,0
2016,Goodyear Tire v. Haeger,15-1406,9th Circuit,Unknown,1,8-1,4,Kagan,1
2016,Goodyear Tire v. Haeger,15-1406,9th Circuit,Unknown,1,8-1,4,Jr.,1
2016,Goodyear Tire v. Haeger,15-1406,9th Circuit,Unknown,1,8-1,4,Breyer,1
2016,Goodyear Tire v. Haeger,15-1406,9th Circuit,Unknown,1,8-1,4,Thomas,1
2016,Goodyear Tire v. Haeger,15-1406,9th Circuit,Unknown,1,8-1,4,Jr.,1
2016,Goodyear Tire v. Haeger,15-1406,9th Circuit,Unknown,1,8-1,4,Ginsburg,1
2016,Goodyear Tire v. Haeger,15-1406,9th Circuit,Unknown,1,8-1,4,Sotomayor,1
2016,Goodyear Tire v. Haeger,15-1406,9th Circuit,Unknown,1,8-1,4,Kennedy,1
2016,Goodyear Tire v. Haeger,15-1406,9th Circuit,Unknown,1,8-1,4,Gorsuch,0
2016,Endrew F. v. Douglas County School District,15-827,10th Circuit,Unknown,1,8-1,4,Jr.,1
2016,Endrew F. v. Douglas County School District,15-827,10th Circuit,Unknown,1,8-1,4,Ginsburg,1
2016,Endrew F. v. Douglas County School District,15-827,10th Circuit,Unknown,1,8-1,4,Sotomayor,1
2016,Endrew F. v. Douglas County School District,15-827,10th Circuit,Unknown,1,8-1,4,Kagan,1
2016,Endrew F. v. Douglas County School District,15-827,10th Circuit,Unknown,1,8-1,4,Jr.,1
2016,Endrew F. v. Douglas County School District,15-827,10th Circuit,Unknown,1,8-1,4,Thomas,1
2016,Endrew F. v. Douglas County School District,15-827,10th Circuit,Unknown,1,8-1,4,Kennedy,1
2016,Endrew F. v. Douglas County School District,15-827,10th Circuit,Unknown,1,8-1,4,Breyer,1
2016,Expressions Hair Design v. Schneiderman,15-1391,2nd Circuit,Unknown,0,8-1,4,Jr.,1
2016,Expressions Hair Design v. Schneiderman,15-1391,2nd Circuit,Unknown,0,8-1,4,Kennedy,1
2016,Expressions Hair Design v. Schneiderman,15-1391,2nd Circuit,Unknown,0,8-1,4,Thomas,1
2016,Expressions Hair Design v. Schneiderman,15-1391,2nd Circuit,Unknown,0,8-1,4,Ginsburg,1
2016,Expressions Hair Design v. Schneiderman,15-1391,2nd Circuit,Unknown,0,8-1,4,Kagan,1
2016,Expressions Hair Design v. Schneiderman,15-1391,2nd Circuit,Unknown,0,8-1,4,Breyer,1
2016,Expressions Hair Design v. Schneiderman,15-1391,2nd Circuit,Unknown,0,8-1,4,Sotomayor,1
2016,Expressions Hair Design v. Schneiderman,15-1391,2nd Circuit,Unknown,0,8-1,4,Jr.,1
2016,"McLane Company, Inc. v. E.E.O.C",15-1248,9th Circuit,Unknown,1,7-2,4,Sotomayor,1
2016,"McLane Company, Inc. v. E.E.O.C",15-1248,9th Circuit,Unknown,1,7-2,4,Jr.,1
2016,"McLane Company, Inc. v. E.E.O.C",15-1248,9th Circuit,Unknown,1,7-2,4,Kennedy,1
2016,"McLane Company, Inc. v. E.E.O.C",15-1248,9th Circuit,Unknown,1,7-2,4,Thomas,1
2016,"McLane Company, Inc. v. E.E.O.C",15-1248,9th Circuit,Unknown,1,7-2,4,Jr.,1
2016,"McLane Company, Inc. v. E.E.O.C",15-1248,9th Circuit,Unknown,1,7-2,4,Breyer,1
2016,"McLane Company, Inc. v. E.E.O.C",15-1248,9th Circuit,Unknown,1,7-2,4,Kagan,1
2016,"McLane Company, Inc. v. E.E.O.C",15-1248,9th Circuit,Unknown,1,7-2,4,Ginsburg,0
2016,Bosse v. Oklahoma,15-9173,Other,Unknown,1,8-1,4,Ginsburg,1
2016,Bosse v. Oklahoma,15-9173,Other,Unknown,1,8-1,4,Breyer,1
2016,Bosse v. Oklahoma,15-9173,Other,Unknown,1,8-1,4,Jr.,1
2016,Bosse v. Oklahoma,15-9173,Other,Unknown,1,8-1,4,Kagan,1
2016,Bosse v. Oklahoma,15-9173,Other,Unknown,1,8-1,4,Sotomayor,1
2016,Bosse v. Oklahoma,15-9173,Other,Unknown,1,8-1,4,Kennedy,1
2016,Bosse v. Oklahoma,15-9173,Other,Unknown,1,8-1,4,Thomas,1
2016,Bosse v. Oklahoma,15-9173,Other,Unknown,1,8-1,4,Jr.,1
2016,Nelson v. Colorado,15-1256,Other,Unknown,1,7-2,4,Ginsburg,1
2016,Nelson v. Colorado,15-1256,Other,Unknown,1,7-2,4,Jr.,1
2016,Nelson v. Colorado,15-1256,Other,Unknown,1,7-2,4,Breyer,1
2016,Nelson v. Colorado,15-1256,Other,Unknown,1,7-2,4,Sotomayor,1
2016,Nelson v. Colorado,15-1256,Other,Unknown,1,7-2,4,Kagan,1
2016,Nelson v. Colorado,15-1256,Other,Unknown,1,7-2,4,Thomas,0
2016,Nelson v. Colorado,15-1256,Other,Unknown,1,7-2,4,Jr.,1
2016,Nelson v. Colorado,15-1256,Other,Unknown,1,7-2,4,Gorsuch,0
2016,Nelson v. Colorado,15-1256,Other,Unknown,1,7-2,4,Kennedy,1
2016,Matal v. Tam,15-1293,Federal Circuit,Unknown,0,8-1,4,Jr.,1
2016,Matal v. Tam,15-1293,Federal Circuit,Unknown,0,8-1,4,Jr.,1
2016,Matal v. Tam,15-1293,Federal Circuit,Unknown,0,8-1,4,Breyer,1
2016,Matal v. Tam,15-1293,Federal Circuit,Unknown,0,8-1,4,Kennedy,1
2016,Matal v. Tam,15-1293,Federal Circuit,Unknown,0,8-1,4,Ginsburg,1
2016,Matal v. Tam,15-1293,Federal Circuit,Unknown,0,8-1,4,Sotomayor,1
2016,Matal v. Tam,15-1293,Federal Circuit,Unknown,0,8-1,4,Kagan,1
2016,Matal v. Tam,15-1293,Federal Circuit,Unknown,0,8-1,4,Thomas,1
2016,Matal v. Tam,15-1293,Federal Circuit,Unknown,0,8-1,4,Gorsuch,0
2016,Dean v. United States,15-9260,8th Circuit,Unknown,1,8-1,4,Jr.,1
2016,Dean v. United States,15-9260,8th Circuit,Unknown,1,8-1,4,Kennedy,1
2016,Dean v. United States,15-9260,8th Circuit,Unknown,1,8-1,4,Jr.,1
2016,Dean v. United States,15-9260,8th Circuit,Unknown,1,8-1,4,Thomas,1
2016,Dean v. United States,15-9260,8th Circuit,Unknown,1,8-1,4,Ginsburg,1
2016,Dean v. United States,15-9260,8th Circuit,Unknown,1,8-1,4,Sotomayor,1
2016,Dean v. United States,15-9260,8th Circuit,Unknown,1,8-1,4,Kagan,1
2016,Dean v. United States,15-9260,8th Circuit,Unknown,1,8-1,4,Breyer,1
2016,Lewis v. Clarke,15-1500,Other,Unknown,1,8-1,4,Sotomayor,1
2016,Lewis v. Clarke,15-1500,Other,Unknown,1,8-1,4,Jr.,1
2016,Lewis v. Clarke,15-1500,Other,Unknown,1,8-1,4,Kennedy,1
2016,Lewis v. Clarke,15-1500,Other,Unknown,1,8-1,4,Jr.,1
2016,Lewis v. Clarke,15-1500,Other,Unknown,1,8-1,4,Kagan,1
2016,Lewis v. Clarke,15-1500,Other,Unknown,1,8-1,4,Breyer,1
2016,Lewis v. Clarke,15-1500,Other,Unknown,1,8-1,4,Thomas,1
2016,Lewis v. Clarke,15-1500,Other,Unknown,1,8-1,4,Ginsburg,1
2016,Lewis v. Clarke,15-1500,Other,Unknown,1,8-1,4,Gorsuch,0
2016,Esquivel-Quintana v. Sessions,16-54,6th Circuit,Unknown,1,8-1,4,Thomas,1
2016,Esquivel-Quintana v. Sessions,16-54,6th Circuit,Unknown,1,8-1,4,Jr.,1
2016,Esquivel-Quintana v. Sessions,16-54,6th Circuit,Unknown,1,8-1,4,Kennedy,1
2016,Esquivel-Quintana v. Sessions,16-54,6th Circuit,Unknown,1,8-1,4,Breyer,1
2016,Esquivel-Quintana v. Sessions,16-54,6th Circuit,Unknown,1,8-1,4,Ginsburg,1
2016,Esquivel-Quintana v. Sessions,16-54,6th Circuit,Unknown,1,8-1,4,Kagan,1
2016,Esquivel-Quintana v. Sessions,16-54,6th Circuit,Unknown,1,8-1,4,Sotomayor,1
2016,Esquivel-Quintana v. Sessions,16-54,6th Circuit,Unknown,1,8-1,4,Jr.,1
2016,Esquivel-Quintana v. Sessions,16-54,6th Circuit,Unknown,1,8-1,4,Gorsuch,0
2016,Midland Funding v. Johnson,16-348,11th Circuit,Unknown,1,5-4,4,Breyer,1
2016,Midland Funding v. Johnson,16-348,11th Circuit,Unknown,1,5-4,4,Jr.,1
2016,Midland Funding v. Johnson,16-348,11th Circuit,Unknown,1,5-4,4,Thomas,1
2016,Midland Funding v. Johnson,16-348,11th Circuit,Unknown,1,5-4,4,Jr.,1
2016,Midland Funding v. Johnson,16-348,11th Circuit,Unknown,1,5-4,4,Kennedy,1
2016,Midland Funding v. Johnson,16-348,11th Circuit,Unknown,1,5-4,4,Sotomayor,0
2016,Midland Funding v. Johnson,16-348,11th Circuit,Unknown,1,5-4,4,Ginsburg,0
2016,Midland Funding v. Johnson,16-348,11th Circuit,Unknown,1,5-4,4,Kagan,0
2016,Midland Funding v. Johnson,16-348,11th Circuit,Unknown,1,5-4,4,Gorsuch,0
2016,Kindred Nursing Centers Limited Partnership v. Clark,16-32,Other,Unknown,1,7-2,4,Kagan,1
2016,Kindred Nursing Centers Limited Partnership v. Clark,16-32,Other,Unknown,1,7-2,4,Jr.,1
2016,Kindred Nursing Centers Limited Partnership v. Clark,16-32,Other,Unknown,1,7-2,4,Kennedy,1
2016,Kindred Nursing Centers Limited Partnership v. Clark,16-32,Other,Unknown,1,7-2,4,Jr.,1
2016,Kindred Nursing Centers Limited Partnership v. Clark,16-32,Other,Unknown,1,7-2,4,Breyer,1
2016,Kindred Nursing Centers Limited Partnership v. Clark,16-32,Other,Unknown,1,7-2,4,Ginsburg,1
2016,Kindred Nursing Centers Limited Partnership v. Clark,16-32,Other,Unknown,1,7-2,4,Sotomayor,1
2016,Kindred Nursing Centers Limited Partnership v. Clark,16-32,Other,Unknown,1,7-2,4,Thomas,0
2016,Kindred Nursing Centers Limited Partnership v. Clark,16-32,Other,Unknown,1,7-2,4,Gorsuch,0
2016,Packingham v. North Carolina,15-1194,Other,Unknown,1,8-1,4,Kennedy,1
2016,Packingham v. North Carolina,15-1194,Other,Unknown,1,8-1,4,Breyer,1
2016,Packingham v. North Carolina,15-1194,Other,Unknown,1,8-1,4,Ginsburg,1
2016,Packingham v. North Carolina,15-1194,Other,Unknown,1,8-1,4,Sotomayor,1
2016,Packingham v. North Carolina,15-1194,Other,Unknown,1,8-1,4,Kagan,1
2016,Packingham v. North Carolina,15-1194,Other,Unknown,1,8-1,4,Jr.,1
2016,Packingham v. North Carolina,15-1194,Other,Unknown,1,8-1,4,Jr.,1
2016,Packingham v. North Carolina,15-1194,Other,Unknown,1,8-1,4,Thomas,1
2016,Packingham v. North Carolina,15-1194,Other,Unknown,1,8-1,4,Gorsuch,0
2016,"Coventry Health Care of Missouri, Inc. v. Nevils",16-149,State Supreme Court,Unknown,1,8-1,4,Ginsburg,1
2016,"Coventry Health Care of Missouri, Inc. v. Nevils",16-149,State Supreme Court,Unknown,1,8-1,4,Breyer,1
2016,"Coventry Health Care of Missouri, Inc. v. Nevils",16-149,State Supreme Court,Unknown,1,8-1,4,Jr.,1
2016,"Coventry Health Care of Missouri, Inc. v. Nevils",16-149,State Supreme Court,Unknown,1,8-1,4,Jr.,1
2016,"Coventry Health Care of Missouri, Inc. v. Nevils",16-149,State Supreme Court,Unknown,1,8-1,4,Kagan,1
2016,"Coventry Health Care of Missouri, Inc. v. Nevils",16-149,State Supreme Court,Unknown,1,8-1,4,Kennedy,1
2016,"Coventry Health Care of Missouri, Inc. v. Nevils",16-149,State Supreme Court,Unknown,1,8-1,4,Sotomayor,1
2016,"Coventry Health Care of Missouri, Inc. v. Nevils",16-149,State Supreme Court,Unknown,1,8-1,4,Thomas,1
2016,"Coventry Health Care of Missouri, Inc. v. Nevils",16-149,State Supreme Court,Unknown,1,8-1,4,Gorsuch,0
2016,County of Los Angeles v. Mendez,16-369,9th Circuit,Unknown,1,8-1,4,Jr.,1
2016,County of Los Angeles v. Mendez,16-369,9th Circuit,Unknown,1,8-1,4,Jr.,1
2016,County of Los Angeles v. Mendez,16-369,9th Circuit,Unknown,1,8-1,4,Thomas,1
2016,County of Los Angeles v. Mendez,16-369,9th Circuit,Unknown,1,8-1,4,Kennedy,1
2016,County of Los Angeles v. Mendez,16-369,9th Circuit,Unknown,1,8-1,4,Breyer,1
2016,County of Los Angeles v. Mendez,16-369,9th Circuit,Unknown,1,8-1,4,Ginsburg,1
2016,County of Los Angeles v. Mendez,16-369,9th Circuit,Unknown,1,8-1,4,Sotomayor,1
2016,County of Los Angeles v. Mendez,16-369,9th Circuit,Unknown,1,8-1,4,Kagan,1
2016,County of Los Angeles v. Mendez,16-369,9th Circuit,Unknown,1,8-1,4,Gorsuch,0
2016,"Water Splash, Inc. v. Menon",16-254,Other,Unknown,1,8-1,4,Jr.,1
2016,"Water Splash, Inc. v. Menon",16-254,Other,Unknown,1,8-1,4,Jr.,1
2016,"Water Splash, Inc. v. Menon",16-254,Other,Unknown,1,8-1,4,Thomas,1
2016,"Water Splash, Inc. v. Menon",16-254,Other,Unknown,1,8-1,4,Kennedy,1
2016,"Water Splash, Inc. v. Menon",16-254,Other,Unknown,1,8-1,4,Breyer,1
2016,"Water Splash, Inc. v. Menon",16-254,Other,Unknown,1,8-1,4,Ginsburg,1
2016,"Water Splash, Inc. v. Menon",16-254,Other,Unknown,1,8-1,4,Kagan,1
2016,"Water Splash, Inc. v. Menon",16-254,Other,Unknown,1,8-1,4,Sotomayor,1
2016,"Water Splash, Inc. v. Menon",16-254,Other,Unknown,1,8-1,4,Gorsuch,0
2016,Advocate Health Care Network v. Stapleton,16-74,7th Circuit,Unknown,1,8-1,4,Kagan,1
2016,Advocate Health Care Network v. Stapleton,16-74,7th Circuit,Unknown,1,8-1,4,Jr.,1
2016,Advocate Health Care Network v. Stapleton,16-74,7th Circuit,Unknown,1,8-1,4,Kennedy,1
2016,Advocate Health Care Network v. Stapleton,16-74,7th Circuit,Unknown,1,8-1,4,Breyer,1
2016,Advocate Health Care Network v. Stapleton,16-74,7th Circuit,Unknown,1,8-1,4,Thomas,1
2016,Advocate Health Care Network v. Stapleton,16-74,7th Circuit,Unknown,1,8-1,4,Jr.,1
2016,Advocate Health Care Network v. Stapleton,16-74,7th Circuit,Unknown,1,8-1,4,Ginsburg,1
2016,Advocate Health Care Network v. Stapleton,16-74,7th Circuit,Unknown,1,8-1,4,Sotomayor,1
2016,Advocate Health Care Network v. Stapleton,16-74,7th Circuit,Unknown,1,8-1,4,Gorsuch,0
2016,Honeycutt v. United States,16-142,6th Circuit,Unknown,1,8-1,4,Gorsuch,0
2016,Honeycutt v. United States,16-142,6th Circuit,Unknown,1,8-1,4,Sotomayor,1
2016,Honeycutt v. United States,16-142,6th Circuit,Unknown,1,8-1,4,Jr.,1
2016,Honeycutt v. United States,16-142,6th Circuit,Unknown,1,8-1,4,Kennedy,1
2016,Honeycutt v. United States,16-142,6th Circuit,Unknown,1,8-1,4,Ginsburg,1
2016,Honeycutt v. United States,16-142,6th Circuit,Unknown,1,8-1,4,Breyer,1
2016,Honeycutt v. United States,16-142,6th Circuit,Unknown,1,8-1,4,Kagan,1
2016,Honeycutt v. United States,16-142,6th Circuit,Unknown,1,8-1,4,Jr.,1
2016,Honeycutt v. United States,16-142,6th Circuit,Unknown,1,8-1,4,Thomas,1
2016,Lee v. United States,16-327,6th Circuit,Unknown,1,6-3,4,Jr.,1
2016,Lee v. United States,16-327,6th Circuit,Unknown,1,6-3,4,Kennedy,1
2016,Lee v. United States,16-327,6th Circuit,Unknown,1,6-3,4,Breyer,1
2016,Lee v. United States,16-327,6th Circuit,Unknown,1,6-3,4,Ginsburg,1
2016,Lee v. United States,16-327,6th Circuit,Unknown,1,6-3,4,Sotomayor,1
2016,Lee v. United States,16-327,6th Circuit,Unknown,1,6-3,4,Kagan,1
2016,Lee v. United States,16-327,6th Circuit,Unknown,1,6-3,4,Thomas,0
2016,Lee v. United States,16-327,6th Circuit,Unknown,1,6-3,4,Jr.,0
2016,Lee v. United States,16-327,6th Circuit,Unknown,1,6-3,4,Gorsuch,0
2016,White v. Pauly,16-67,10th Circuit,Unknown,1,8-1,4,Ginsburg,1
2016,White v. Pauly,16-67,10th Circuit,Unknown,1,8-1,4,Sotomayor,1
2016,White v. Pauly,16-67,10th Circuit,Unknown,1,8-1,4,Kagan,1
2016,White v. Pauly,16-67,10th Circuit,Unknown,1,8-1,4,Kennedy,1
2016,White v. Pauly,16-67,10th Circuit,Unknown,1,8-1,4,Thomas,1
2016,White v. Pauly,16-67,10th Circuit,Unknown,1,8-1,4,Jr.,1
2016,White v. Pauly,16-67,10th Circuit,Unknown,1,8-1,4,Jr.,1
2016,White v. Pauly,16-67,10th Circuit,Unknown,1,8-1,4,Breyer,1
2016,Weaver v. Massachusetts,16-240,State Supreme Court,Unknown,0,7-2,4,Kennedy,1
2016,Weaver v. Massachusetts,16-240,State Supreme Court,Unknown,0,7-2,4,Jr.,1
2016,Weaver v. Massachusetts,16-240,State Supreme Court,Unknown,0,7-2,4,Thomas,1
2016,Weaver v. Massachusetts,16-240,State Supreme Court,Unknown,0,7-2,4,Ginsburg,1
2016,Weaver v. Massachusetts,16-240,State Supreme Court,Unknown,0,7-2,4,Sotomayor,1
2016,Weaver v. Massachusetts,16-240,State Supreme Court,Unknown,0,7-2,4,Gorsuch,1
2016,Weaver v. Massachusetts,16-240,State Supreme Court,Unknown,0,7-2,4,Jr.,1
2016,Weaver v. Massachusetts,16-240,State Supreme Court,Unknown,0,7-2,4,Breyer,0
2016,Weaver v. Massachusetts,16-240,State Supreme Court,Unknown,0,7-2,4,Kagan,0
2016,"Town of Chester v. Laroe Estates, Inc.",16-605,2nd Circuit,Unknown,1,9-0,4,Jr.,1
2016,"Town of Chester v. Laroe Estates, Inc.",16-605,2nd Circuit,Unknown,1,9-0,4,Jr.,1
2016,"Town of Chester v. Laroe Estates, Inc.",16-605,2nd Circuit,Unknown,1,9-0,4,Thomas,1
2016,"Town of Chester v. Laroe Estates, Inc.",16-605,2nd Circuit,Unknown,1,9-0,4,Kennedy,1
2016,"Town of Chester v. Laroe Estates, Inc.",16-605,2nd Circuit,Unknown,1,9-0,4,Gorsuch,1
2016,"Town of Chester v. Laroe Estates, Inc.",16-605,2nd Circuit,Unknown,1,9-0,4,Breyer,1
2016,"Town of Chester v. Laroe Estates, Inc.",16-605,2nd Circuit,Unknown,1,9-0,4,Ginsburg,1
2016,"Town of Chester v. Laroe Estates, Inc.",16-605,2nd Circuit,Unknown,1,9-0,4,Kagan,1
2016,"Town of Chester v. Laroe Estates, Inc.",16-605,2nd Circuit,Unknown,1,9-0,4,Sotomayor,1
2016,Kokesh v. SEC,16-529,10th Circuit,Unknown,1,9-0,4,Sotomayor,1
2016,Kokesh v. SEC,16-529,10th Circuit,Unknown,1,9-0,4,Jr.,1
2016,Kokesh v. SEC,16-529,10th Circuit,Unknown,1,9-0,4,Breyer,1
2016,Kokesh v. SEC,16-529,10th Circuit,Unknown,1,9-0,4,Kennedy,1
2016,Kokesh v. SEC,16-529,10th Circuit,Unknown,1,9-0,4,Jr.,1
2016,Kokesh v. SEC,16-529,10th Circuit,Unknown,1,9-0,4,Thomas,1
2016,Kokesh v. SEC,16-529,10th Circuit,Unknown,1,9-0,4,Gorsuch,1
2016,Kokesh v. SEC,16-529,10th Circuit,Unknown,1,9-0,4,Ginsburg,1
2016,Kokesh v. SEC,16-529,10th Circuit,Unknown,1,9-0,4,Kagan,1
2016,Maslenjak v. United States,16-309,6th Circuit,Unknown,1,9-0,4,Kagan,1
2016,Maslenjak v. United States,16-309,6th Circuit,Unknown,1,9-0,4,Jr.,1
2016,Maslenjak v. United States,16-309,6th Circuit,Unknown,1,9-0,4,Kennedy,1
2016,Maslenjak v. United States,16-309,6th Circuit,Unknown,1,9-0,4,Breyer,1
2016,Maslenjak v. United States,16-309,6th Circuit,Unknown,1,9-0,4,Ginsburg,1
2016,Maslenjak v. United States,16-309,6th Circuit,Unknown,1,9-0,4,Sotomayor,1
2016,Maslenjak v. United States,16-309,6th Circuit,Unknown,1,9-0,4,Gorsuch,1
2016,Maslenjak v. United States,16-309,6th Circuit,Unknown,1,9-0,4,Thomas,1
2016,Maslenjak v. United States,16-309,6th Circuit,Unknown,1,9-0,4,Jr.,1
2016,McWilliams v. Dunn,16-5294,11th Circuit,Unknown,1,5-4,4,Breyer,1
2016,McWilliams v. Dunn,16-5294,11th Circuit,Unknown,1,5-4,4,Kennedy,1
2016,McWilliams v. Dunn,16-5294,11th Circuit,Unknown,1,5-4,4,Ginsburg,1
2016,McWilliams v. Dunn,16-5294,11th Circuit,Unknown,1,5-4,4,Sotomayor,1
2016,McWilliams v. Dunn,16-5294,11th Circuit,Unknown,1,5-4,4,Kagan,1
2016,McWilliams v. Dunn,16-5294,11th Circuit,Unknown,1,5-4,4,Jr.,0
2016,McWilliams v. Dunn,16-5294,11th Circuit,Unknown,1,5-4,4,Jr.,0
2016,McWilliams v. Dunn,16-5294,11th Circuit,Unknown,1,5-4,4,Thomas,0
2016,McWilliams v. Dunn,16-5294,11th Circuit,Unknown,1,5-4,4,Gorsuch,0
2016,BNSF Railway Co. v. Tyrrell,16-405,Other,Unknown,1,8-1,4,Ginsburg,1
2016,BNSF Railway Co. v. Tyrrell,16-405,Other,Unknown,1,8-1,4,Jr.,1
2016,BNSF Railway Co. v. Tyrrell,16-405,Other,Unknown,1,8-1,4,Kennedy,1
2016,BNSF Railway Co. v. Tyrrell,16-405,Other,Unknown,1,8-1,4,Jr.,1
2016,BNSF Railway Co. v. Tyrrell,16-405,Other,Unknown,1,8-1,4,Kagan,1
2016,BNSF Railway Co. v. Tyrrell,16-405,Other,Unknown,1,8-1,4,Thomas,1
2016,BNSF Railway Co. v. Tyrrell,16-405,Other,Unknown,1,8-1,4,Breyer,1
2016,BNSF Railway Co. v. Tyrrell,16-405,Other,Unknown,1,8-1,4,Gorsuch,1
2016,BNSF Railway Co. v. Tyrrell,16-405,Other,Unknown,1,8-1,4,Sotomayor,0
2016,Davila v. Davis,16-6219,5th Circuit,Unknown,0,5-4,4,Thomas,1
2016,Davila v. Davis,16-6219,5th Circuit,Unknown,0,5-4,4,Jr.,1
2016,Davila v. Davis,16-6219,5th Circuit,Unknown,0,5-4,4,Kennedy,1
2016,Davila v. Davis,16-6219,5th Circuit,Unknown,0,5-4,4,Jr.,1
2016,Davila v. Davis,16-6219,5th Circuit,Unknown,0,5-4,4,Gorsuch,1
2016,Davila v. Davis,16-6219,5th Circuit,Unknown,0,5-4,4,Breyer,0
2016,Davila v. Davis,16-6219,5th Circuit,Unknown,0,5-4,4,Ginsburg,0
2016,Davila v. Davis,16-6219,5th Circuit,Unknown,0,5-4,4,Sotomayor,0
2016,Davila v. Davis,16-6219,5th Circuit,Unknown,0,5-4,4,Kagan,0
2016,Perry v. Merit Systems Protection Board,16-399,Other,Unknown,1,7-2,4,Ginsburg,1
2016,Perry v. Merit Systems Protection Board,16-399,Other,Unknown,1,7-2,4,Jr.,1
2016,Perry v. Merit Systems Protection Board,16-399,Other,Unknown,1,7-2,4,Kennedy,1
2016,Perry v. Merit Systems Protection Board,16-399,Other,Unknown,1,7-2,4,Breyer,1
2016,Perry v. Merit Systems Protection Board,16-399,Other,Unknown,1,7-2,4,Jr.,1
2016,Perry v. Merit Systems Protection Board,16-399,Other,Unknown,1,7-2,4,Sotomayor,1
2016,Perry v. Merit Systems Protection Board,16-399,Other,Unknown,1,7-2,4,Kagan,1
2016,Perry v. Merit Systems Protection Board,16-399,Other,Unknown,1,7-2,4,Gorsuch,0
2016,Perry v. Merit Systems Protection Board,16-399,Other,Unknown,1,7-2,4,Thomas,0
2016,"Henson v. Santander Consumer USA, Inc.",16-349,4th Circuit,Unknown,0,9-0,4,Gorsuch,1
2016,"Henson v. Santander Consumer USA, Inc.",16-349,4th Circuit,Unknown,0,9-0,4,Jr.,1
2016,"Henson v. Santander Consumer USA, Inc.",16-349,4th Circuit,Unknown,0,9-0,4,Kennedy,1
2016,"Henson v. Santander Consumer USA, Inc.",16-349,4th Circuit,Unknown,0,9-0,4,Breyer,1
2016,"Henson v. Santander Consumer USA, Inc.",16-349,4th Circuit,Unknown,0,9-0,4,Thomas,1
2016,"Henson v. Santander Consumer USA, Inc.",16-349,4th Circuit,Unknown,0,9-0,4,Jr.,1
2016,"Henson v. Santander Consumer USA, Inc.",16-349,4th Circuit,Unknown,0,9-0,4,Ginsburg,1
2016,"Henson v. Santander Consumer USA, Inc.",16-349,4th Circuit,Unknown,0,9-0,4,Sotomayor,1
2016,"Henson v. Santander Consumer USA, Inc.",16-349,4th Circuit,Unknown,0,9-0,4,Kagan,1
2016,"California Public Employees’ Retirement System v. ANZ Securities, Inc.",16-373,2nd Circuit,Unknown,0,5-4,4,Kennedy,1
2016,"California Public Employees’ Retirement System v. ANZ Securities, Inc.",16-373,2nd Circuit,Unknown,0,5-4,4,Jr.,1
2016,"California Public Employees’ Retirement System v. ANZ Securities, Inc.",16-373,2nd Circuit,Unknown,0,5-4,4,Thomas,1
2016,"California Public Employees’ Retirement System v. ANZ Securities, Inc.",16-373,2nd Circuit,Unknown,0,5-4,4,Jr.,1
2016,"California Public Employees’ Retirement System v. ANZ Securities, Inc.",16-373,2nd Circuit,Unknown,0,5-4,4,Gorsuch,1
2016,"California Public Employees’ Retirement System v. ANZ Securities, Inc.",16-373,2nd Circuit,Unknown,0,5-4,4,Ginsburg,0
2016,"California Public Employees’ Retirement System v. ANZ Securities, Inc.",16-373,2nd Circuit,Unknown,0,5-4,4,Breyer,0
2016,"California Public Employees’ Retirement System v. ANZ Securities, Inc.",16-373,2nd Circuit,Unknown,0,5-4,4,Kagan,0
2016,"California Public Employees’ Retirement System v. ANZ Securities, Inc.",16-373,2nd Circuit,Unknown,0,5-4,4,Sotomayor,0
2016,Bristol-Myers Squibb Co. v. Superior Court of California,16-466,State Supreme Court,Unknown,1,8-1,4,Jr.,1
2016,Bristol-Myers Squibb Co. v. Superior Court of California,16-466,State Supreme Court,Unknown,1,8-1,4,Jr.,1
2016,Bristol-Myers Squibb Co. v. Superior Court of California,16-466,State Supreme Court,Unknown,1,8-1,4,Kennedy,1
2016,Bristol-Myers Squibb Co. v. Superior Court of California,16-466,State Supreme Court,Unknown,1,8-1,4,Thomas,1
2016,Bristol-Myers Squibb Co. v. Superior Court of California,16-466,State Supreme Court,Unknown,1,8-1,4,Ginsburg,1
2016,Bristol-Myers Squibb Co. v. Superior Court of California,16-466,State Supreme Court,Unknown,1,8-1,4,Breyer,1
2016,Bristol-Myers Squibb Co. v. Superior Court of California,16-466,State Supreme Court,Unknown,1,8-1,4,Kagan,1
2016,Bristol-Myers Squibb Co. v. Superior Court of California,16-466,State Supreme Court,Unknown,1,8-1,4,Gorsuch,1
2016,Bristol-Myers Squibb Co. v. Superior Court of California,16-466,State Supreme Court,Unknown,1,8-1,4,Sotomayor,0
2016,Pavan v. Smith,16-992,Other,Unknown,1,6-3,4,Jr.,1
2016,Pavan v. Smith,16-992,Other,Unknown,1,6-3,4,Sotomayor,1
2016,Pavan v. Smith,16-992,Other,Unknown,1,6-3,4,Kagan,1
2016,Pavan v. Smith,16-992,Other,Unknown,1,6-3,4,Ginsburg,1
2016,Pavan v. Smith,16-992,Other,Unknown,1,6-3,4,Kennedy,1
2016,Pavan v. Smith,16-992,Other,Unknown,1,6-3,4,Breyer,1
2016,Pavan v. Smith,16-992,Other,Unknown,1,6-3,4,Gorsuch,0
2016,Pavan v. Smith,16-992,Other,Unknown,1,6-3,4,Jr.,0
2016,Pavan v. Smith,16-992,Other,Unknown,1,6-3,4,Thomas,0
2015,Hurst v. Florida,14-7505,Other,Unknown,1,8-1,4,Sotomayor,1
2015,Hurst v. Florida,14-7505,Other,Unknown,1,8-1,4,Jr.,1
2015,Hurst v. Florida,14-7505,Other,Unknown,1,8-1,4,Scalia,1
2015,Hurst v. Florida,14-7505,Other,Unknown,1,8-1,4,Kennedy,1
2015,Hurst v. Florida,14-7505,Other,Unknown,1,8-1,4,Thomas,1
2015,Hurst v. Florida,14-7505,Other,Unknown,1,8-1,4,Ginsburg,1
2015,Hurst v. Florida,14-7505,Other,Unknown,1,8-1,4,Kagan,1
2015,Hurst v. Florida,14-7505,Other,Unknown,1,8-1,4,Breyer,1
2015,Hurst v. Florida,14-7505,Other,Unknown,1,8-1,4,Jr.,0
2015,Montgomery v. Louisiana,14-280,Other,Unknown,1,6-3,4,Kennedy,1
2015,Montgomery v. Louisiana,14-280,Other,Unknown,1,6-3,4,Jr.,1
2015,Montgomery v. Louisiana,14-280,Other,Unknown,1,6-3,4,Ginsburg,1
2015,Montgomery v. Louisiana,14-280,Other,Unknown,1,6-3,4,Breyer,1
2015,Montgomery v. Louisiana,14-280,Other,Unknown,1,6-3,4,Sotomayor,1
2015,Montgomery v. Louisiana,14-280,Other,Unknown,1,6-3,4,Kagan,1
2015,Montgomery v. Louisiana,14-280,Other,Unknown,1,6-3,4,Scalia,0
2015,Montgomery v. Louisiana,14-280,Other,Unknown,1,6-3,4,Thomas,0
2015,Montgomery v. Louisiana,14-280,Other,Unknown,1,6-3,4,Jr.,0
2015,"DIRECTV, Inc. v. Imburgia",14-462,Other,Unknown,1,6-3,4,Breyer,1
2015,"DIRECTV, Inc. v. Imburgia",14-462,Other,Unknown,1,6-3,4,Jr.,1
2015,"DIRECTV, Inc. v. Imburgia",14-462,Other,Unknown,1,6-3,4,Scalia,1
2015,"DIRECTV, Inc. v. Imburgia",14-462,Other,Unknown,1,6-3,4,Kennedy,1
2015,"DIRECTV, Inc. v. Imburgia",14-462,Other,Unknown,1,6-3,4,Jr.,1
2015,"DIRECTV, Inc. v. Imburgia",14-462,Other,Unknown,1,6-3,4,Kagan,1
2015,"DIRECTV, Inc. v. Imburgia",14-462,Other,Unknown,1,6-3,4,Thomas,0
2015,"DIRECTV, Inc. v. Imburgia",14-462,Other,Unknown,1,6-3,4,Ginsburg,0
2015,"DIRECTV, Inc. v. Imburgia",14-462,Other,Unknown,1,6-3,4,Sotomayor,0
2015,Montanile v. Board of Trustees of the National Elevator Industrial Health Benefit Plan,14-723,11th Circuit,Unknown,1,8-1,4,Thomas,1
2015,Montanile v. Board of Trustees of the National Elevator Industrial Health Benefit Plan,14-723,11th Circuit,Unknown,1,8-1,4,Jr.,1
2015,Montanile v. Board of Trustees of the National Elevator Industrial Health Benefit Plan,14-723,11th Circuit,Unknown,1,8-1,4,Scalia,1
2015,Montanile v. Board of Trustees of the National Elevator Industrial Health Benefit Plan,14-723,11th Circuit,Unknown,1,8-1,4,Kennedy,1
2015,Montanile v. Board of Trustees of the National Elevator Industrial Health Benefit Plan,14-723,11th Circuit,Unknown,1,8-1,4,Breyer,1
2015,Montanile v. Board of Trustees of the National Elevator Industrial Health Benefit Plan,14-723,11th Circuit,Unknown,1,8-1,4,Sotomayor,1
2015,Montanile v. Board of Trustees of the National Elevator Industrial Health Benefit Plan,14-723,11th Circuit,Unknown,1,8-1,4,Kagan,1
2015,Montanile v. Board of Trustees of the National Elevator Industrial Health Benefit Plan,14-723,11th Circuit,Unknown,1,8-1,4,Jr.,1
2015,Montanile v. Board of Trustees of the National Elevator Industrial Health Benefit Plan,14-723,11th Circuit,Unknown,1,8-1,4,Ginsburg,0
2015,Kansas v. Carr,14-449,Other,Unknown,1,8-1,4,Scalia,1
2015,Kansas v. Carr,14-449,Other,Unknown,1,8-1,4,Jr.,1
2015,Kansas v. Carr,14-449,Other,Unknown,1,8-1,4,Kennedy,1
2015,Kansas v. Carr,14-449,Other,Unknown,1,8-1,4,Thomas,1
2015,Kansas v. Carr,14-449,Other,Unknown,1,8-1,4,Ginsburg,1
2015,Kansas v. Carr,14-449,Other,Unknown,1,8-1,4,Breyer,1
2015,Kansas v. Carr,14-449,Other,Unknown,1,8-1,4,Jr.,1
2015,Kansas v. Carr,14-449,Other,Unknown,1,8-1,4,Kagan,1
2015,Kansas v. Carr,14-449,Other,Unknown,1,8-1,4,Sotomayor,0
2015,Kansas v. Carr,14-449,Other,Unknown,1,8-1,4,Scalia,1
2015,Kansas v. Carr,14-449,Other,Unknown,1,8-1,4,Jr.,1
2015,Kansas v. Carr,14-449,Other,Unknown,1,8-1,4,Kennedy,1
2015,Kansas v. Carr,14-449,Other,Unknown,1,8-1,4,Thomas,1
2015,Kansas v. Carr,14-449,Other,Unknown,1,8-1,4,Ginsburg,1
2015,Kansas v. Carr,14-449,Other,Unknown,1,8-1,4,Breyer,1
2015,Kansas v. Carr,14-449,Other,Unknown,1,8-1,4,Jr.,1
2015,Kansas v. Carr,14-449,Other,Unknown,1,8-1,4,Kagan,1
2015,Kansas v. Carr,14-449,Other,Unknown,1,8-1,4,Sotomayor,0
2015,"Spokeo, Inc. v. Robins",13-1339,9th Circuit,Unknown,1,6-3,4,Jr.,1
2015,"Spokeo, Inc. v. Robins",13-1339,9th Circuit,Unknown,1,6-3,4,Jr.,1
2015,"Spokeo, Inc. v. Robins",13-1339,9th Circuit,Unknown,1,6-3,4,Kennedy,1
2015,"Spokeo, Inc. v. Robins",13-1339,9th Circuit,Unknown,1,6-3,4,Thomas,1
2015,"Spokeo, Inc. v. Robins",13-1339,9th Circuit,Unknown,1,6-3,4,Breyer,1
2015,"Spokeo, Inc. v. Robins",13-1339,9th Circuit,Unknown,1,6-3,4,Kagan,1
2015,"Spokeo, Inc. v. Robins",13-1339,9th Circuit,Unknown,1,6-3,4,Ginsburg,0
2015,"Spokeo, Inc. v. Robins",13-1339,9th Circuit,Unknown,1,6-3,4,Sotomayor,0
2015,Green v. Brennan,14-613,10th Circuit,Unknown,1,7-2,4,Sotomayor,1
2015,Green v. Brennan,14-613,10th Circuit,Unknown,1,7-2,4,Jr.,1
2015,Green v. Brennan,14-613,10th Circuit,Unknown,1,7-2,4,Kennedy,1
2015,Green v. Brennan,14-613,10th Circuit,Unknown,1,7-2,4,Ginsburg,1
2015,Green v. Brennan,14-613,10th Circuit,Unknown,1,7-2,4,Breyer,1
2015,Green v. Brennan,14-613,10th Circuit,Unknown,1,7-2,4,Kagan,1
2015,Green v. Brennan,14-613,10th Circuit,Unknown,1,7-2,4,Jr.,1
2015,Green v. Brennan,14-613,10th Circuit,Unknown,1,7-2,4,Thomas,0
2015,Campbell-Ewald Company v. Gomez,14-857,9th Circuit,Unknown,0,6-3,4,Ginsburg,1
2015,Campbell-Ewald Company v. Gomez,14-857,9th Circuit,Unknown,0,6-3,4,Kennedy,1
2015,Campbell-Ewald Company v. Gomez,14-857,9th Circuit,Unknown,0,6-3,4,Breyer,1
2015,Campbell-Ewald Company v. Gomez,14-857,9th Circuit,Unknown,0,6-3,4,Sotomayor,1
2015,Campbell-Ewald Company v. Gomez,14-857,9th Circuit,Unknown,0,6-3,4,Kagan,1
2015,Campbell-Ewald Company v. Gomez,14-857,9th Circuit,Unknown,0,6-3,4,Thomas,1
2015,Campbell-Ewald Company v. Gomez,14-857,9th Circuit,Unknown,0,6-3,4,Jr.,0
2015,Campbell-Ewald Company v. Gomez,14-857,9th Circuit,Unknown,0,6-3,4,Scalia,0
2015,Campbell-Ewald Company v. Gomez,14-857,9th Circuit,Unknown,0,6-3,4,Jr.,0
2015,Evenwel v. Abbott,14-940,Other,Unknown,0,8-1,4,Ginsburg,1
2015,Evenwel v. Abbott,14-940,Other,Unknown,0,8-1,4,Jr.,1
2015,Evenwel v. Abbott,14-940,Other,Unknown,0,8-1,4,Kennedy,1
2015,Evenwel v. Abbott,14-940,Other,Unknown,0,8-1,4,Breyer,1
2015,Evenwel v. Abbott,14-940,Other,Unknown,0,8-1,4,Sotomayor,1
2015,Evenwel v. Abbott,14-940,Other,Unknown,0,8-1,4,Kagan,1
2015,Evenwel v. Abbott,14-940,Other,Unknown,0,8-1,4,Thomas,1
2015,Evenwel v. Abbott,14-940,Other,Unknown,0,8-1,4,Jr.,1
2015,Luis v. United States,14-419,11th Circuit,Unknown,1,5-4,4,Breyer,1
2015,Luis v. United States,14-419,11th Circuit,Unknown,1,5-4,4,Jr.,1
2015,Luis v. United States,14-419,11th Circuit,Unknown,1,5-4,4,Ginsburg,1
2015,Luis v. United States,14-419,11th Circuit,Unknown,1,5-4,4,Sotomayor,1
2015,Luis v. United States,14-419,11th Circuit,Unknown,1,5-4,4,Thomas,1
2015,Luis v. United States,14-419,11th Circuit,Unknown,1,5-4,4,Kennedy,0
2015,Luis v. United States,14-419,11th Circuit,Unknown,1,5-4,4,Jr.,0
2015,Luis v. United States,14-419,11th Circuit,Unknown,1,5-4,4,Kagan,0
2015,Shapiro v. McManus,14-990,4th Circuit,Unknown,1,9-0,4,Scalia,1
2015,Shapiro v. McManus,14-990,4th Circuit,Unknown,1,9-0,4,Jr.,1
2015,Shapiro v. McManus,14-990,4th Circuit,Unknown,1,9-0,4,Kennedy,1
2015,Shapiro v. McManus,14-990,4th Circuit,Unknown,1,9-0,4,Thomas,1
2015,Shapiro v. McManus,14-990,4th Circuit,Unknown,1,9-0,4,Ginsburg,1
2015,Shapiro v. McManus,14-990,4th Circuit,Unknown,1,9-0,4,Jr.,1
2015,Shapiro v. McManus,14-990,4th Circuit,Unknown,1,9-0,4,Breyer,1
2015,Shapiro v. McManus,14-990,4th Circuit,Unknown,1,9-0,4,Sotomayor,1
2015,Shapiro v. McManus,14-990,4th Circuit,Unknown,1,9-0,4,Kagan,1
2015,Bruce v. Samuels,14-844,Other,Unknown,0,9-0,4,Ginsburg,1
2015,Bruce v. Samuels,14-844,Other,Unknown,0,9-0,4,Jr.,1
2015,Bruce v. Samuels,14-844,Other,Unknown,0,9-0,4,Scalia,1
2015,Bruce v. Samuels,14-844,Other,Unknown,0,9-0,4,Kennedy,1
2015,Bruce v. Samuels,14-844,Other,Unknown,0,9-0,4,Thomas,1
2015,Bruce v. Samuels,14-844,Other,Unknown,0,9-0,4,Breyer,1
2015,Bruce v. Samuels,14-844,Other,Unknown,0,9-0,4,Jr.,1
2015,Bruce v. Samuels,14-844,Other,Unknown,0,9-0,4,Sotomayor,1
2015,Bruce v. Samuels,14-844,Other,Unknown,0,9-0,4,Kagan,1
2015,Foster v. Chatman,14-8349,Other,Unknown,1,7-2,4,Jr.,1
2015,Foster v. Chatman,14-8349,Other,Unknown,1,7-2,4,Kennedy,1
2015,Foster v. Chatman,14-8349,Other,Unknown,1,7-2,4,Ginsburg,1
2015,Foster v. Chatman,14-8349,Other,Unknown,1,7-2,4,Breyer,1
2015,Foster v. Chatman,14-8349,Other,Unknown,1,7-2,4,Sotomayor,1
2015,Foster v. Chatman,14-8349,Other,Unknown,1,7-2,4,Kagan,1
2015,Foster v. Chatman,14-8349,Other,Unknown,1,7-2,4,Jr.,1
2015,Foster v. Chatman,14-8349,Other,Unknown,1,7-2,4,Thomas,0
2015,Gobeille v. Liberty Mutual Insurance Co.,14-181,2nd Circuit,Unknown,0,6-3,4,Kennedy,1
2015,Gobeille v. Liberty Mutual Insurance Co.,14-181,2nd Circuit,Unknown,0,6-3,4,Jr.,1
2015,Gobeille v. Liberty Mutual Insurance Co.,14-181,2nd Circuit,Unknown,0,6-3,4,Thomas,1
2015,Gobeille v. Liberty Mutual Insurance Co.,14-181,2nd Circuit,Unknown,0,6-3,4,Breyer,1
2015,Gobeille v. Liberty Mutual Insurance Co.,14-181,2nd Circuit,Unknown,0,6-3,4,Jr.,1
2015,Gobeille v. Liberty Mutual Insurance Co.,14-181,2nd Circuit,Unknown,0,6-3,4,Kagan,1
2015,Gobeille v. Liberty Mutual Insurance Co.,14-181,2nd Circuit,Unknown,0,6-3,4,Ginsburg,0
2015,Gobeille v. Liberty Mutual Insurance Co.,14-181,2nd Circuit,Unknown,0,6-3,4,Sotomayor,0
2015,Harris v. Arizona Independent Redistricting Commission,14-232,Other,Unknown,0,8-1,4,Breyer,1
2015,Harris v. Arizona Independent Redistricting Commission,14-232,Other,Unknown,0,8-1,4,Jr.,1
2015,Harris v. Arizona Independent Redistricting Commission,14-232,Other,Unknown,0,8-1,4,Kennedy,1
2015,Harris v. Arizona Independent Redistricting Commission,14-232,Other,Unknown,0,8-1,4,Thomas,1
2015,Harris v. Arizona Independent Redistricting Commission,14-232,Other,Unknown,0,8-1,4,Ginsburg,1
2015,Harris v. Arizona Independent Redistricting Commission,14-232,Other,Unknown,0,8-1,4,Jr.,1
2015,Harris v. Arizona Independent Redistricting Commission,14-232,Other,Unknown,0,8-1,4,Sotomayor,1
2015,Harris v. Arizona Independent Redistricting Commission,14-232,Other,Unknown,0,8-1,4,Kagan,1
2015,"Kingdomware Technologies, Inc. v. United States",14-916,Federal Circuit,Unknown,1,8-1,4,Thomas,1
2015,"Kingdomware Technologies, Inc. v. United States",14-916,Federal Circuit,Unknown,1,8-1,4,Jr.,1
2015,"Kingdomware Technologies, Inc. v. United States",14-916,Federal Circuit,Unknown,1,8-1,4,Kennedy,1
2015,"Kingdomware Technologies, Inc. v. United States",14-916,Federal Circuit,Unknown,1,8-1,4,Ginsburg,1
2015,"Kingdomware Technologies, Inc. v. United States",14-916,Federal Circuit,Unknown,1,8-1,4,Breyer,1
2015,"Kingdomware Technologies, Inc. v. United States",14-916,Federal Circuit,Unknown,1,8-1,4,Jr.,1
2015,"Kingdomware Technologies, Inc. v. United States",14-916,Federal Circuit,Unknown,1,8-1,4,Sotomayor,1
2015,"Kingdomware Technologies, Inc. v. United States",14-916,Federal Circuit,Unknown,1,8-1,4,Kagan,1
2015,Lockhart v. United States,14-8358,2nd Circuit,Unknown,0,6-3,4,Sotomayor,1
2015,Lockhart v. United States,14-8358,2nd Circuit,Unknown,0,6-3,4,Jr.,1
2015,Lockhart v. United States,14-8358,2nd Circuit,Unknown,0,6-3,4,Kennedy,1
2015,Lockhart v. United States,14-8358,2nd Circuit,Unknown,0,6-3,4,Thomas,1
2015,Lockhart v. United States,14-8358,2nd Circuit,Unknown,0,6-3,4,Ginsburg,1
2015,Lockhart v. United States,14-8358,2nd Circuit,Unknown,0,6-3,4,Jr.,1
2015,Lockhart v. United States,14-8358,2nd Circuit,Unknown,0,6-3,4,Kagan,0
2015,Lockhart v. United States,14-8358,2nd Circuit,Unknown,0,6-3,4,Breyer,0
2015,Menominee Indian Tribe of Wisconsin v. United States,14-510,Other,Unknown,0,9-0,4,Jr.,1
2015,Menominee Indian Tribe of Wisconsin v. United States,14-510,Other,Unknown,0,9-0,4,Jr.,1
2015,Menominee Indian Tribe of Wisconsin v. United States,14-510,Other,Unknown,0,9-0,4,Scalia,1
2015,Menominee Indian Tribe of Wisconsin v. United States,14-510,Other,Unknown,0,9-0,4,Kennedy,1
2015,Menominee Indian Tribe of Wisconsin v. United States,14-510,Other,Unknown,0,9-0,4,Thomas,1
2015,Menominee Indian Tribe of Wisconsin v. United States,14-510,Other,Unknown,0,9-0,4,Ginsburg,1
2015,Menominee Indian Tribe of Wisconsin v. United States,14-510,Other,Unknown,0,9-0,4,Breyer,1
2015,Menominee Indian Tribe of Wisconsin v. United States,14-510,Other,Unknown,0,9-0,4,Sotomayor,1
2015,Menominee Indian Tribe of Wisconsin v. United States,14-510,Other,Unknown,0,9-0,4,Kagan,1
2015,"Merrill Lynch, Pierce, Fenner & Smith, Inc. v. Manning",14-1132,3rd Circuit,Unknown,0,8-1,4,Kagan,1
2015,"Merrill Lynch, Pierce, Fenner & Smith, Inc. v. Manning",14-1132,3rd Circuit,Unknown,0,8-1,4,Jr.,1
2015,"Merrill Lynch, Pierce, Fenner & Smith, Inc. v. Manning",14-1132,3rd Circuit,Unknown,0,8-1,4,Kennedy,1
2015,"Merrill Lynch, Pierce, Fenner & Smith, Inc. v. Manning",14-1132,3rd Circuit,Unknown,0,8-1,4,Ginsburg,1
2015,"Merrill Lynch, Pierce, Fenner & Smith, Inc. v. Manning",14-1132,3rd Circuit,Unknown,0,8-1,4,Breyer,1
2015,"Merrill Lynch, Pierce, Fenner & Smith, Inc. v. Manning",14-1132,3rd Circuit,Unknown,0,8-1,4,Jr.,1
2015,"Merrill Lynch, Pierce, Fenner & Smith, Inc. v. Manning",14-1132,3rd Circuit,Unknown,0,8-1,4,Thomas,1
2015,"Merrill Lynch, Pierce, Fenner & Smith, Inc. v. Manning",14-1132,3rd Circuit,Unknown,0,8-1,4,Sotomayor,1
2015,Musacchio v. United States,14-1095,5th Circuit,Unknown,0,9-0,4,Thomas,1
2015,Musacchio v. United States,14-1095,5th Circuit,Unknown,0,9-0,4,Jr.,1
2015,Musacchio v. United States,14-1095,5th Circuit,Unknown,0,9-0,4,Scalia,1
2015,Musacchio v. United States,14-1095,5th Circuit,Unknown,0,9-0,4,Ginsburg,1
2015,Musacchio v. United States,14-1095,5th Circuit,Unknown,0,9-0,4,Breyer,1
2015,Musacchio v. United States,14-1095,5th Circuit,Unknown,0,9-0,4,Kennedy,1
2015,Musacchio v. United States,14-1095,5th Circuit,Unknown,0,9-0,4,Jr.,1
2015,Musacchio v. United States,14-1095,5th Circuit,Unknown,0,9-0,4,Sotomayor,1
2015,Musacchio v. United States,14-1095,5th Circuit,Unknown,0,9-0,4,Kagan,1
2015,Musacchio v. United States,14-1095,5th Circuit,Unknown,0,9-0,4,Thomas,1
2015,Musacchio v. United States,14-1095,5th Circuit,Unknown,0,9-0,4,Jr.,1
2015,Musacchio v. United States,14-1095,5th Circuit,Unknown,0,9-0,4,Scalia,1
2015,Musacchio v. United States,14-1095,5th Circuit,Unknown,0,9-0,4,Kennedy,1
2015,Musacchio v. United States,14-1095,5th Circuit,Unknown,0,9-0,4,Ginsburg,1
2015,Musacchio v. United States,14-1095,5th Circuit,Unknown,0,9-0,4,Breyer,1
2015,Musacchio v. United States,14-1095,5th Circuit,Unknown,0,9-0,4,Jr.,1
2015,Musacchio v. United States,14-1095,5th Circuit,Unknown,0,9-0,4,Sotomayor,1
2015,Musacchio v. United States,14-1095,5th Circuit,Unknown,0,9-0,4,Kagan,1
2015,Luna Torres v. Lynch,14-1096,2nd Circuit,Unknown,0,5-4,4,Kagan,1
2015,Luna Torres v. Lynch,14-1096,2nd Circuit,Unknown,0,5-4,4,Jr.,1
2015,Luna Torres v. Lynch,14-1096,2nd Circuit,Unknown,0,5-4,4,Kennedy,1
2015,Luna Torres v. Lynch,14-1096,2nd Circuit,Unknown,0,5-4,4,Ginsburg,1
2015,Luna Torres v. Lynch,14-1096,2nd Circuit,Unknown,0,5-4,4,Jr.,1
2015,Luna Torres v. Lynch,14-1096,2nd Circuit,Unknown,0,5-4,4,Sotomayor,0
2015,Luna Torres v. Lynch,14-1096,2nd Circuit,Unknown,0,5-4,4,Thomas,0
2015,Luna Torres v. Lynch,14-1096,2nd Circuit,Unknown,0,5-4,4,Breyer,0
2015,"Tyson Foods, Inc. v. Bouaphakeo",14-1146,8th Circuit,Unknown,0,6-3,4,Kennedy,1
2015,"Tyson Foods, Inc. v. Bouaphakeo",14-1146,8th Circuit,Unknown,0,6-3,4,Jr.,1
2015,"Tyson Foods, Inc. v. Bouaphakeo",14-1146,8th Circuit,Unknown,0,6-3,4,Ginsburg,1
2015,"Tyson Foods, Inc. v. Bouaphakeo",14-1146,8th Circuit,Unknown,0,6-3,4,Breyer,1
2015,"Tyson Foods, Inc. v. Bouaphakeo",14-1146,8th Circuit,Unknown,0,6-3,4,Sotomayor,1
2015,"Tyson Foods, Inc. v. Bouaphakeo",14-1146,8th Circuit,Unknown,0,6-3,4,Kagan,1
2015,"Tyson Foods, Inc. v. Bouaphakeo",14-1146,8th Circuit,Unknown,0,6-3,4,Jr.,0
2015,"Tyson Foods, Inc. v. Bouaphakeo",14-1146,8th Circuit,Unknown,0,6-3,4,Thomas,0
2015,OBB Personenverkehr AG v. Sachs,13-1067,9th Circuit,Unknown,1,9-0,4,Jr.,1
2015,OBB Personenverkehr AG v. Sachs,13-1067,9th Circuit,Unknown,1,9-0,4,Scalia,1
2015,OBB Personenverkehr AG v. Sachs,13-1067,9th Circuit,Unknown,1,9-0,4,Kennedy,1
2015,OBB Personenverkehr AG v. Sachs,13-1067,9th Circuit,Unknown,1,9-0,4,Thomas,1
2015,OBB Personenverkehr AG v. Sachs,13-1067,9th Circuit,Unknown,1,9-0,4,Ginsburg,1
2015,OBB Personenverkehr AG v. Sachs,13-1067,9th Circuit,Unknown,1,9-0,4,Breyer,1
2015,OBB Personenverkehr AG v. Sachs,13-1067,9th Circuit,Unknown,1,9-0,4,Jr.,1
2015,OBB Personenverkehr AG v. Sachs,13-1067,9th Circuit,Unknown,1,9-0,4,Sotomayor,1
2015,OBB Personenverkehr AG v. Sachs,13-1067,9th Circuit,Unknown,1,9-0,4,Kagan,1
2015,Ocasio v. United States,14-361,4th Circuit,Unknown,0,5-4,4,Jr.,1
2015,Ocasio v. United States,14-361,4th Circuit,Unknown,0,5-4,4,Kennedy,1
2015,Ocasio v. United States,14-361,4th Circuit,Unknown,0,5-4,4,Ginsburg,1
2015,Ocasio v. United States,14-361,4th Circuit,Unknown,0,5-4,4,Breyer,1
2015,Ocasio v. United States,14-361,4th Circuit,Unknown,0,5-4,4,Kagan,1
2015,Ocasio v. United States,14-361,4th Circuit,Unknown,0,5-4,4,Thomas,0
2015,Ocasio v. United States,14-361,4th Circuit,Unknown,0,5-4,4,Sotomayor,0
2015,Ocasio v. United States,14-361,4th Circuit,Unknown,0,5-4,4,Jr.,0
2015,Wittman v. Personhuballah,14-1504,Other,Unknown,0,8-1,4,Breyer,1
2015,Wittman v. Personhuballah,14-1504,Other,Unknown,0,8-1,4,Jr.,1
2015,Wittman v. Personhuballah,14-1504,Other,Unknown,0,8-1,4,Kennedy,1
2015,Wittman v. Personhuballah,14-1504,Other,Unknown,0,8-1,4,Thomas,1
2015,Wittman v. Personhuballah,14-1504,Other,Unknown,0,8-1,4,Ginsburg,1
2015,Wittman v. Personhuballah,14-1504,Other,Unknown,0,8-1,4,Jr.,1
2015,Wittman v. Personhuballah,14-1504,Other,Unknown,0,8-1,4,Sotomayor,1
2015,Wittman v. Personhuballah,14-1504,Other,Unknown,0,8-1,4,Kagan,1
2015,Taylor v. United States,14-6166,4th Circuit,Unknown,0,7-2,4,Jr.,1
2015,Taylor v. United States,14-6166,4th Circuit,Unknown,0,7-2,4,Jr.,1
2015,Taylor v. United States,14-6166,4th Circuit,Unknown,0,7-2,4,Kennedy,1
2015,Taylor v. United States,14-6166,4th Circuit,Unknown,0,7-2,4,Ginsburg,1
2015,Taylor v. United States,14-6166,4th Circuit,Unknown,0,7-2,4,Breyer,1
2015,Taylor v. United States,14-6166,4th Circuit,Unknown,0,7-2,4,Sotomayor,1
2015,Taylor v. United States,14-6166,4th Circuit,Unknown,0,7-2,4,Kagan,1
2015,Taylor v. United States,14-6166,4th Circuit,Unknown,0,7-2,4,Thomas,0
2015,Molina-Martinez v. United States,14-8913,5th Circuit,Unknown,1,8-1,4,Kennedy,1
2015,Molina-Martinez v. United States,14-8913,5th Circuit,Unknown,1,8-1,4,Jr.,1
2015,Molina-Martinez v. United States,14-8913,5th Circuit,Unknown,1,8-1,4,Ginsburg,1
2015,Molina-Martinez v. United States,14-8913,5th Circuit,Unknown,1,8-1,4,Breyer,1
2015,Molina-Martinez v. United States,14-8913,5th Circuit,Unknown,1,8-1,4,Sotomayor,1
2015,Molina-Martinez v. United States,14-8913,5th Circuit,Unknown,1,8-1,4,Kagan,1
2015,Molina-Martinez v. United States,14-8913,5th Circuit,Unknown,1,8-1,4,Jr.,1
2015,Molina-Martinez v. United States,14-8913,5th Circuit,Unknown,1,8-1,4,Thomas,1
2015,RJR Nabisco v. The European Community,15-138,2nd Circuit,Unknown,1,7-2,4,Jr.,1
2015,RJR Nabisco v. The European Community,15-138,2nd Circuit,Unknown,1,7-2,4,Jr.,1
2015,RJR Nabisco v. The European Community,15-138,2nd Circuit,Unknown,1,7-2,4,Kennedy,1
2015,RJR Nabisco v. The European Community,15-138,2nd Circuit,Unknown,1,7-2,4,Thomas,1
2015,RJR Nabisco v. The European Community,15-138,2nd Circuit,Unknown,1,7-2,4,Ginsburg,1
2015,RJR Nabisco v. The European Community,15-138,2nd Circuit,Unknown,1,7-2,4,Breyer,1
2015,RJR Nabisco v. The European Community,15-138,2nd Circuit,Unknown,1,7-2,4,Sotomayor,0
2015,RJR Nabisco v. The European Community,15-138,2nd Circuit,Unknown,1,7-2,4,Kagan,1
2015,Utah v. Strieff,14-1373,Other,Unknown,1,5-4,4,Thomas,1
2015,Utah v. Strieff,14-1373,Other,Unknown,1,5-4,4,Jr.,1
2015,Utah v. Strieff,14-1373,Other,Unknown,1,5-4,4,Kennedy,1
2015,Utah v. Strieff,14-1373,Other,Unknown,1,5-4,4,Breyer,1
2015,Utah v. Strieff,14-1373,Other,Unknown,1,5-4,4,Jr.,1
2015,Utah v. Strieff,14-1373,Other,Unknown,1,5-4,4,Sotomayor,0
2015,Utah v. Strieff,14-1373,Other,Unknown,1,5-4,4,Ginsburg,0
2015,Utah v. Strieff,14-1373,Other,Unknown,1,5-4,4,Kagan,0
2015,"Americold Realty Trust v. Conagra Foods, Inc., et al.",14-1382,10th Circuit,Unknown,0,8-1,4,Sotomayor,1
2015,"Americold Realty Trust v. Conagra Foods, Inc., et al.",14-1382,10th Circuit,Unknown,0,8-1,4,Jr.,1
2015,"Americold Realty Trust v. Conagra Foods, Inc., et al.",14-1382,10th Circuit,Unknown,0,8-1,4,Kennedy,1
2015,"Americold Realty Trust v. Conagra Foods, Inc., et al.",14-1382,10th Circuit,Unknown,0,8-1,4,Thomas,1
2015,"Americold Realty Trust v. Conagra Foods, Inc., et al.",14-1382,10th Circuit,Unknown,0,8-1,4,Ginsburg,1
2015,"Americold Realty Trust v. Conagra Foods, Inc., et al.",14-1382,10th Circuit,Unknown,0,8-1,4,Breyer,1
2015,"Americold Realty Trust v. Conagra Foods, Inc., et al.",14-1382,10th Circuit,Unknown,0,8-1,4,Jr.,1
2015,"Americold Realty Trust v. Conagra Foods, Inc., et al.",14-1382,10th Circuit,Unknown,0,8-1,4,Kagan,1
2015,Nebraska v. Parker,14-1406,8th Circuit,Unknown,0,8-1,4,Thomas,1
2015,Nebraska v. Parker,14-1406,8th Circuit,Unknown,0,8-1,4,Jr.,1
2015,Nebraska v. Parker,14-1406,8th Circuit,Unknown,0,8-1,4,Kennedy,1
2015,Nebraska v. Parker,14-1406,8th Circuit,Unknown,0,8-1,4,Ginsburg,1
2015,Nebraska v. Parker,14-1406,8th Circuit,Unknown,0,8-1,4,Breyer,1
2015,Nebraska v. Parker,14-1406,8th Circuit,Unknown,0,8-1,4,Jr.,1
2015,Nebraska v. Parker,14-1406,8th Circuit,Unknown,0,8-1,4,Sotomayor,1
2015,Nebraska v. Parker,14-1406,8th Circuit,Unknown,0,8-1,4,Kagan,1
2015,Bank Markazi v. Peterson,14-770,2nd Circuit,Unknown,0,6-3,4,Ginsburg,1
2015,Bank Markazi v. Peterson,14-770,2nd Circuit,Unknown,0,6-3,4,Kennedy,1
2015,Bank Markazi v. Peterson,14-770,2nd Circuit,Unknown,0,6-3,4,Breyer,1
2015,Bank Markazi v. Peterson,14-770,2nd Circuit,Unknown,0,6-3,4,Jr.,1
2015,Bank Markazi v. Peterson,14-770,2nd Circuit,Unknown,0,6-3,4,Kagan,1
2015,Bank Markazi v. Peterson,14-770,2nd Circuit,Unknown,0,6-3,4,Thomas,1
2015,Bank Markazi v. Peterson,14-770,2nd Circuit,Unknown,0,6-3,4,Jr.,0
2015,Bank Markazi v. Peterson,14-770,2nd Circuit,Unknown,0,6-3,4,Sotomayor,0
2015,Sturgeon v. Frost,14-1209,9th Circuit,Unknown,1,8-1,4,Jr.,1
2015,Sturgeon v. Frost,14-1209,9th Circuit,Unknown,1,8-1,4,Kennedy,1
2015,Sturgeon v. Frost,14-1209,9th Circuit,Unknown,1,8-1,4,Thomas,1
2015,Sturgeon v. Frost,14-1209,9th Circuit,Unknown,1,8-1,4,Ginsburg,1
2015,Sturgeon v. Frost,14-1209,9th Circuit,Unknown,1,8-1,4,Breyer,1
2015,Sturgeon v. Frost,14-1209,9th Circuit,Unknown,1,8-1,4,Jr.,1
2015,Sturgeon v. Frost,14-1209,9th Circuit,Unknown,1,8-1,4,Sotomayor,1
2015,Sturgeon v. Frost,14-1209,9th Circuit,Unknown,1,8-1,4,Kagan,1
2015,Heffernan v. City of Paterson,14-1280,3rd Circuit,Unknown,1,6-3,4,Breyer,1
2015,Heffernan v. City of Paterson,14-1280,3rd Circuit,Unknown,1,6-3,4,Jr.,1
2015,Heffernan v. City of Paterson,14-1280,3rd Circuit,Unknown,1,6-3,4,Kennedy,1
2015,Heffernan v. City of Paterson,14-1280,3rd Circuit,Unknown,1,6-3,4,Ginsburg,1
2015,Heffernan v. City of Paterson,14-1280,3rd Circuit,Unknown,1,6-3,4,Sotomayor,1
2015,Heffernan v. City of Paterson,14-1280,3rd Circuit,Unknown,1,6-3,4,Kagan,1
2015,Heffernan v. City of Paterson,14-1280,3rd Circuit,Unknown,1,6-3,4,Thomas,0
2015,Heffernan v. City of Paterson,14-1280,3rd Circuit,Unknown,1,6-3,4,Jr.,0
2015,Williams v. Pennsylvania,15-5040,State Supreme Court,Unknown,1,5-4,4,Kennedy,1
2015,Williams v. Pennsylvania,15-5040,State Supreme Court,Unknown,1,5-4,4,Ginsburg,1
2015,Williams v. Pennsylvania,15-5040,State Supreme Court,Unknown,1,5-4,4,Breyer,1
2015,Williams v. Pennsylvania,15-5040,State Supreme Court,Unknown,1,5-4,4,Sotomayor,1
2015,Williams v. Pennsylvania,15-5040,State Supreme Court,Unknown,1,5-4,4,Kagan,1
2015,Williams v. Pennsylvania,15-5040,State Supreme Court,Unknown,1,5-4,4,Jr.,0
2015,Williams v. Pennsylvania,15-5040,State Supreme Court,Unknown,1,5-4,4,Jr.,0
2015,Williams v. Pennsylvania,15-5040,State Supreme Court,Unknown,1,5-4,4,Thomas,0
2015,Puerto Rico v. Sanchez Valle,15-108,State Supreme Court,Unknown,0,6-3,4,Kagan,1
2015,Puerto Rico v. Sanchez Valle,15-108,State Supreme Court,Unknown,0,6-3,4,Jr.,1
2015,Puerto Rico v. Sanchez Valle,15-108,State Supreme Court,Unknown,0,6-3,4,Kennedy,1
2015,Puerto Rico v. Sanchez Valle,15-108,State Supreme Court,Unknown,0,6-3,4,Ginsburg,1
2015,Puerto Rico v. Sanchez Valle,15-108,State Supreme Court,Unknown,0,6-3,4,Jr.,1
2015,Puerto Rico v. Sanchez Valle,15-108,State Supreme Court,Unknown,0,6-3,4,Thomas,1
2015,Puerto Rico v. Sanchez Valle,15-108,State Supreme Court,Unknown,0,6-3,4,Breyer,0
2015,Puerto Rico v. Sanchez Valle,15-108,State Supreme Court,Unknown,0,6-3,4,Sotomayor,0
2015,"Hughes v. Talen Energy Marketing, LLC",14-614,4th Circuit,Unknown,0,8-1,4,Ginsburg,1
2015,"Hughes v. Talen Energy Marketing, LLC",14-614,4th Circuit,Unknown,0,8-1,4,Jr.,1
2015,"Hughes v. Talen Energy Marketing, LLC",14-614,4th Circuit,Unknown,0,8-1,4,Kennedy,1
2015,"Hughes v. Talen Energy Marketing, LLC",14-614,4th Circuit,Unknown,0,8-1,4,Breyer,1
2015,"Hughes v. Talen Energy Marketing, LLC",14-614,4th Circuit,Unknown,0,8-1,4,Jr.,1
2015,"Hughes v. Talen Energy Marketing, LLC",14-614,4th Circuit,Unknown,0,8-1,4,Sotomayor,1
2015,"Hughes v. Talen Energy Marketing, LLC",14-614,4th Circuit,Unknown,0,8-1,4,Kagan,1
2015,"Hughes v. Talen Energy Marketing, LLC",14-614,4th Circuit,Unknown,0,8-1,4,Thomas,1
2015,Franchise Tax Board of California v. Hyatt,14-1175,State Supreme Court,Unknown,0,6-3,4,Breyer,1
2015,Franchise Tax Board of California v. Hyatt,14-1175,State Supreme Court,Unknown,0,6-3,4,Kennedy,1
2015,Franchise Tax Board of California v. Hyatt,14-1175,State Supreme Court,Unknown,0,6-3,4,Ginsburg,1
2015,Franchise Tax Board of California v. Hyatt,14-1175,State Supreme Court,Unknown,0,6-3,4,Sotomayor,1
2015,Franchise Tax Board of California v. Hyatt,14-1175,State Supreme Court,Unknown,0,6-3,4,Kagan,1
2015,Franchise Tax Board of California v. Hyatt,14-1175,State Supreme Court,Unknown,0,6-3,4,Jr.,1
2015,Franchise Tax Board of California v. Hyatt,14-1175,State Supreme Court,Unknown,0,6-3,4,Jr.,0
2015,Franchise Tax Board of California v. Hyatt,14-1175,State Supreme Court,Unknown,0,6-3,4,Thomas,0
2015,Voisine v. United States,14-10154,1st Circuit,Unknown,0,6-3,4,Kagan,1
2015,Voisine v. United States,14-10154,1st Circuit,Unknown,0,6-3,4,Jr.,1
2015,Voisine v. United States,14-10154,1st Circuit,Unknown,0,6-3,4,Kennedy,1
2015,Voisine v. United States,14-10154,1st Circuit,Unknown,0,6-3,4,Ginsburg,1
2015,Voisine v. United States,14-10154,1st Circuit,Unknown,0,6-3,4,Breyer,1
2015,Voisine v. United States,14-10154,1st Circuit,Unknown,0,6-3,4,Jr.,1
2015,Voisine v. United States,14-10154,1st Circuit,Unknown,0,6-3,4,Thomas,0
2015,Voisine v. United States,14-10154,1st Circuit,Unknown,0,6-3,4,Sotomayor,0
2015,Nichols v. United States,15-5238,10th Circuit,Unknown,1,8-1,4,Jr.,1
2015,Nichols v. United States,15-5238,10th Circuit,Unknown,1,8-1,4,Jr.,1
2015,Nichols v. United States,15-5238,10th Circuit,Unknown,1,8-1,4,Kennedy,1
2015,Nichols v. United States,15-5238,10th Circuit,Unknown,1,8-1,4,Thomas,1
2015,Nichols v. United States,15-5238,10th Circuit,Unknown,1,8-1,4,Ginsburg,1
2015,Nichols v. United States,15-5238,10th Circuit,Unknown,1,8-1,4,Breyer,1
2015,Nichols v. United States,15-5238,10th Circuit,Unknown,1,8-1,4,Sotomayor,1
2015,Nichols v. United States,15-5238,10th Circuit,Unknown,1,8-1,4,Kagan,1
2015,Husky Electronics v. Ritz,15-145,5th Circuit,Unknown,1,7-2,4,Sotomayor,1
2015,Husky Electronics v. Ritz,15-145,5th Circuit,Unknown,1,7-2,4,Jr.,1
2015,Husky Electronics v. Ritz,15-145,5th Circuit,Unknown,1,7-2,4,Kennedy,1
2015,Husky Electronics v. Ritz,15-145,5th Circuit,Unknown,1,7-2,4,Ginsburg,1
2015,Husky Electronics v. Ritz,15-145,5th Circuit,Unknown,1,7-2,4,Breyer,1
2015,Husky Electronics v. Ritz,15-145,5th Circuit,Unknown,1,7-2,4,Jr.,1
2015,Husky Electronics v. Ritz,15-145,5th Circuit,Unknown,1,7-2,4,Kagan,1
2015,Husky Electronics v. Ritz,15-145,5th Circuit,Unknown,1,7-2,4,Thomas,0
2015,Whole Woman’s Health v. Hellerstedt,15-274,5th Circuit,Unknown,1,5-4,4,Breyer,1
2015,Whole Woman’s Health v. Hellerstedt,15-274,5th Circuit,Unknown,1,5-4,4,Kennedy,1
2015,Whole Woman’s Health v. Hellerstedt,15-274,5th Circuit,Unknown,1,5-4,4,Ginsburg,1
2015,Whole Woman’s Health v. Hellerstedt,15-274,5th Circuit,Unknown,1,5-4,4,Sotomayor,1
2015,Whole Woman’s Health v. Hellerstedt,15-274,5th Circuit,Unknown,1,5-4,4,Kagan,1
2015,Whole Woman’s Health v. Hellerstedt,15-274,5th Circuit,Unknown,1,5-4,4,Thomas,0
2015,Whole Woman’s Health v. Hellerstedt,15-274,5th Circuit,Unknown,1,5-4,4,Jr.,0
2015,Whole Woman’s Health v. Hellerstedt,15-274,5th Circuit,Unknown,1,5-4,4,Jr.,0
2015,Simmons v. Himmelreich,15-109,6th Circuit,Unknown,0,8-1,4,Sotomayor,1
2015,Simmons v. Himmelreich,15-109,6th Circuit,Unknown,0,8-1,4,Jr.,1
2015,Simmons v. Himmelreich,15-109,6th Circuit,Unknown,0,8-1,4,Kennedy,1
2015,Simmons v. Himmelreich,15-109,6th Circuit,Unknown,0,8-1,4,Thomas,1
2015,Simmons v. Himmelreich,15-109,6th Circuit,Unknown,0,8-1,4,Ginsburg,1
2015,Simmons v. Himmelreich,15-109,6th Circuit,Unknown,0,8-1,4,Breyer,1
2015,Simmons v. Himmelreich,15-109,6th Circuit,Unknown,0,8-1,4,Jr.,1
2015,Simmons v. Himmelreich,15-109,6th Circuit,Unknown,0,8-1,4,Kagan,1
2015,Betterman v. Montana,14-1457,Other,Unknown,0,8-1,4,Ginsburg,1
2015,Betterman v. Montana,14-1457,Other,Unknown,0,8-1,4,Jr.,1
2015,Betterman v. Montana,14-1457,Other,Unknown,0,8-1,4,Kennedy,1
2015,Betterman v. Montana,14-1457,Other,Unknown,0,8-1,4,Thomas,1
2015,Betterman v. Montana,14-1457,Other,Unknown,0,8-1,4,Breyer,1
2015,Betterman v. Montana,14-1457,Other,Unknown,0,8-1,4,Jr.,1
2015,Betterman v. Montana,14-1457,Other,Unknown,0,8-1,4,Sotomayor,1
2015,Betterman v. Montana,14-1457,Other,Unknown,0,8-1,4,Kagan,1
2015,Puerto Rico v. Franklin California Tax-Free Trust,15-233,1st Circuit,Unknown,0,5-4,4,Thomas,1
2015,Puerto Rico v. Franklin California Tax-Free Trust,15-233,1st Circuit,Unknown,0,5-4,4,Jr.,1
2015,Puerto Rico v. Franklin California Tax-Free Trust,15-233,1st Circuit,Unknown,0,5-4,4,Kennedy,1
2015,Puerto Rico v. Franklin California Tax-Free Trust,15-233,1st Circuit,Unknown,0,5-4,4,Breyer,1
2015,Puerto Rico v. Franklin California Tax-Free Trust,15-233,1st Circuit,Unknown,0,5-4,4,Kagan,1
2015,Puerto Rico v. Franklin California Tax-Free Trust,15-233,1st Circuit,Unknown,0,5-4,4,Sotomayor,0
2015,Puerto Rico v. Franklin California Tax-Free Trust,15-233,1st Circuit,Unknown,0,5-4,4,Ginsburg,0
2015,Puerto Rico v. Franklin California Tax-Free Trust,15-233,1st Circuit,Unknown,0,5-4,4,Jr.,0
2015,"Universal Health Services, Inc. v. Escobar",15-7,1st Circuit,Unknown,1,8-1,4,Thomas,1
2015,"Universal Health Services, Inc. v. Escobar",15-7,1st Circuit,Unknown,1,8-1,4,Kennedy,1
2015,"Universal Health Services, Inc. v. Escobar",15-7,1st Circuit,Unknown,1,8-1,4,Jr.,1
2015,"Universal Health Services, Inc. v. Escobar",15-7,1st Circuit,Unknown,1,8-1,4,Ginsburg,1
2015,"Universal Health Services, Inc. v. Escobar",15-7,1st Circuit,Unknown,1,8-1,4,Breyer,1
2015,"Universal Health Services, Inc. v. Escobar",15-7,1st Circuit,Unknown,1,8-1,4,Jr.,1
2015,"Universal Health Services, Inc. v. Escobar",15-7,1st Circuit,Unknown,1,8-1,4,Sotomayor,1
2015,"Universal Health Services, Inc. v. Escobar",15-7,1st Circuit,Unknown,1,8-1,4,Kagan,1
2015,CRST Van Expedited v. EEOC,14-1375,8th Circuit,Unknown,1,8-1,4,Kennedy,1
2015,CRST Van Expedited v. EEOC,14-1375,8th Circuit,Unknown,1,8-1,4,Jr.,1
2015,CRST Van Expedited v. EEOC,14-1375,8th Circuit,Unknown,1,8-1,4,Thomas,1
2015,CRST Van Expedited v. EEOC,14-1375,8th Circuit,Unknown,1,8-1,4,Ginsburg,1
2015,CRST Van Expedited v. EEOC,14-1375,8th Circuit,Unknown,1,8-1,4,Breyer,1
2015,CRST Van Expedited v. EEOC,14-1375,8th Circuit,Unknown,1,8-1,4,Jr.,1
2015,CRST Van Expedited v. EEOC,14-1375,8th Circuit,Unknown,1,8-1,4,Sotomayor,1
2015,CRST Van Expedited v. EEOC,14-1375,8th Circuit,Unknown,1,8-1,4,Kagan,1
2015,Sheriff v. Gillie,15-338,6th Circuit,Unknown,1,8-1,4,Ginsburg,1
2015,Sheriff v. Gillie,15-338,6th Circuit,Unknown,1,8-1,4,Jr.,1
2015,Sheriff v. Gillie,15-338,6th Circuit,Unknown,1,8-1,4,Kennedy,1
2015,Sheriff v. Gillie,15-338,6th Circuit,Unknown,1,8-1,4,Thomas,1
2015,Sheriff v. Gillie,15-338,6th Circuit,Unknown,1,8-1,4,Breyer,1
2015,Sheriff v. Gillie,15-338,6th Circuit,Unknown,1,8-1,4,Jr.,1
2015,Sheriff v. Gillie,15-338,6th Circuit,Unknown,1,8-1,4,Sotomayor,1
2015,Sheriff v. Gillie,15-338,6th Circuit,Unknown,1,8-1,4,Kagan,1
2015,Ross v. Blake,15-339,4th Circuit,Unknown,1,8-1,4,Kagan,1
2015,Ross v. Blake,15-339,4th Circuit,Unknown,1,8-1,4,Jr.,1
2015,Ross v. Blake,15-339,4th Circuit,Unknown,1,8-1,4,Kennedy,1
2015,Ross v. Blake,15-339,4th Circuit,Unknown,1,8-1,4,Ginsburg,1
2015,Ross v. Blake,15-339,4th Circuit,Unknown,1,8-1,4,Jr.,1
2015,Ross v. Blake,15-339,4th Circuit,Unknown,1,8-1,4,Sotomayor,1
2015,Ross v. Blake,15-339,4th Circuit,Unknown,1,8-1,4,Thomas,1
2015,Ross v. Blake,15-339,4th Circuit,Unknown,1,8-1,4,Breyer,1
2015,Birchfield v. North Dakota,14-1468,Other,Unknown,0,6-3,4,Jr.,1
2015,Birchfield v. North Dakota,14-1468,Other,Unknown,0,6-3,4,Jr.,1
2015,Birchfield v. North Dakota,14-1468,Other,Unknown,0,6-3,4,Kennedy,1
2015,Birchfield v. North Dakota,14-1468,Other,Unknown,0,6-3,4,Breyer,1
2015,Birchfield v. North Dakota,14-1468,Other,Unknown,0,6-3,4,Kagan,1
2015,Birchfield v. North Dakota,14-1468,Other,Unknown,0,6-3,4,Sotomayor,0
2015,Birchfield v. North Dakota,14-1468,Other,Unknown,0,6-3,4,Ginsburg,0
2015,Birchfield v. North Dakota,14-1468,Other,Unknown,0,6-3,4,Thomas,1
2015,Birchfield v. North Dakota,14-1468,Other,Unknown,0,7-2,4,Jr.,1
2015,Birchfield v. North Dakota,14-1468,Other,Unknown,0,7-2,4,Kennedy,1
2015,Birchfield v. North Dakota,14-1468,Other,Unknown,0,7-2,4,Jr.,1
2015,Birchfield v. North Dakota,14-1468,Other,Unknown,0,7-2,4,Breyer,1
2015,Birchfield v. North Dakota,14-1468,Other,Unknown,0,7-2,4,Kagan,1
2015,Birchfield v. North Dakota,14-1468,Other,Unknown,0,7-2,4,Sotomayor,1
2015,Birchfield v. North Dakota,14-1468,Other,Unknown,0,7-2,4,Ginsburg,1
2015,Birchfield v. North Dakota,14-1468,Other,Unknown,0,7-2,4,Thomas,0
2015,"United States Army Corps of Engineers v. Hawkes Co., Inc.",15-290,8th Circuit,Unknown,0,8-1,4,Jr.,1
2015,"United States Army Corps of Engineers v. Hawkes Co., Inc.",15-290,8th Circuit,Unknown,0,8-1,4,Kennedy,1
2015,"United States Army Corps of Engineers v. Hawkes Co., Inc.",15-290,8th Circuit,Unknown,0,8-1,4,Thomas,1
2015,"United States Army Corps of Engineers v. Hawkes Co., Inc.",15-290,8th Circuit,Unknown,0,8-1,4,Breyer,1
2015,"United States Army Corps of Engineers v. Hawkes Co., Inc.",15-290,8th Circuit,Unknown,0,8-1,4,Jr.,1
2015,"United States Army Corps of Engineers v. Hawkes Co., Inc.",15-290,8th Circuit,Unknown,0,8-1,4,Sotomayor,1
2015,"United States Army Corps of Engineers v. Hawkes Co., Inc.",15-290,8th Circuit,Unknown,0,8-1,4,Kagan,1
2015,"United States Army Corps of Engineers v. Hawkes Co., Inc.",15-290,8th Circuit,Unknown,0,8-1,4,Ginsburg,1
2015,United States v. Bryant,15-420,9th Circuit,Unknown,1,8-1,4,Ginsburg,1
2015,United States v. Bryant,15-420,9th Circuit,Unknown,1,8-1,4,Jr.,1
2015,United States v. Bryant,15-420,9th Circuit,Unknown,1,8-1,4,Kennedy,1
2015,United States v. Bryant,15-420,9th Circuit,Unknown,1,8-1,4,Thomas,1
2015,United States v. Bryant,15-420,9th Circuit,Unknown,1,8-1,4,Breyer,1
2015,United States v. Bryant,15-420,9th Circuit,Unknown,1,8-1,4,Jr.,1
2015,United States v. Bryant,15-420,9th Circuit,Unknown,1,8-1,4,Sotomayor,1
2015,United States v. Bryant,15-420,9th Circuit,Unknown,1,8-1,4,Kagan,1
2015,Kirtsaeng v. John Wiley & Sons,15-375,2nd Circuit,Unknown,1,8-1,4,Kagan,1
2015,Kirtsaeng v. John Wiley & Sons,15-375,2nd Circuit,Unknown,1,8-1,4,Jr.,1
2015,Kirtsaeng v. John Wiley & Sons,15-375,2nd Circuit,Unknown,1,8-1,4,Kennedy,1
2015,Kirtsaeng v. John Wiley & Sons,15-375,2nd Circuit,Unknown,1,8-1,4,Thomas,1
2015,Kirtsaeng v. John Wiley & Sons,15-375,2nd Circuit,Unknown,1,8-1,4,Ginsburg,1
2015,Kirtsaeng v. John Wiley & Sons,15-375,2nd Circuit,Unknown,1,8-1,4,Breyer,1
2015,Kirtsaeng v. John Wiley & Sons,15-375,2nd Circuit,Unknown,1,8-1,4,Jr.,1
2015,Kirtsaeng v. John Wiley & Sons,15-375,2nd Circuit,Unknown,1,8-1,4,Sotomayor,1
2015,Dietz v. Bouldin,15-458,9th Circuit,Unknown,0,6-3,4,Sotomayor,1
2015,Dietz v. Bouldin,15-458,9th Circuit,Unknown,0,6-3,4,Jr.,1
2015,Dietz v. Bouldin,15-458,9th Circuit,Unknown,0,6-3,4,Ginsburg,1
2015,Dietz v. Bouldin,15-458,9th Circuit,Unknown,0,6-3,4,Breyer,1
2015,Dietz v. Bouldin,15-458,9th Circuit,Unknown,0,6-3,4,Jr.,1
2015,Dietz v. Bouldin,15-458,9th Circuit,Unknown,0,6-3,4,Kagan,1
2015,Dietz v. Bouldin,15-458,9th Circuit,Unknown,0,6-3,4,Thomas,0
2015,Dietz v. Bouldin,15-458,9th Circuit,Unknown,0,6-3,4,Kennedy,0
2015,Encino Motorcars v. Navarro,15-415,9th Circuit,Unknown,1,6-3,4,Kennedy,1
2015,Encino Motorcars v. Navarro,15-415,9th Circuit,Unknown,1,6-3,4,Jr.,1
2015,Encino Motorcars v. Navarro,15-415,9th Circuit,Unknown,1,6-3,4,Ginsburg,1
2015,Encino Motorcars v. Navarro,15-415,9th Circuit,Unknown,1,6-3,4,Breyer,1
2015,Encino Motorcars v. Navarro,15-415,9th Circuit,Unknown,1,6-3,4,Sotomayor,1
2015,Encino Motorcars v. Navarro,15-415,9th Circuit,Unknown,1,6-3,4,Kagan,1
2015,Encino Motorcars v. Navarro,15-415,9th Circuit,Unknown,1,6-3,4,Thomas,0
2015,Encino Motorcars v. Navarro,15-415,9th Circuit,Unknown,1,6-3,4,Jr.,0
2015,Cuozzo Speed Technologies v. Lee,15-446,Federal Circuit,Unknown,0,8-1,4,Breyer,1
2015,Cuozzo Speed Technologies v. Lee,15-446,Federal Circuit,Unknown,0,8-1,4,Jr.,1
2015,Cuozzo Speed Technologies v. Lee,15-446,Federal Circuit,Unknown,0,8-1,4,Kennedy,1
2015,Cuozzo Speed Technologies v. Lee,15-446,Federal Circuit,Unknown,0,8-1,4,Thomas,1
2015,Cuozzo Speed Technologies v. Lee,15-446,Federal Circuit,Unknown,0,8-1,4,Ginsburg,1
2015,Cuozzo Speed Technologies v. Lee,15-446,Federal Circuit,Unknown,0,8-1,4,Kagan,1
2015,Cuozzo Speed Technologies v. Lee,15-446,Federal Circuit,Unknown,0,8-1,4,Jr.,1
2015,Cuozzo Speed Technologies v. Lee,15-446,Federal Circuit,Unknown,0,8-1,4,Sotomayor,1
2015,McDonnell v. United States,15-474,4th Circuit,Unknown,1,8-1,4,Jr.,1
2015,McDonnell v. United States,15-474,4th Circuit,Unknown,1,8-1,4,Kennedy,1
2015,McDonnell v. United States,15-474,4th Circuit,Unknown,1,8-1,4,Thomas,1
2015,McDonnell v. United States,15-474,4th Circuit,Unknown,1,8-1,4,Ginsburg,1
2015,McDonnell v. United States,15-474,4th Circuit,Unknown,1,8-1,4,Breyer,1
2015,McDonnell v. United States,15-474,4th Circuit,Unknown,1,8-1,4,Jr.,1
2015,McDonnell v. United States,15-474,4th Circuit,Unknown,1,8-1,4,Sotomayor,1
2015,McDonnell v. United States,15-474,4th Circuit,Unknown,1,8-1,4,Kagan,1
2015,McDonnell v. United States,15-474,4th Circuit,Unknown,1,8-1,4,Jr.,1
2015,McDonnell v. United States,15-474,4th Circuit,Unknown,1,8-1,4,Thomas,1
2015,McDonnell v. United States,15-474,4th Circuit,Unknown,1,8-1,4,Kennedy,1
2015,McDonnell v. United States,15-474,4th Circuit,Unknown,1,8-1,4,Ginsburg,1
2015,McDonnell v. United States,15-474,4th Circuit,Unknown,1,8-1,4,Breyer,1
2015,McDonnell v. United States,15-474,4th Circuit,Unknown,1,8-1,4,Jr.,1
2015,McDonnell v. United States,15-474,4th Circuit,Unknown,1,8-1,4,Sotomayor,1
2015,McDonnell v. United States,15-474,4th Circuit,Unknown,1,8-1,4,Kagan,1
2015,Mathis v. United States,15-6092,8th Circuit,Unknown,1,5-4,4,Kagan,1
2015,Mathis v. United States,15-6092,8th Circuit,Unknown,1,5-4,4,Jr.,1
2015,Mathis v. United States,15-6092,8th Circuit,Unknown,1,5-4,4,Kennedy,1
2015,Mathis v. United States,15-6092,8th Circuit,Unknown,1,5-4,4,Thomas,1
2015,Mathis v. United States,15-6092,8th Circuit,Unknown,1,5-4,4,Sotomayor,1
2015,Mathis v. United States,15-6092,8th Circuit,Unknown,1,5-4,4,Breyer,0
2015,Mathis v. United States,15-6092,8th Circuit,Unknown,1,5-4,4,Ginsburg,0
2015,Mathis v. United States,15-6092,8th Circuit,Unknown,1,5-4,4,Jr.,0
2015,"Amgen, Inc. v. Harris",15-278,9th Circuit,Unknown,1,9-0,4,Jr.,1
2015,"Amgen, Inc. v. Harris",15-278,9th Circuit,Unknown,1,9-0,4,Scalia,1
2015,"Amgen, Inc. v. Harris",15-278,9th Circuit,Unknown,1,9-0,4,Kennedy,1
2015,"Amgen, Inc. v. Harris",15-278,9th Circuit,Unknown,1,9-0,4,Thomas,1
2015,"Amgen, Inc. v. Harris",15-278,9th Circuit,Unknown,1,9-0,4,Ginsburg,1
2015,"Amgen, Inc. v. Harris",15-278,9th Circuit,Unknown,1,9-0,4,Breyer,1
2015,"Amgen, Inc. v. Harris",15-278,9th Circuit,Unknown,1,9-0,4,Jr.,1
2015,"Amgen, Inc. v. Harris",15-278,9th Circuit,Unknown,1,9-0,4,Sotomayor,1
2015,"Amgen, Inc. v. Harris",15-278,9th Circuit,Unknown,1,9-0,4,Kagan,1
2015,Welch v. United States,15-6418,11th Circuit,Unknown,1,7-2,4,Kennedy,1
2015,Welch v. United States,15-6418,11th Circuit,Unknown,1,7-2,4,Jr.,1
2015,Welch v. United States,15-6418,11th Circuit,Unknown,1,7-2,4,Ginsburg,1
2015,Welch v. United States,15-6418,11th Circuit,Unknown,1,7-2,4,Breyer,1
2015,Welch v. United States,15-6418,11th Circuit,Unknown,1,7-2,4,Jr.,1
2015,Welch v. United States,15-6418,11th Circuit,Unknown,1,7-2,4,Sotomayor,1
2015,Welch v. United States,15-6418,11th Circuit,Unknown,1,7-2,4,Kagan,1
2015,Welch v. United States,15-6418,11th Circuit,Unknown,1,7-2,4,Thomas,0
2015,Caetano v. Massachusetts,14-10078,State Supreme Court,Unknown,1,8-1,4,Jr.,1
2015,Caetano v. Massachusetts,14-10078,State Supreme Court,Unknown,1,8-1,4,Kennedy,1
2015,Caetano v. Massachusetts,14-10078,State Supreme Court,Unknown,1,8-1,4,Thomas,1
2015,Caetano v. Massachusetts,14-10078,State Supreme Court,Unknown,1,8-1,4,Ginsburg,1
2015,Caetano v. Massachusetts,14-10078,State Supreme Court,Unknown,1,8-1,4,Breyer,1
2015,Caetano v. Massachusetts,14-10078,State Supreme Court,Unknown,1,8-1,4,Jr.,1
2015,Caetano v. Massachusetts,14-10078,State Supreme Court,Unknown,1,8-1,4,Sotomayor,1
2015,Caetano v. Massachusetts,14-10078,State Supreme Court,Unknown,1,8-1,4,Kagan,1
2014,"Young v. United Parcel Service, Inc.",12-1226,4th Circuit,Unknown,1,6-3,4,Breyer,1
2014,"Young v. United Parcel Service, Inc.",12-1226,4th Circuit,Unknown,1,6-3,4,Jr.,1
2014,"Young v. United Parcel Service, Inc.",12-1226,4th Circuit,Unknown,1,6-3,4,Scalia,0
2014,"Young v. United Parcel Service, Inc.",12-1226,4th Circuit,Unknown,1,6-3,4,Thomas,0
2014,"Young v. United Parcel Service, Inc.",12-1226,4th Circuit,Unknown,1,6-3,4,Kennedy,0
2014,"Young v. United Parcel Service, Inc.",12-1226,4th Circuit,Unknown,1,6-3,4,Ginsburg,1
2014,"Young v. United Parcel Service, Inc.",12-1226,4th Circuit,Unknown,1,6-3,4,Jr.,1
2014,"Young v. United Parcel Service, Inc.",12-1226,4th Circuit,Unknown,1,6-3,4,Sotomayor,1
2014,"Young v. United Parcel Service, Inc.",12-1226,4th Circuit,Unknown,1,6-3,4,Kagan,1
2014,Kellogg Brown & Root v. U.S. ex rel. Carter,12-1497,4th Circuit,Unknown,0,9-0,4,Jr.,1
2014,Kellogg Brown & Root v. U.S. ex rel. Carter,12-1497,4th Circuit,Unknown,0,9-0,4,Jr.,1
2014,Kellogg Brown & Root v. U.S. ex rel. Carter,12-1497,4th Circuit,Unknown,0,9-0,4,Scalia,1
2014,Kellogg Brown & Root v. U.S. ex rel. Carter,12-1497,4th Circuit,Unknown,0,9-0,4,Kennedy,1
2014,Kellogg Brown & Root v. U.S. ex rel. Carter,12-1497,4th Circuit,Unknown,0,9-0,4,Ginsburg,1
2014,Kellogg Brown & Root v. U.S. ex rel. Carter,12-1497,4th Circuit,Unknown,0,9-0,4,Thomas,1
2014,Kellogg Brown & Root v. U.S. ex rel. Carter,12-1497,4th Circuit,Unknown,0,9-0,4,Sotomayor,1
2014,Kellogg Brown & Root v. U.S. ex rel. Carter,12-1497,4th Circuit,Unknown,0,9-0,4,Breyer,1
2014,Kellogg Brown & Root v. U.S. ex rel. Carter,12-1497,4th Circuit,Unknown,0,9-0,4,Kagan,1
2014,Kellogg Brown & Root v. U.S. ex rel. Carter,12-1497,4th Circuit,Unknown,0,9-0,4,Jr.,1
2014,Kellogg Brown & Root v. U.S. ex rel. Carter,12-1497,4th Circuit,Unknown,0,9-0,4,Jr.,1
2014,Kellogg Brown & Root v. U.S. ex rel. Carter,12-1497,4th Circuit,Unknown,0,9-0,4,Scalia,1
2014,Kellogg Brown & Root v. U.S. ex rel. Carter,12-1497,4th Circuit,Unknown,0,9-0,4,Kennedy,1
2014,Kellogg Brown & Root v. U.S. ex rel. Carter,12-1497,4th Circuit,Unknown,0,9-0,4,Ginsburg,1
2014,Kellogg Brown & Root v. U.S. ex rel. Carter,12-1497,4th Circuit,Unknown,0,9-0,4,Thomas,1
2014,Kellogg Brown & Root v. U.S. ex rel. Carter,12-1497,4th Circuit,Unknown,0,9-0,4,Sotomayor,1
2014,Kellogg Brown & Root v. U.S. ex rel. Carter,12-1497,4th Circuit,Unknown,0,9-0,4,Breyer,1
2014,Kellogg Brown & Root v. U.S. ex rel. Carter,12-1497,4th Circuit,Unknown,0,9-0,4,Kagan,1
2014,"M&G Polymers USA, LLC v. Tackett",13-1010,6th Circuit,Unknown,1,8-1,4,Thomas,1
2014,"M&G Polymers USA, LLC v. Tackett",13-1010,6th Circuit,Unknown,1,8-1,4,Jr.,1
2014,"M&G Polymers USA, LLC v. Tackett",13-1010,6th Circuit,Unknown,1,8-1,4,Scalia,1
2014,"M&G Polymers USA, LLC v. Tackett",13-1010,6th Circuit,Unknown,1,8-1,4,Kennedy,1
2014,"M&G Polymers USA, LLC v. Tackett",13-1010,6th Circuit,Unknown,1,8-1,4,Ginsburg,1
2014,"M&G Polymers USA, LLC v. Tackett",13-1010,6th Circuit,Unknown,1,8-1,4,Breyer,1
2014,"M&G Polymers USA, LLC v. Tackett",13-1010,6th Circuit,Unknown,1,8-1,4,Sotomayor,1
2014,"M&G Polymers USA, LLC v. Tackett",13-1010,6th Circuit,Unknown,1,8-1,4,Kagan,1
2014,"Mach Mining, LLC v. Equal Employment Opportunity Commission",13-1019,7th Circuit,Unknown,0,9-0,4,Kagan,1
2014,"Mach Mining, LLC v. Equal Employment Opportunity Commission",13-1019,7th Circuit,Unknown,0,9-0,4,Jr.,1
2014,"Mach Mining, LLC v. Equal Employment Opportunity Commission",13-1019,7th Circuit,Unknown,0,9-0,4,Scalia,1
2014,"Mach Mining, LLC v. Equal Employment Opportunity Commission",13-1019,7th Circuit,Unknown,0,9-0,4,Thomas,1
2014,"Mach Mining, LLC v. Equal Employment Opportunity Commission",13-1019,7th Circuit,Unknown,0,9-0,4,Breyer,1
2014,"Mach Mining, LLC v. Equal Employment Opportunity Commission",13-1019,7th Circuit,Unknown,0,9-0,4,Ginsburg,1
2014,"Mach Mining, LLC v. Equal Employment Opportunity Commission",13-1019,7th Circuit,Unknown,0,9-0,4,Kennedy,1
2014,"Mach Mining, LLC v. Equal Employment Opportunity Commission",13-1019,7th Circuit,Unknown,0,9-0,4,Jr.,1
2014,"Mach Mining, LLC v. Equal Employment Opportunity Commission",13-1019,7th Circuit,Unknown,0,9-0,4,Sotomayor,1
2014,Direct Marketing Association v. Brohl,13-1032,10th Circuit,Unknown,1,9-0,4,Thomas,1
2014,Direct Marketing Association v. Brohl,13-1032,10th Circuit,Unknown,1,9-0,4,Jr.,1
2014,Direct Marketing Association v. Brohl,13-1032,10th Circuit,Unknown,1,9-0,4,Scalia,1
2014,Direct Marketing Association v. Brohl,13-1032,10th Circuit,Unknown,1,9-0,4,Kennedy,1
2014,Direct Marketing Association v. Brohl,13-1032,10th Circuit,Unknown,1,9-0,4,Ginsburg,1
2014,Direct Marketing Association v. Brohl,13-1032,10th Circuit,Unknown,1,9-0,4,Breyer,1
2014,Direct Marketing Association v. Brohl,13-1032,10th Circuit,Unknown,1,9-0,4,Sotomayor,1
2014,Direct Marketing Association v. Brohl,13-1032,10th Circuit,Unknown,1,9-0,4,Jr.,1
2014,Direct Marketing Association v. Brohl,13-1032,10th Circuit,Unknown,1,9-0,4,Kagan,1
2014,Mellouli v. Lynch,13-1034,8th Circuit,Unknown,1,7-2,4,Ginsburg,1
2014,Mellouli v. Lynch,13-1034,8th Circuit,Unknown,1,7-2,4,Jr.,1
2014,Mellouli v. Lynch,13-1034,8th Circuit,Unknown,1,7-2,4,Scalia,1
2014,Mellouli v. Lynch,13-1034,8th Circuit,Unknown,1,7-2,4,Kennedy,1
2014,Mellouli v. Lynch,13-1034,8th Circuit,Unknown,1,7-2,4,Breyer,1
2014,Mellouli v. Lynch,13-1034,8th Circuit,Unknown,1,7-2,4,Sotomayor,1
2014,Mellouli v. Lynch,13-1034,8th Circuit,Unknown,1,7-2,4,Kagan,1
2014,Mellouli v. Lynch,13-1034,8th Circuit,Unknown,1,7-2,4,Thomas,0
2014,Mellouli v. Lynch,13-1034,8th Circuit,Unknown,1,7-2,4,Jr.,0
2014,Perez v. Mortgage Bankers Association,13-1041,Other,Unknown,1,9-0,4,Sotomayor,1
2014,Perez v. Mortgage Bankers Association,13-1041,Other,Unknown,1,9-0,4,Jr.,1
2014,Perez v. Mortgage Bankers Association,13-1041,Other,Unknown,1,9-0,4,Kennedy,1
2014,Perez v. Mortgage Bankers Association,13-1041,Other,Unknown,1,9-0,4,Ginsburg,1
2014,Perez v. Mortgage Bankers Association,13-1041,Other,Unknown,1,9-0,4,Breyer,1
2014,Perez v. Mortgage Bankers Association,13-1041,Other,Unknown,1,9-0,4,Kagan,1
2014,Perez v. Mortgage Bankers Association,13-1041,Other,Unknown,1,9-0,4,Jr.,1
2014,Perez v. Mortgage Bankers Association,13-1041,Other,Unknown,1,9-0,4,Thomas,1
2014,Perez v. Mortgage Bankers Association,13-1041,Other,Unknown,1,9-0,4,Scalia,1
2014,United States v. Kwai Fun Wong,13-1074,9th Circuit,Unknown,0,5-4,4,Kagan,1
2014,United States v. Kwai Fun Wong,13-1074,9th Circuit,Unknown,0,5-4,4,Kennedy,1
2014,United States v. Kwai Fun Wong,13-1074,9th Circuit,Unknown,0,5-4,4,Ginsburg,1
2014,United States v. Kwai Fun Wong,13-1074,9th Circuit,Unknown,0,5-4,4,Breyer,1
2014,United States v. Kwai Fun Wong,13-1074,9th Circuit,Unknown,0,5-4,4,Sotomayor,1
2014,United States v. Kwai Fun Wong,13-1074,9th Circuit,Unknown,0,5-4,4,Jr.,0
2014,United States v. Kwai Fun Wong,13-1074,9th Circuit,Unknown,0,5-4,4,Jr.,0
2014,United States v. Kwai Fun Wong,13-1074,9th Circuit,Unknown,0,5-4,4,Scalia,0
2014,United States v. Kwai Fun Wong,13-1074,9th Circuit,Unknown,0,5-4,4,Thomas,0
2014,U.S. Department of Transportation v. Association of American Railroads,13-1080,Other,Unknown,1,9-0,4,Kennedy,1
2014,U.S. Department of Transportation v. Association of American Railroads,13-1080,Other,Unknown,1,9-0,4,Jr.,1
2014,U.S. Department of Transportation v. Association of American Railroads,13-1080,Other,Unknown,1,9-0,4,Scalia,1
2014,U.S. Department of Transportation v. Association of American Railroads,13-1080,Other,Unknown,1,9-0,4,Ginsburg,1
2014,U.S. Department of Transportation v. Association of American Railroads,13-1080,Other,Unknown,1,9-0,4,Breyer,1
2014,U.S. Department of Transportation v. Association of American Railroads,13-1080,Other,Unknown,1,9-0,4,Jr.,1
2014,U.S. Department of Transportation v. Association of American Railroads,13-1080,Other,Unknown,1,9-0,4,Sotomayor,1
2014,U.S. Department of Transportation v. Association of American Railroads,13-1080,Other,Unknown,1,9-0,4,Kagan,1
2014,U.S. Department of Transportation v. Association of American Railroads,13-1080,Other,Unknown,1,9-0,4,Thomas,1
2014,Gelboim v. Bank of America,13-1174,2nd Circuit,Unknown,1,9-0,4,Ginsburg,1
2014,Gelboim v. Bank of America,13-1174,2nd Circuit,Unknown,1,9-0,4,Jr.,1
2014,Gelboim v. Bank of America,13-1174,2nd Circuit,Unknown,1,9-0,4,Scalia,1
2014,Gelboim v. Bank of America,13-1174,2nd Circuit,Unknown,1,9-0,4,Kennedy,1
2014,Gelboim v. Bank of America,13-1174,2nd Circuit,Unknown,1,9-0,4,Thomas,1
2014,Gelboim v. Bank of America,13-1174,2nd Circuit,Unknown,1,9-0,4,Breyer,1
2014,Gelboim v. Bank of America,13-1174,2nd Circuit,Unknown,1,9-0,4,Jr.,1
2014,Gelboim v. Bank of America,13-1174,2nd Circuit,Unknown,1,9-0,4,Sotomayor,1
2014,Gelboim v. Bank of America,13-1174,2nd Circuit,Unknown,1,9-0,4,Kagan,1
2014,City of Los Angeles v. Patel,13-1175,9th Circuit,Unknown,0,5-4,4,Sotomayor,1
2014,City of Los Angeles v. Patel,13-1175,9th Circuit,Unknown,0,5-4,4,Kennedy,1
2014,City of Los Angeles v. Patel,13-1175,9th Circuit,Unknown,0,5-4,4,Ginsburg,1
2014,City of Los Angeles v. Patel,13-1175,9th Circuit,Unknown,0,5-4,4,Breyer,1
2014,City of Los Angeles v. Patel,13-1175,9th Circuit,Unknown,0,5-4,4,Kagan,1
2014,City of Los Angeles v. Patel,13-1175,9th Circuit,Unknown,0,5-4,4,Scalia,0
2014,City of Los Angeles v. Patel,13-1175,9th Circuit,Unknown,0,5-4,4,Jr.,0
2014,City of Los Angeles v. Patel,13-1175,9th Circuit,Unknown,0,5-4,4,Thomas,0
2014,City of Los Angeles v. Patel,13-1175,9th Circuit,Unknown,0,5-4,4,Jr.,0
2014,Coleman v. Tollefson,13-1333,6th Circuit,Unknown,0,9-0,4,Breyer,1
2014,Coleman v. Tollefson,13-1333,6th Circuit,Unknown,0,9-0,4,Jr.,1
2014,Coleman v. Tollefson,13-1333,6th Circuit,Unknown,0,9-0,4,Scalia,1
2014,Coleman v. Tollefson,13-1333,6th Circuit,Unknown,0,9-0,4,Thomas,1
2014,Coleman v. Tollefson,13-1333,6th Circuit,Unknown,0,9-0,4,Kennedy,1
2014,Coleman v. Tollefson,13-1333,6th Circuit,Unknown,0,9-0,4,Ginsburg,1
2014,Coleman v. Tollefson,13-1333,6th Circuit,Unknown,0,9-0,4,Jr.,1
2014,Coleman v. Tollefson,13-1333,6th Circuit,Unknown,0,9-0,4,Sotomayor,1
2014,Coleman v. Tollefson,13-1333,6th Circuit,Unknown,0,9-0,4,Kagan,1
2014,Ohio v. Clark,13-1352,Other,Unknown,1,9-0,4,Jr.,1
2014,Ohio v. Clark,13-1352,Other,Unknown,1,9-0,4,Jr.,1
2014,Ohio v. Clark,13-1352,Other,Unknown,1,9-0,4,Kennedy,1
2014,Ohio v. Clark,13-1352,Other,Unknown,1,9-0,4,Breyer,1
2014,Ohio v. Clark,13-1352,Other,Unknown,1,9-0,4,Sotomayor,1
2014,Ohio v. Clark,13-1352,Other,Unknown,1,9-0,4,Kagan,1
2014,Ohio v. Clark,13-1352,Other,Unknown,1,9-0,4,Scalia,1
2014,Ohio v. Clark,13-1352,Other,Unknown,1,9-0,4,Ginsburg,1
2014,Ohio v. Clark,13-1352,Other,Unknown,1,9-0,4,Thomas,1
2014,"Texas Dept. of Housing and Community Affairs v. Inclusive Communities Project, Inc.",13-1371,5th Circuit,Unknown,0,5-4,4,Kennedy,1
2014,"Texas Dept. of Housing and Community Affairs v. Inclusive Communities Project, Inc.",13-1371,5th Circuit,Unknown,0,5-4,4,Ginsburg,1
2014,"Texas Dept. of Housing and Community Affairs v. Inclusive Communities Project, Inc.",13-1371,5th Circuit,Unknown,0,5-4,4,Breyer,1
2014,"Texas Dept. of Housing and Community Affairs v. Inclusive Communities Project, Inc.",13-1371,5th Circuit,Unknown,0,5-4,4,Sotomayor,1
2014,"Texas Dept. of Housing and Community Affairs v. Inclusive Communities Project, Inc.",13-1371,5th Circuit,Unknown,0,5-4,4,Kagan,1
2014,"Texas Dept. of Housing and Community Affairs v. Inclusive Communities Project, Inc.",13-1371,5th Circuit,Unknown,0,5-4,4,Thomas,0
2014,"Texas Dept. of Housing and Community Affairs v. Inclusive Communities Project, Inc.",13-1371,5th Circuit,Unknown,0,5-4,4,Jr.,0
2014,"Texas Dept. of Housing and Community Affairs v. Inclusive Communities Project, Inc.",13-1371,5th Circuit,Unknown,0,5-4,4,Jr.,0
2014,"Texas Dept. of Housing and Community Affairs v. Inclusive Communities Project, Inc.",13-1371,5th Circuit,Unknown,0,5-4,4,Scalia,0
2014,Kerry v. Din,13-1402,9th Circuit,Unknown,1,5-4,4,Scalia,1
2014,Kerry v. Din,13-1402,9th Circuit,Unknown,1,5-4,4,Jr.,1
2014,Kerry v. Din,13-1402,9th Circuit,Unknown,1,5-4,4,Thomas,1
2014,Kerry v. Din,13-1402,9th Circuit,Unknown,1,5-4,4,Kennedy,1
2014,Kerry v. Din,13-1402,9th Circuit,Unknown,1,5-4,4,Jr.,1
2014,Kerry v. Din,13-1402,9th Circuit,Unknown,1,5-4,4,Breyer,0
2014,Kerry v. Din,13-1402,9th Circuit,Unknown,1,5-4,4,Ginsburg,0
2014,Kerry v. Din,13-1402,9th Circuit,Unknown,1,5-4,4,Sotomayor,0
2014,Kerry v. Din,13-1402,9th Circuit,Unknown,1,5-4,4,Kagan,0
2014,City and County of San Francisco v. Sheehan,13-1412,9th Circuit,Unknown,1,6-3,4,Jr.,1
2014,City and County of San Francisco v. Sheehan,13-1412,9th Circuit,Unknown,1,6-3,4,Jr.,1
2014,City and County of San Francisco v. Sheehan,13-1412,9th Circuit,Unknown,1,6-3,4,Kennedy,1
2014,City and County of San Francisco v. Sheehan,13-1412,9th Circuit,Unknown,1,6-3,4,Thomas,1
2014,City and County of San Francisco v. Sheehan,13-1412,9th Circuit,Unknown,1,6-3,4,Ginsburg,1
2014,City and County of San Francisco v. Sheehan,13-1412,9th Circuit,Unknown,1,6-3,4,Sotomayor,1
2014,City and County of San Francisco v. Sheehan,13-1412,9th Circuit,Unknown,1,6-3,4,Scalia,0
2014,City and County of San Francisco v. Sheehan,13-1412,9th Circuit,Unknown,1,6-3,4,Kagan,0
2014,City and County of San Francisco v. Sheehan,13-1412,9th Circuit,Unknown,1,6-3,4,Breyer,0
2014,Davis v. Ayala,13-1428,9th Circuit,Unknown,1,5-4,4,Jr.,1
2014,Davis v. Ayala,13-1428,9th Circuit,Unknown,1,5-4,4,Jr.,1
2014,Davis v. Ayala,13-1428,9th Circuit,Unknown,1,5-4,4,Scalia,1
2014,Davis v. Ayala,13-1428,9th Circuit,Unknown,1,5-4,4,Kennedy,1
2014,Davis v. Ayala,13-1428,9th Circuit,Unknown,1,5-4,4,Thomas,1
2014,Davis v. Ayala,13-1428,9th Circuit,Unknown,1,5-4,4,Sotomayor,0
2014,Davis v. Ayala,13-1428,9th Circuit,Unknown,1,5-4,4,Ginsburg,0
2014,Davis v. Ayala,13-1428,9th Circuit,Unknown,1,5-4,4,Breyer,0
2014,Davis v. Ayala,13-1428,9th Circuit,Unknown,1,5-4,4,Kagan,0
2014,Brumfield v. Cain,13-1433,5th Circuit,Unknown,1,5-4,4,Sotomayor,1
2014,Brumfield v. Cain,13-1433,5th Circuit,Unknown,1,5-4,4,Kennedy,1
2014,Brumfield v. Cain,13-1433,5th Circuit,Unknown,1,5-4,4,Ginsburg,1
2014,Brumfield v. Cain,13-1433,5th Circuit,Unknown,1,5-4,4,Breyer,1
2014,Brumfield v. Cain,13-1433,5th Circuit,Unknown,1,5-4,4,Kagan,1
2014,Brumfield v. Cain,13-1433,5th Circuit,Unknown,1,5-4,4,Thomas,0
2014,Brumfield v. Cain,13-1433,5th Circuit,Unknown,1,5-4,4,Jr.,0
2014,Brumfield v. Cain,13-1433,5th Circuit,Unknown,1,5-4,4,Scalia,0
2014,Brumfield v. Cain,13-1433,5th Circuit,Unknown,1,5-4,4,Jr.,0
2014,Henderson v. United States,13-1487,11th Circuit,Unknown,1,9-0,4,Kagan,1
2014,Henderson v. United States,13-1487,11th Circuit,Unknown,1,9-0,4,Jr.,1
2014,Henderson v. United States,13-1487,11th Circuit,Unknown,1,9-0,4,Scalia,1
2014,Henderson v. United States,13-1487,11th Circuit,Unknown,1,9-0,4,Ginsburg,1
2014,Henderson v. United States,13-1487,11th Circuit,Unknown,1,9-0,4,Breyer,1
2014,Henderson v. United States,13-1487,11th Circuit,Unknown,1,9-0,4,Kennedy,1
2014,Henderson v. United States,13-1487,11th Circuit,Unknown,1,9-0,4,Thomas,1
2014,Henderson v. United States,13-1487,11th Circuit,Unknown,1,9-0,4,Jr.,1
2014,Henderson v. United States,13-1487,11th Circuit,Unknown,1,9-0,4,Sotomayor,1
2014,Williams-Yulee v. The Florida Bar,13-1499,Other,Unknown,0,5-4,4,Jr.,1
2014,Williams-Yulee v. The Florida Bar,13-1499,Other,Unknown,0,5-4,4,Breyer,1
2014,Williams-Yulee v. The Florida Bar,13-1499,Other,Unknown,0,5-4,4,Sotomayor,1
2014,Williams-Yulee v. The Florida Bar,13-1499,Other,Unknown,0,5-4,4,Kagan,1
2014,Williams-Yulee v. The Florida Bar,13-1499,Other,Unknown,0,5-4,4,Ginsburg,1
2014,Williams-Yulee v. The Florida Bar,13-1499,Other,Unknown,0,5-4,4,Scalia,0
2014,Williams-Yulee v. The Florida Bar,13-1499,Other,Unknown,0,5-4,4,Thomas,0
2014,Williams-Yulee v. The Florida Bar,13-1499,Other,Unknown,0,5-4,4,Kennedy,0
2014,Williams-Yulee v. The Florida Bar,13-1499,Other,Unknown,0,5-4,4,Jr.,0
2014,"Integrity Staffing Solutions, Inc. v. Busk",13-433,9th Circuit,Unknown,1,9-0,4,Thomas,1
2014,"Integrity Staffing Solutions, Inc. v. Busk",13-433,9th Circuit,Unknown,1,9-0,4,Jr.,1
2014,"Integrity Staffing Solutions, Inc. v. Busk",13-433,9th Circuit,Unknown,1,9-0,4,Scalia,1
2014,"Integrity Staffing Solutions, Inc. v. Busk",13-433,9th Circuit,Unknown,1,9-0,4,Kennedy,1
2014,"Integrity Staffing Solutions, Inc. v. Busk",13-433,9th Circuit,Unknown,1,9-0,4,Ginsburg,1
2014,"Integrity Staffing Solutions, Inc. v. Busk",13-433,9th Circuit,Unknown,1,9-0,4,Breyer,1
2014,"Integrity Staffing Solutions, Inc. v. Busk",13-433,9th Circuit,Unknown,1,9-0,4,Jr.,1
2014,"Integrity Staffing Solutions, Inc. v. Busk",13-433,9th Circuit,Unknown,1,9-0,4,Sotomayor,1
2014,"Integrity Staffing Solutions, Inc. v. Busk",13-433,9th Circuit,Unknown,1,9-0,4,Kagan,1
2014,"Omnicare, Inc. v. Laborers District Council Construction Industry Pension Fund",13-435,6th Circuit,Unknown,1,9-0,4,Kagan,1
2014,"Omnicare, Inc. v. Laborers District Council Construction Industry Pension Fund",13-435,6th Circuit,Unknown,1,9-0,4,Jr.,1
2014,"Omnicare, Inc. v. Laborers District Council Construction Industry Pension Fund",13-435,6th Circuit,Unknown,1,9-0,4,Kennedy,1
2014,"Omnicare, Inc. v. Laborers District Council Construction Industry Pension Fund",13-435,6th Circuit,Unknown,1,9-0,4,Ginsburg,1
2014,"Omnicare, Inc. v. Laborers District Council Construction Industry Pension Fund",13-435,6th Circuit,Unknown,1,9-0,4,Breyer,1
2014,"Omnicare, Inc. v. Laborers District Council Construction Industry Pension Fund",13-435,6th Circuit,Unknown,1,9-0,4,Jr.,1
2014,"Omnicare, Inc. v. Laborers District Council Construction Industry Pension Fund",13-435,6th Circuit,Unknown,1,9-0,4,Sotomayor,1
2014,"Omnicare, Inc. v. Laborers District Council Construction Industry Pension Fund",13-435,6th Circuit,Unknown,1,9-0,4,Scalia,1
2014,"Omnicare, Inc. v. Laborers District Council Construction Industry Pension Fund",13-435,6th Circuit,Unknown,1,9-0,4,Thomas,1
2014,Comptroller of the Treasury of Maryland v. Wynne,13-485,Other,Unknown,0,5-4,4,Jr.,1
2014,Comptroller of the Treasury of Maryland v. Wynne,13-485,Other,Unknown,0,5-4,4,Jr.,1
2014,Comptroller of the Treasury of Maryland v. Wynne,13-485,Other,Unknown,0,5-4,4,Breyer,1
2014,Comptroller of the Treasury of Maryland v. Wynne,13-485,Other,Unknown,0,5-4,4,Sotomayor,1
2014,Comptroller of the Treasury of Maryland v. Wynne,13-485,Other,Unknown,0,5-4,4,Kennedy,1
2014,Comptroller of the Treasury of Maryland v. Wynne,13-485,Other,Unknown,0,5-4,4,Scalia,0
2014,Comptroller of the Treasury of Maryland v. Wynne,13-485,Other,Unknown,0,5-4,4,Thomas,0
2014,Comptroller of the Treasury of Maryland v. Wynne,13-485,Other,Unknown,0,5-4,4,Ginsburg,0
2014,Comptroller of the Treasury of Maryland v. Wynne,13-485,Other,Unknown,0,5-4,4,Kagan,0
2014,"Reed et al. v. Town of Gilbert, Arizona et al.",13-502,9th Circuit,Unknown,1,9-0,4,Thomas,1
2014,"Reed et al. v. Town of Gilbert, Arizona et al.",13-502,9th Circuit,Unknown,1,9-0,4,Jr.,1
2014,"Reed et al. v. Town of Gilbert, Arizona et al.",13-502,9th Circuit,Unknown,1,9-0,4,Scalia,1
2014,"Reed et al. v. Town of Gilbert, Arizona et al.",13-502,9th Circuit,Unknown,1,9-0,4,Kennedy,1
2014,"Reed et al. v. Town of Gilbert, Arizona et al.",13-502,9th Circuit,Unknown,1,9-0,4,Jr.,1
2014,"Reed et al. v. Town of Gilbert, Arizona et al.",13-502,9th Circuit,Unknown,1,9-0,4,Sotomayor,1
2014,"Reed et al. v. Town of Gilbert, Arizona et al.",13-502,9th Circuit,Unknown,1,9-0,4,Breyer,1
2014,"Reed et al. v. Town of Gilbert, Arizona et al.",13-502,9th Circuit,Unknown,1,9-0,4,Kagan,1
2014,"Reed et al. v. Town of Gilbert, Arizona et al.",13-502,9th Circuit,Unknown,1,9-0,4,Ginsburg,1
2014,Warger v. Shauers,13-517,8th Circuit,Unknown,0,9-0,4,Sotomayor,1
2014,Warger v. Shauers,13-517,8th Circuit,Unknown,0,9-0,4,Jr.,1
2014,Warger v. Shauers,13-517,8th Circuit,Unknown,0,9-0,4,Scalia,1
2014,Warger v. Shauers,13-517,8th Circuit,Unknown,0,9-0,4,Kennedy,1
2014,Warger v. Shauers,13-517,8th Circuit,Unknown,0,9-0,4,Thomas,1
2014,Warger v. Shauers,13-517,8th Circuit,Unknown,0,9-0,4,Ginsburg,1
2014,Warger v. Shauers,13-517,8th Circuit,Unknown,0,9-0,4,Breyer,1
2014,Warger v. Shauers,13-517,8th Circuit,Unknown,0,9-0,4,Jr.,1
2014,Warger v. Shauers,13-517,8th Circuit,Unknown,0,9-0,4,Kagan,1
2014,North Carolina Board of Dental Examiners v. Federal Trade Commission,13-534,4th Circuit,Unknown,0,6-3,4,Kennedy,1
2014,North Carolina Board of Dental Examiners v. Federal Trade Commission,13-534,4th Circuit,Unknown,0,6-3,4,Jr.,1
2014,North Carolina Board of Dental Examiners v. Federal Trade Commission,13-534,4th Circuit,Unknown,0,6-3,4,Ginsburg,1
2014,North Carolina Board of Dental Examiners v. Federal Trade Commission,13-534,4th Circuit,Unknown,0,6-3,4,Breyer,1
2014,North Carolina Board of Dental Examiners v. Federal Trade Commission,13-534,4th Circuit,Unknown,0,6-3,4,Sotomayor,1
2014,North Carolina Board of Dental Examiners v. Federal Trade Commission,13-534,4th Circuit,Unknown,0,6-3,4,Kagan,1
2014,North Carolina Board of Dental Examiners v. Federal Trade Commission,13-534,4th Circuit,Unknown,0,6-3,4,Jr.,0
2014,North Carolina Board of Dental Examiners v. Federal Trade Commission,13-534,4th Circuit,Unknown,0,6-3,4,Scalia,0
2014,North Carolina Board of Dental Examiners v. Federal Trade Commission,13-534,4th Circuit,Unknown,0,6-3,4,Thomas,0
2014,Tibble v. Edison International,13-550,9th Circuit,Unknown,1,9-0,4,Breyer,1
2014,Tibble v. Edison International,13-550,9th Circuit,Unknown,1,9-0,4,Jr.,1
2014,Tibble v. Edison International,13-550,9th Circuit,Unknown,1,9-0,4,Scalia,1
2014,Tibble v. Edison International,13-550,9th Circuit,Unknown,1,9-0,4,Kennedy,1
2014,Tibble v. Edison International,13-550,9th Circuit,Unknown,1,9-0,4,Thomas,1
2014,Tibble v. Edison International,13-550,9th Circuit,Unknown,1,9-0,4,Ginsburg,1
2014,Tibble v. Edison International,13-550,9th Circuit,Unknown,1,9-0,4,Jr.,1
2014,Tibble v. Edison International,13-550,9th Circuit,Unknown,1,9-0,4,Sotomayor,1
2014,Tibble v. Edison International,13-550,9th Circuit,Unknown,1,9-0,4,Kagan,1
2014,"Alabama Department of Revenue v. CSX Transportation, Inc.",13-553,11th Circuit,Unknown,1,7-2,4,Jr.,1
2014,"Alabama Department of Revenue v. CSX Transportation, Inc.",13-553,11th Circuit,Unknown,1,7-2,4,Scalia,1
2014,"Alabama Department of Revenue v. CSX Transportation, Inc.",13-553,11th Circuit,Unknown,1,7-2,4,Kennedy,1
2014,"Alabama Department of Revenue v. CSX Transportation, Inc.",13-553,11th Circuit,Unknown,1,7-2,4,Breyer,1
2014,"Alabama Department of Revenue v. CSX Transportation, Inc.",13-553,11th Circuit,Unknown,1,7-2,4,Jr.,1
2014,"Alabama Department of Revenue v. CSX Transportation, Inc.",13-553,11th Circuit,Unknown,1,7-2,4,Sotomayor,1
2014,"Alabama Department of Revenue v. CSX Transportation, Inc.",13-553,11th Circuit,Unknown,1,7-2,4,Kagan,1
2014,"Alabama Department of Revenue v. CSX Transportation, Inc.",13-553,11th Circuit,Unknown,1,7-2,4,Thomas,0
2014,"Alabama Department of Revenue v. CSX Transportation, Inc.",13-553,11th Circuit,Unknown,1,7-2,4,Ginsburg,0
2014,Heien v. North Carolina,13-604,Other,Unknown,0,8-1,4,Jr.,1
2014,Heien v. North Carolina,13-604,Other,Unknown,0,8-1,4,Scalia,1
2014,Heien v. North Carolina,13-604,Other,Unknown,0,8-1,4,Kennedy,1
2014,Heien v. North Carolina,13-604,Other,Unknown,0,8-1,4,Thomas,1
2014,Heien v. North Carolina,13-604,Other,Unknown,0,8-1,4,Ginsburg,1
2014,Heien v. North Carolina,13-604,Other,Unknown,0,8-1,4,Breyer,1
2014,Heien v. North Carolina,13-604,Other,Unknown,0,8-1,4,Jr.,1
2014,Heien v. North Carolina,13-604,Other,Unknown,0,8-1,4,Kagan,1
2014,Heien v. North Carolina,13-604,Other,Unknown,0,8-1,4,Sotomayor,0
2014,Zivotofsky v. Kerry,13-628,Other,Unknown,0,6-3,4,Kennedy,1
2014,Zivotofsky v. Kerry,13-628,Other,Unknown,0,6-3,4,Ginsburg,1
2014,Zivotofsky v. Kerry,13-628,Other,Unknown,0,6-3,4,Breyer,1
2014,Zivotofsky v. Kerry,13-628,Other,Unknown,0,6-3,4,Sotomayor,1
2014,Zivotofsky v. Kerry,13-628,Other,Unknown,0,6-3,4,Kagan,1
2014,Zivotofsky v. Kerry,13-628,Other,Unknown,0,6-3,4,Thomas,1
2014,Zivotofsky v. Kerry,13-628,Other,Unknown,0,6-3,4,Jr.,0
2014,Zivotofsky v. Kerry,13-628,Other,Unknown,0,6-3,4,Jr.,0
2014,Zivotofsky v. Kerry,13-628,Other,Unknown,0,6-3,4,Scalia,0
2014,Zivotofsky v. Kerry,13-628,Other,Unknown,0,5-4,4,Kennedy,1
2014,Zivotofsky v. Kerry,13-628,Other,Unknown,0,5-4,4,Ginsburg,1
2014,Zivotofsky v. Kerry,13-628,Other,Unknown,0,5-4,4,Breyer,1
2014,Zivotofsky v. Kerry,13-628,Other,Unknown,0,5-4,4,Sotomayor,1
2014,Zivotofsky v. Kerry,13-628,Other,Unknown,0,5-4,4,Kagan,1
2014,Zivotofsky v. Kerry,13-628,Other,Unknown,0,5-4,4,Thomas,0
2014,Zivotofsky v. Kerry,13-628,Other,Unknown,0,5-4,4,Jr.,0
2014,Zivotofsky v. Kerry,13-628,Other,Unknown,0,5-4,4,Jr.,0
2014,Zivotofsky v. Kerry,13-628,Other,Unknown,0,5-4,4,Scalia,0
2014,Holt v. Hobbs,13-6827,8th Circuit,Unknown,1,9-0,4,Jr.,1
2014,Holt v. Hobbs,13-6827,8th Circuit,Unknown,1,9-0,4,Jr.,1
2014,Holt v. Hobbs,13-6827,8th Circuit,Unknown,1,9-0,4,Scalia,1
2014,Holt v. Hobbs,13-6827,8th Circuit,Unknown,1,9-0,4,Thomas,1
2014,Holt v. Hobbs,13-6827,8th Circuit,Unknown,1,9-0,4,Kennedy,1
2014,Holt v. Hobbs,13-6827,8th Circuit,Unknown,1,9-0,4,Ginsburg,1
2014,Holt v. Hobbs,13-6827,8th Circuit,Unknown,1,9-0,4,Breyer,1
2014,Holt v. Hobbs,13-6827,8th Circuit,Unknown,1,9-0,4,Sotomayor,1
2014,Holt v. Hobbs,13-6827,8th Circuit,Unknown,1,9-0,4,Kagan,1
2014,"Jesinoski v. Countrywide Home Loans, Inc.",13-684,8th Circuit,Unknown,1,9-0,4,Scalia,1
2014,"Jesinoski v. Countrywide Home Loans, Inc.",13-684,8th Circuit,Unknown,1,9-0,4,Jr.,1
2014,"Jesinoski v. Countrywide Home Loans, Inc.",13-684,8th Circuit,Unknown,1,9-0,4,Kennedy,1
2014,"Jesinoski v. Countrywide Home Loans, Inc.",13-684,8th Circuit,Unknown,1,9-0,4,Thomas,1
2014,"Jesinoski v. Countrywide Home Loans, Inc.",13-684,8th Circuit,Unknown,1,9-0,4,Ginsburg,1
2014,"Jesinoski v. Countrywide Home Loans, Inc.",13-684,8th Circuit,Unknown,1,9-0,4,Breyer,1
2014,"Jesinoski v. Countrywide Home Loans, Inc.",13-684,8th Circuit,Unknown,1,9-0,4,Jr.,1
2014,"Jesinoski v. Countrywide Home Loans, Inc.",13-684,8th Circuit,Unknown,1,9-0,4,Sotomayor,1
2014,"Jesinoski v. Countrywide Home Loans, Inc.",13-684,8th Circuit,Unknown,1,9-0,4,Kagan,1
2014,Johnson v. United States,13-7120,8th Circuit,Unknown,1,8-1,4,Scalia,1
2014,Johnson v. United States,13-7120,8th Circuit,Unknown,1,8-1,4,Jr.,1
2014,Johnson v. United States,13-7120,8th Circuit,Unknown,1,8-1,4,Ginsburg,1
2014,Johnson v. United States,13-7120,8th Circuit,Unknown,1,8-1,4,Breyer,1
2014,Johnson v. United States,13-7120,8th Circuit,Unknown,1,8-1,4,Sotomayor,1
2014,Johnson v. United States,13-7120,8th Circuit,Unknown,1,8-1,4,Kagan,1
2014,Johnson v. United States,13-7120,8th Circuit,Unknown,1,8-1,4,Kennedy,1
2014,Johnson v. United States,13-7120,8th Circuit,Unknown,1,8-1,4,Thomas,1
2014,Johnson v. United States,13-7120,8th Circuit,Unknown,1,8-1,4,Jr.,0
2014,Dart Cherokee Basin Operating Company LLC v. Owens,13-719,10th Circuit,Unknown,1,5-4,4,Ginsburg,1
2014,Dart Cherokee Basin Operating Company LLC v. Owens,13-719,10th Circuit,Unknown,1,5-4,4,Jr.,1
2014,Dart Cherokee Basin Operating Company LLC v. Owens,13-719,10th Circuit,Unknown,1,5-4,4,Breyer,1
2014,Dart Cherokee Basin Operating Company LLC v. Owens,13-719,10th Circuit,Unknown,1,5-4,4,Jr.,1
2014,Dart Cherokee Basin Operating Company LLC v. Owens,13-719,10th Circuit,Unknown,1,5-4,4,Sotomayor,1
2014,Dart Cherokee Basin Operating Company LLC v. Owens,13-719,10th Circuit,Unknown,1,5-4,4,Scalia,0
2014,Dart Cherokee Basin Operating Company LLC v. Owens,13-719,10th Circuit,Unknown,1,5-4,4,Kennedy,0
2014,Dart Cherokee Basin Operating Company LLC v. Owens,13-719,10th Circuit,Unknown,1,5-4,4,Kagan,0
2014,Dart Cherokee Basin Operating Company LLC v. Owens,13-719,10th Circuit,Unknown,1,5-4,4,Thomas,0
2014,Kimble v. Marvel,13-720,9th Circuit,Unknown,0,6-3,4,Kagan,1
2014,Kimble v. Marvel,13-720,9th Circuit,Unknown,0,6-3,4,Scalia,1
2014,Kimble v. Marvel,13-720,9th Circuit,Unknown,0,6-3,4,Kennedy,1
2014,Kimble v. Marvel,13-720,9th Circuit,Unknown,0,6-3,4,Ginsburg,1
2014,Kimble v. Marvel,13-720,9th Circuit,Unknown,0,6-3,4,Breyer,1
2014,Kimble v. Marvel,13-720,9th Circuit,Unknown,0,6-3,4,Sotomayor,1
2014,Kimble v. Marvel,13-720,9th Circuit,Unknown,0,6-3,4,Jr.,0
2014,Kimble v. Marvel,13-720,9th Circuit,Unknown,0,6-3,4,Jr.,0
2014,Kimble v. Marvel,13-720,9th Circuit,Unknown,0,6-3,4,Thomas,0
2014,Jennings v. Stephens,13-7211,5th Circuit,Unknown,1,6-3,4,Scalia,1
2014,Jennings v. Stephens,13-7211,5th Circuit,Unknown,1,6-3,4,Jr.,1
2014,Jennings v. Stephens,13-7211,5th Circuit,Unknown,1,6-3,4,Kennedy,0
2014,Jennings v. Stephens,13-7211,5th Circuit,Unknown,1,6-3,4,Ginsburg,1
2014,Jennings v. Stephens,13-7211,5th Circuit,Unknown,1,6-3,4,Thomas,0
2014,Jennings v. Stephens,13-7211,5th Circuit,Unknown,1,6-3,4,Jr.,0
2014,Jennings v. Stephens,13-7211,5th Circuit,Unknown,1,6-3,4,Breyer,1
2014,Jennings v. Stephens,13-7211,5th Circuit,Unknown,1,6-3,4,Sotomayor,1
2014,Jennings v. Stephens,13-7211,5th Circuit,Unknown,1,6-3,4,Kagan,1
2014,Yates v. United States,13-7451,11th Circuit,Unknown,1,5-4,4,Ginsburg,1
2014,Yates v. United States,13-7451,11th Circuit,Unknown,1,5-4,4,Jr.,1
2014,Yates v. United States,13-7451,11th Circuit,Unknown,1,5-4,4,Breyer,1
2014,Yates v. United States,13-7451,11th Circuit,Unknown,1,5-4,4,Sotomayor,1
2014,Yates v. United States,13-7451,11th Circuit,Unknown,1,5-4,4,Jr.,1
2014,Yates v. United States,13-7451,11th Circuit,Unknown,1,5-4,4,Kagan,0
2014,Yates v. United States,13-7451,11th Circuit,Unknown,1,5-4,4,Scalia,0
2014,Yates v. United States,13-7451,11th Circuit,Unknown,1,5-4,4,Kennedy,0
2014,Yates v. United States,13-7451,11th Circuit,Unknown,1,5-4,4,Thomas,0
2014,"Teva Pharmaceuticals USA, Inc. v. Sandoz, Inc.",13-854,Federal Circuit,Unknown,1,7-2,4,Breyer,1
2014,"Teva Pharmaceuticals USA, Inc. v. Sandoz, Inc.",13-854,Federal Circuit,Unknown,1,7-2,4,Jr.,1
2014,"Teva Pharmaceuticals USA, Inc. v. Sandoz, Inc.",13-854,Federal Circuit,Unknown,1,7-2,4,Scalia,1
2014,"Teva Pharmaceuticals USA, Inc. v. Sandoz, Inc.",13-854,Federal Circuit,Unknown,1,7-2,4,Kennedy,1
2014,"Teva Pharmaceuticals USA, Inc. v. Sandoz, Inc.",13-854,Federal Circuit,Unknown,1,7-2,4,Ginsburg,1
2014,"Teva Pharmaceuticals USA, Inc. v. Sandoz, Inc.",13-854,Federal Circuit,Unknown,1,7-2,4,Sotomayor,1
2014,"Teva Pharmaceuticals USA, Inc. v. Sandoz, Inc.",13-854,Federal Circuit,Unknown,1,7-2,4,Kagan,1
2014,"Teva Pharmaceuticals USA, Inc. v. Sandoz, Inc.",13-854,Federal Circuit,Unknown,1,7-2,4,Thomas,0
2014,"Teva Pharmaceuticals USA, Inc. v. Sandoz, Inc.",13-854,Federal Circuit,Unknown,1,7-2,4,Jr.,0
2014,Department of Homeland Security v. MacLean,13-894,Federal Circuit,Unknown,0,7-2,4,Jr.,1
2014,Department of Homeland Security v. MacLean,13-894,Federal Circuit,Unknown,0,7-2,4,Scalia,1
2014,Department of Homeland Security v. MacLean,13-894,Federal Circuit,Unknown,0,7-2,4,Thomas,1
2014,Department of Homeland Security v. MacLean,13-894,Federal Circuit,Unknown,0,7-2,4,Ginsburg,1
2014,Department of Homeland Security v. MacLean,13-894,Federal Circuit,Unknown,0,7-2,4,Breyer,1
2014,Department of Homeland Security v. MacLean,13-894,Federal Circuit,Unknown,0,7-2,4,Jr.,1
2014,Department of Homeland Security v. MacLean,13-894,Federal Circuit,Unknown,0,7-2,4,Kagan,1
2014,Department of Homeland Security v. MacLean,13-894,Federal Circuit,Unknown,0,7-2,4,Sotomayor,0
2014,Department of Homeland Security v. MacLean,13-894,Federal Circuit,Unknown,0,7-2,4,Kennedy,0
2014,"Commil USA, LLC v. Cisco Systems, Inc.",13-896,Federal Circuit,Unknown,1,6-3,4,Kennedy,1
2014,"Commil USA, LLC v. Cisco Systems, Inc.",13-896,Federal Circuit,Unknown,1,6-3,4,Ginsburg,1
2014,"Commil USA, LLC v. Cisco Systems, Inc.",13-896,Federal Circuit,Unknown,1,6-3,4,Jr.,1
2014,"Commil USA, LLC v. Cisco Systems, Inc.",13-896,Federal Circuit,Unknown,1,6-3,4,Sotomayor,1
2014,"Commil USA, LLC v. Cisco Systems, Inc.",13-896,Federal Circuit,Unknown,1,6-3,4,Kagan,1
2014,"Commil USA, LLC v. Cisco Systems, Inc.",13-896,Federal Circuit,Unknown,1,6-3,4,Thomas,1
2014,"Commil USA, LLC v. Cisco Systems, Inc.",13-896,Federal Circuit,Unknown,1,6-3,4,Scalia,0
2014,"Commil USA, LLC v. Cisco Systems, Inc.",13-896,Federal Circuit,Unknown,1,6-3,4,Jr.,0
2014,"Commil USA, LLC v. Cisco Systems, Inc.",13-896,Federal Circuit,Unknown,1,6-3,4,Breyer,0
2014,Whitfield v. United States,13-9026,4th Circuit,Unknown,0,8-1,4,Scalia,1
2014,Whitfield v. United States,13-9026,4th Circuit,Unknown,0,8-1,4,Jr.,1
2014,Whitfield v. United States,13-9026,4th Circuit,Unknown,0,8-1,4,Kennedy,1
2014,Whitfield v. United States,13-9026,4th Circuit,Unknown,0,8-1,4,Thomas,1
2014,Whitfield v. United States,13-9026,4th Circuit,Unknown,0,8-1,4,Ginsburg,1
2014,Whitfield v. United States,13-9026,4th Circuit,Unknown,0,8-1,4,Breyer,1
2014,Whitfield v. United States,13-9026,4th Circuit,Unknown,0,8-1,4,Jr.,1
2014,Whitfield v. United States,13-9026,4th Circuit,Unknown,0,8-1,4,Kagan,1
2014,Wellness International Network v. Sharif,13-935,7th Circuit,Unknown,1,6-3,4,Sotomayor,1
2014,Wellness International Network v. Sharif,13-935,7th Circuit,Unknown,1,6-3,4,Kennedy,1
2014,Wellness International Network v. Sharif,13-935,7th Circuit,Unknown,1,6-3,4,Ginsburg,1
2014,Wellness International Network v. Sharif,13-935,7th Circuit,Unknown,1,6-3,4,Breyer,1
2014,Wellness International Network v. Sharif,13-935,7th Circuit,Unknown,1,6-3,4,Kagan,1
2014,Wellness International Network v. Sharif,13-935,7th Circuit,Unknown,1,6-3,4,Jr.,1
2014,Wellness International Network v. Sharif,13-935,7th Circuit,Unknown,1,6-3,4,Jr.,0
2014,Wellness International Network v. Sharif,13-935,7th Circuit,Unknown,1,6-3,4,Scalia,0
2014,Wellness International Network v. Sharif,13-935,7th Circuit,Unknown,1,6-3,4,Thomas,0
2014,Wellness International Network v. Sharif,13-935,7th Circuit,Unknown,1,6-3,4,Sotomayor,1
2014,Wellness International Network v. Sharif,13-935,7th Circuit,Unknown,1,6-3,4,Kennedy,1
2014,Wellness International Network v. Sharif,13-935,7th Circuit,Unknown,1,6-3,4,Ginsburg,1
2014,Wellness International Network v. Sharif,13-935,7th Circuit,Unknown,1,6-3,4,Breyer,1
2014,Wellness International Network v. Sharif,13-935,7th Circuit,Unknown,1,6-3,4,Kagan,1
2014,Wellness International Network v. Sharif,13-935,7th Circuit,Unknown,1,6-3,4,Jr.,1
2014,Wellness International Network v. Sharif,13-935,7th Circuit,Unknown,1,6-3,4,Jr.,0
2014,Wellness International Network v. Sharif,13-935,7th Circuit,Unknown,1,6-3,4,Scalia,0
2014,Wellness International Network v. Sharif,13-935,7th Circuit,Unknown,1,6-3,4,Thomas,0
2014,"T-Mobile South, LLC v. City of Roswell, Georgia",13-975,11th Circuit,Unknown,1,6-3,4,Sotomayor,1
2014,"T-Mobile South, LLC v. City of Roswell, Georgia",13-975,11th Circuit,Unknown,1,6-3,4,Scalia,1
2014,"T-Mobile South, LLC v. City of Roswell, Georgia",13-975,11th Circuit,Unknown,1,6-3,4,Kennedy,1
2014,"T-Mobile South, LLC v. City of Roswell, Georgia",13-975,11th Circuit,Unknown,1,6-3,4,Breyer,1
2014,"T-Mobile South, LLC v. City of Roswell, Georgia",13-975,11th Circuit,Unknown,1,6-3,4,Jr.,1
2014,"T-Mobile South, LLC v. City of Roswell, Georgia",13-975,11th Circuit,Unknown,1,6-3,4,Kagan,1
2014,"T-Mobile South, LLC v. City of Roswell, Georgia",13-975,11th Circuit,Unknown,1,6-3,4,Thomas,0
2014,"T-Mobile South, LLC v. City of Roswell, Georgia",13-975,11th Circuit,Unknown,1,6-3,4,Jr.,0
2014,"T-Mobile South, LLC v. City of Roswell, Georgia",13-975,11th Circuit,Unknown,1,6-3,4,Ginsburg,0
2014,Elonis v. United States,13-983,3rd Circuit,Unknown,1,8-1,4,Jr.,1
2014,Elonis v. United States,13-983,3rd Circuit,Unknown,1,8-1,4,Scalia,1
2014,Elonis v. United States,13-983,3rd Circuit,Unknown,1,8-1,4,Kennedy,1
2014,Elonis v. United States,13-983,3rd Circuit,Unknown,1,8-1,4,Ginsburg,1
2014,Elonis v. United States,13-983,3rd Circuit,Unknown,1,8-1,4,Breyer,1
2014,Elonis v. United States,13-983,3rd Circuit,Unknown,1,8-1,4,Sotomayor,1
2014,Elonis v. United States,13-983,3rd Circuit,Unknown,1,8-1,4,Kagan,1
2014,Elonis v. United States,13-983,3rd Circuit,Unknown,1,8-1,4,Thomas,0
2014,Elonis v. United States,13-983,3rd Circuit,Unknown,1,8-1,4,Jr.,1
2014,Rodriguez v. United States,13-9972,8th Circuit,Unknown,1,6-3,4,Ginsburg,1
2014,Rodriguez v. United States,13-9972,8th Circuit,Unknown,1,6-3,4,Jr.,1
2014,Rodriguez v. United States,13-9972,8th Circuit,Unknown,1,6-3,4,Scalia,1
2014,Rodriguez v. United States,13-9972,8th Circuit,Unknown,1,6-3,4,Breyer,1
2014,Rodriguez v. United States,13-9972,8th Circuit,Unknown,1,6-3,4,Sotomayor,1
2014,Rodriguez v. United States,13-9972,8th Circuit,Unknown,1,6-3,4,Kagan,1
2014,Rodriguez v. United States,13-9972,8th Circuit,Unknown,1,6-3,4,Kennedy,0
2014,Rodriguez v. United States,13-9972,8th Circuit,Unknown,1,6-3,4,Thomas,0
2014,Rodriguez v. United States,13-9972,8th Circuit,Unknown,1,6-3,4,Jr.,0
2014,"Baker Botts, LLP v. ASARCO, LLC",14-103,5th Circuit,Unknown,0,6-3,4,Thomas,1
2014,"Baker Botts, LLP v. ASARCO, LLC",14-103,5th Circuit,Unknown,0,6-3,4,Jr.,1
2014,"Baker Botts, LLP v. ASARCO, LLC",14-103,5th Circuit,Unknown,0,6-3,4,Scalia,1
2014,"Baker Botts, LLP v. ASARCO, LLC",14-103,5th Circuit,Unknown,0,6-3,4,Kennedy,1
2014,"Baker Botts, LLP v. ASARCO, LLC",14-103,5th Circuit,Unknown,0,6-3,4,Jr.,1
2014,"Baker Botts, LLP v. ASARCO, LLC",14-103,5th Circuit,Unknown,0,6-3,4,Sotomayor,1
2014,"Baker Botts, LLP v. ASARCO, LLC",14-103,5th Circuit,Unknown,0,6-3,4,Breyer,0
2014,"Baker Botts, LLP v. ASARCO, LLC",14-103,5th Circuit,Unknown,0,6-3,4,Ginsburg,0
2014,"Baker Botts, LLP v. ASARCO, LLC",14-103,5th Circuit,Unknown,0,6-3,4,Kagan,0
2014,King v. Burwell,14-114,4th Circuit,Unknown,0,6-3,4,Jr.,1
2014,King v. Burwell,14-114,4th Circuit,Unknown,0,6-3,4,Kennedy,1
2014,King v. Burwell,14-114,4th Circuit,Unknown,0,6-3,4,Ginsburg,1
2014,King v. Burwell,14-114,4th Circuit,Unknown,0,6-3,4,Breyer,1
2014,King v. Burwell,14-114,4th Circuit,Unknown,0,6-3,4,Sotomayor,1
2014,King v. Burwell,14-114,4th Circuit,Unknown,0,6-3,4,Kagan,1
2014,King v. Burwell,14-114,4th Circuit,Unknown,0,6-3,4,Scalia,0
2014,King v. Burwell,14-114,4th Circuit,Unknown,0,6-3,4,Thomas,0
2014,King v. Burwell,14-114,4th Circuit,Unknown,0,6-3,4,Jr.,0
2014,"Bullard v. Blue Hills Bank, fka Hyde Park Savings",14-116,1st Circuit,Unknown,0,9-0,4,Jr.,1
2014,"Bullard v. Blue Hills Bank, fka Hyde Park Savings",14-116,1st Circuit,Unknown,0,9-0,4,Scalia,1
2014,"Bullard v. Blue Hills Bank, fka Hyde Park Savings",14-116,1st Circuit,Unknown,0,9-0,4,Kennedy,1
2014,"Bullard v. Blue Hills Bank, fka Hyde Park Savings",14-116,1st Circuit,Unknown,0,9-0,4,Thomas,1
2014,"Bullard v. Blue Hills Bank, fka Hyde Park Savings",14-116,1st Circuit,Unknown,0,9-0,4,Ginsburg,1
2014,"Bullard v. Blue Hills Bank, fka Hyde Park Savings",14-116,1st Circuit,Unknown,0,9-0,4,Breyer,1
2014,"Bullard v. Blue Hills Bank, fka Hyde Park Savings",14-116,1st Circuit,Unknown,0,9-0,4,Jr.,1
2014,"Bullard v. Blue Hills Bank, fka Hyde Park Savings",14-116,1st Circuit,Unknown,0,9-0,4,Sotomayor,1
2014,"Bullard v. Blue Hills Bank, fka Hyde Park Savings",14-116,1st Circuit,Unknown,0,9-0,4,Kagan,1
2014,"Walker v. Texas Division, Sons of Confederate Veterans, Inc.",14-144,5th Circuit,Unknown,1,5-4,4,Breyer,1
2014,"Walker v. Texas Division, Sons of Confederate Veterans, Inc.",14-144,5th Circuit,Unknown,1,5-4,4,Thomas,1
2014,"Walker v. Texas Division, Sons of Confederate Veterans, Inc.",14-144,5th Circuit,Unknown,1,5-4,4,Ginsburg,1
2014,"Walker v. Texas Division, Sons of Confederate Veterans, Inc.",14-144,5th Circuit,Unknown,1,5-4,4,Sotomayor,1
2014,"Walker v. Texas Division, Sons of Confederate Veterans, Inc.",14-144,5th Circuit,Unknown,1,5-4,4,Kagan,1
2014,"Walker v. Texas Division, Sons of Confederate Veterans, Inc.",14-144,5th Circuit,Unknown,1,5-4,4,Jr.,0
2014,"Walker v. Texas Division, Sons of Confederate Veterans, Inc.",14-144,5th Circuit,Unknown,1,5-4,4,Jr.,0
2014,"Walker v. Texas Division, Sons of Confederate Veterans, Inc.",14-144,5th Circuit,Unknown,1,5-4,4,Scalia,0
2014,"Walker v. Texas Division, Sons of Confederate Veterans, Inc.",14-144,5th Circuit,Unknown,1,5-4,4,Kennedy,0
2014,"Armstrong v. Exceptional Child Center, Inc.",14-15,9th Circuit,Unknown,1,5-4,4,Scalia,1
2014,"Armstrong v. Exceptional Child Center, Inc.",14-15,9th Circuit,Unknown,1,5-4,4,Jr.,1
2014,"Armstrong v. Exceptional Child Center, Inc.",14-15,9th Circuit,Unknown,1,5-4,4,Thomas,1
2014,"Armstrong v. Exceptional Child Center, Inc.",14-15,9th Circuit,Unknown,1,5-4,4,Jr.,1
2014,"Armstrong v. Exceptional Child Center, Inc.",14-15,9th Circuit,Unknown,1,5-4,4,Breyer,1
2014,"Armstrong v. Exceptional Child Center, Inc.",14-15,9th Circuit,Unknown,1,5-4,4,Sotomayor,0
2014,"Armstrong v. Exceptional Child Center, Inc.",14-15,9th Circuit,Unknown,1,5-4,4,Kennedy,0
2014,"Armstrong v. Exceptional Child Center, Inc.",14-15,9th Circuit,Unknown,1,5-4,4,Ginsburg,0
2014,"Armstrong v. Exceptional Child Center, Inc.",14-15,9th Circuit,Unknown,1,5-4,4,Kagan,0
2014,Bank of America v. Caulkett,13-1421,11th Circuit,Unknown,1,9-0,4,Thomas,1
2014,Bank of America v. Caulkett,13-1421,11th Circuit,Unknown,1,9-0,4,Jr.,1
2014,Bank of America v. Caulkett,13-1421,11th Circuit,Unknown,1,9-0,4,Scalia,1
2014,Bank of America v. Caulkett,13-1421,11th Circuit,Unknown,1,9-0,4,Ginsburg,1
2014,Bank of America v. Caulkett,13-1421,11th Circuit,Unknown,1,9-0,4,Jr.,1
2014,Bank of America v. Caulkett,13-1421,11th Circuit,Unknown,1,9-0,4,Kagan,1
2014,Bank of America v. Caulkett,13-1421,11th Circuit,Unknown,1,9-0,4,Kennedy,1
2014,Bank of America v. Caulkett,13-1421,11th Circuit,Unknown,1,9-0,4,Breyer,1
2014,Bank of America v. Caulkett,13-1421,11th Circuit,Unknown,1,9-0,4,Sotomayor,1
2014,Reyes Mata v. Lynch,14-185,5th Circuit,Unknown,1,8-1,4,Kagan,1
2014,Reyes Mata v. Lynch,14-185,5th Circuit,Unknown,1,8-1,4,Jr.,1
2014,Reyes Mata v. Lynch,14-185,5th Circuit,Unknown,1,8-1,4,Scalia,1
2014,Reyes Mata v. Lynch,14-185,5th Circuit,Unknown,1,8-1,4,Kennedy,1
2014,Reyes Mata v. Lynch,14-185,5th Circuit,Unknown,1,8-1,4,Ginsburg,1
2014,Reyes Mata v. Lynch,14-185,5th Circuit,Unknown,1,8-1,4,Breyer,1
2014,Reyes Mata v. Lynch,14-185,5th Circuit,Unknown,1,8-1,4,Jr.,1
2014,Reyes Mata v. Lynch,14-185,5th Circuit,Unknown,1,8-1,4,Sotomayor,1
2014,Reyes Mata v. Lynch,14-185,5th Circuit,Unknown,1,8-1,4,Thomas,0
2014,Carroll v. Carman,14-212,3rd Circuit,Unknown,1,9-0,4,Jr.,1
2014,Carroll v. Carman,14-212,3rd Circuit,Unknown,1,9-0,4,Scalia,1
2014,Carroll v. Carman,14-212,3rd Circuit,Unknown,1,9-0,4,Kennedy,1
2014,Carroll v. Carman,14-212,3rd Circuit,Unknown,1,9-0,4,Thomas,1
2014,Carroll v. Carman,14-212,3rd Circuit,Unknown,1,9-0,4,Ginsburg,1
2014,Carroll v. Carman,14-212,3rd Circuit,Unknown,1,9-0,4,Breyer,1
2014,Carroll v. Carman,14-212,3rd Circuit,Unknown,1,9-0,4,Jr.,1
2014,Carroll v. Carman,14-212,3rd Circuit,Unknown,1,9-0,4,Sotomayor,1
2014,Carroll v. Carman,14-212,3rd Circuit,Unknown,1,9-0,4,Kagan,1
2014,Horne v. Department of Agriculture,14-275,9th Circuit,Unknown,1,8-1,4,Jr.,1
2014,Horne v. Department of Agriculture,14-275,9th Circuit,Unknown,1,8-1,4,Scalia,1
2014,Horne v. Department of Agriculture,14-275,9th Circuit,Unknown,1,8-1,4,Kennedy,1
2014,Horne v. Department of Agriculture,14-275,9th Circuit,Unknown,1,8-1,4,Thomas,1
2014,Horne v. Department of Agriculture,14-275,9th Circuit,Unknown,1,8-1,4,Jr.,1
2014,Horne v. Department of Agriculture,14-275,9th Circuit,Unknown,1,8-1,4,Ginsburg,1
2014,Horne v. Department of Agriculture,14-275,9th Circuit,Unknown,1,8-1,4,Breyer,1
2014,Horne v. Department of Agriculture,14-275,9th Circuit,Unknown,1,8-1,4,Kagan,1
2014,Horne v. Department of Agriculture,14-275,9th Circuit,Unknown,1,8-1,4,Sotomayor,0
2014,Horne v. Department of Agriculture,14-275,9th Circuit,Unknown,1,5-4,4,Jr.,1
2014,Horne v. Department of Agriculture,14-275,9th Circuit,Unknown,1,5-4,4,Scalia,1
2014,Horne v. Department of Agriculture,14-275,9th Circuit,Unknown,1,5-4,4,Kennedy,1
2014,Horne v. Department of Agriculture,14-275,9th Circuit,Unknown,1,5-4,4,Thomas,1
2014,Horne v. Department of Agriculture,14-275,9th Circuit,Unknown,1,5-4,4,Jr.,1
2014,Horne v. Department of Agriculture,14-275,9th Circuit,Unknown,1,5-4,4,Ginsburg,0
2014,Horne v. Department of Agriculture,14-275,9th Circuit,Unknown,1,5-4,4,Breyer,0
2014,Horne v. Department of Agriculture,14-275,9th Circuit,Unknown,1,5-4,4,Kagan,0
2014,Horne v. Department of Agriculture,14-275,9th Circuit,Unknown,1,5-4,4,Sotomayor,0
2014,McFadden v. United States,14-378,4th Circuit,Unknown,1,9-0,4,Thomas,1
2014,McFadden v. United States,14-378,4th Circuit,Unknown,1,9-0,4,Scalia,1
2014,McFadden v. United States,14-378,4th Circuit,Unknown,1,9-0,4,Kennedy,1
2014,McFadden v. United States,14-378,4th Circuit,Unknown,1,9-0,4,Ginsburg,1
2014,McFadden v. United States,14-378,4th Circuit,Unknown,1,9-0,4,Breyer,1
2014,McFadden v. United States,14-378,4th Circuit,Unknown,1,9-0,4,Jr.,1
2014,McFadden v. United States,14-378,4th Circuit,Unknown,1,9-0,4,Sotomayor,1
2014,McFadden v. United States,14-378,4th Circuit,Unknown,1,9-0,4,Kagan,1
2014,McFadden v. United States,14-378,4th Circuit,Unknown,1,9-0,4,Jr.,1
2014,Harris v. Viegelahn,14-400,5th Circuit,Unknown,1,9-0,4,Ginsburg,1
2014,Harris v. Viegelahn,14-400,5th Circuit,Unknown,1,9-0,4,Jr.,1
2014,Harris v. Viegelahn,14-400,5th Circuit,Unknown,1,9-0,4,Scalia,1
2014,Harris v. Viegelahn,14-400,5th Circuit,Unknown,1,9-0,4,Kennedy,1
2014,Harris v. Viegelahn,14-400,5th Circuit,Unknown,1,9-0,4,Thomas,1
2014,Harris v. Viegelahn,14-400,5th Circuit,Unknown,1,9-0,4,Jr.,1
2014,Harris v. Viegelahn,14-400,5th Circuit,Unknown,1,9-0,4,Breyer,1
2014,Harris v. Viegelahn,14-400,5th Circuit,Unknown,1,9-0,4,Sotomayor,1
2014,Harris v. Viegelahn,14-400,5th Circuit,Unknown,1,9-0,4,Kagan,1
2014,Michigan v. Environmental Protection Agency,14-46,Other,Unknown,1,5-4,4,Scalia,1
2014,Michigan v. Environmental Protection Agency,14-46,Other,Unknown,1,5-4,4,Jr.,1
2014,Michigan v. Environmental Protection Agency,14-46,Other,Unknown,1,5-4,4,Kennedy,1
2014,Michigan v. Environmental Protection Agency,14-46,Other,Unknown,1,5-4,4,Thomas,1
2014,Michigan v. Environmental Protection Agency,14-46,Other,Unknown,1,5-4,4,Jr.,1
2014,Michigan v. Environmental Protection Agency,14-46,Other,Unknown,1,5-4,4,Kagan,0
2014,Michigan v. Environmental Protection Agency,14-46,Other,Unknown,1,5-4,4,Ginsburg,0
2014,Michigan v. Environmental Protection Agency,14-46,Other,Unknown,1,5-4,4,Breyer,0
2014,Michigan v. Environmental Protection Agency,14-46,Other,Unknown,1,5-4,4,Sotomayor,0
2014,Obergefell v. Hodges,14-556,6th Circuit,Unknown,1,5-4,4,Kennedy,1
2014,Obergefell v. Hodges,14-556,6th Circuit,Unknown,1,5-4,4,Ginsburg,1
2014,Obergefell v. Hodges,14-556,6th Circuit,Unknown,1,5-4,4,Breyer,1
2014,Obergefell v. Hodges,14-556,6th Circuit,Unknown,1,5-4,4,Sotomayor,1
2014,Obergefell v. Hodges,14-556,6th Circuit,Unknown,1,5-4,4,Kagan,1
2014,Obergefell v. Hodges,14-556,6th Circuit,Unknown,1,5-4,4,Jr.,0
2014,Obergefell v. Hodges,14-556,6th Circuit,Unknown,1,5-4,4,Scalia,0
2014,Obergefell v. Hodges,14-556,6th Circuit,Unknown,1,5-4,4,Thomas,0
2014,Obergefell v. Hodges,14-556,6th Circuit,Unknown,1,5-4,4,Jr.,0
2014,Kingsley v. Hendrickson,14-6368,7th Circuit,Unknown,1,5-4,4,Breyer,1
2014,Kingsley v. Hendrickson,14-6368,7th Circuit,Unknown,1,5-4,4,Kennedy,1
2014,Kingsley v. Hendrickson,14-6368,7th Circuit,Unknown,1,5-4,4,Ginsburg,1
2014,Kingsley v. Hendrickson,14-6368,7th Circuit,Unknown,1,5-4,4,Sotomayor,1
2014,Kingsley v. Hendrickson,14-6368,7th Circuit,Unknown,1,5-4,4,Kagan,1
2014,Kingsley v. Hendrickson,14-6368,7th Circuit,Unknown,1,5-4,4,Scalia,0
2014,Kingsley v. Hendrickson,14-6368,7th Circuit,Unknown,1,5-4,4,Jr.,0
2014,Kingsley v. Hendrickson,14-6368,7th Circuit,Unknown,1,5-4,4,Thomas,0
2014,Kingsley v. Hendrickson,14-6368,7th Circuit,Unknown,1,5-4,4,Jr.,0
2014,Christeson v. Roper,14-6873,8th Circuit,Unknown,1,7-2,4,Jr.,1
2014,Christeson v. Roper,14-6873,8th Circuit,Unknown,1,7-2,4,Scalia,1
2014,Christeson v. Roper,14-6873,8th Circuit,Unknown,1,7-2,4,Kennedy,1
2014,Christeson v. Roper,14-6873,8th Circuit,Unknown,1,7-2,4,Thomas,0
2014,Christeson v. Roper,14-6873,8th Circuit,Unknown,1,7-2,4,Ginsburg,1
2014,Christeson v. Roper,14-6873,8th Circuit,Unknown,1,7-2,4,Breyer,1
2014,Christeson v. Roper,14-6873,8th Circuit,Unknown,1,7-2,4,Sotomayor,1
2014,Christeson v. Roper,14-6873,8th Circuit,Unknown,1,7-2,4,Kagan,1
2014,Christeson v. Roper,14-6873,8th Circuit,Unknown,1,7-2,4,Jr.,0
2014,Glossip v. Gross,14-7955,10th Circuit,Unknown,0,5-4,4,Jr.,1
2014,Glossip v. Gross,14-7955,10th Circuit,Unknown,0,5-4,4,Jr.,1
2014,Glossip v. Gross,14-7955,10th Circuit,Unknown,0,5-4,4,Scalia,1
2014,Glossip v. Gross,14-7955,10th Circuit,Unknown,0,5-4,4,Kennedy,1
2014,Glossip v. Gross,14-7955,10th Circuit,Unknown,0,5-4,4,Thomas,1
2014,Glossip v. Gross,14-7955,10th Circuit,Unknown,0,5-4,4,Breyer,0
2014,Glossip v. Gross,14-7955,10th Circuit,Unknown,0,5-4,4,Ginsburg,0
2014,Glossip v. Gross,14-7955,10th Circuit,Unknown,0,5-4,4,Sotomayor,0
2014,Glossip v. Gross,14-7955,10th Circuit,Unknown,0,5-4,4,Kagan,0
2014,Woods v. Donald,14-618,6th Circuit,Unknown,1,9-0,4,Jr.,1
2014,Woods v. Donald,14-618,6th Circuit,Unknown,1,9-0,4,Scalia,1
2014,Woods v. Donald,14-618,6th Circuit,Unknown,1,9-0,4,Kennedy,1
2014,Woods v. Donald,14-618,6th Circuit,Unknown,1,9-0,4,Thomas,1
2014,Woods v. Donald,14-618,6th Circuit,Unknown,1,9-0,4,Ginsburg,1
2014,Woods v. Donald,14-618,6th Circuit,Unknown,1,9-0,4,Breyer,1
2014,Woods v. Donald,14-618,6th Circuit,Unknown,1,9-0,4,Jr.,1
2014,Woods v. Donald,14-618,6th Circuit,Unknown,1,9-0,4,Sotomayor,1
2014,Woods v. Donald,14-618,6th Circuit,Unknown,1,9-0,4,Kagan,1
2014,Grady v. North Carolina,14-593,Other,Unknown,1,9-0,4,Jr.,1
2014,Grady v. North Carolina,14-593,Other,Unknown,1,9-0,4,Scalia,1
2014,Grady v. North Carolina,14-593,Other,Unknown,1,9-0,4,Kennedy,1
2014,Grady v. North Carolina,14-593,Other,Unknown,1,9-0,4,Thomas,1
2014,Grady v. North Carolina,14-593,Other,Unknown,1,9-0,4,Ginsburg,1
2014,Grady v. North Carolina,14-593,Other,Unknown,1,9-0,4,Breyer,1
2014,Grady v. North Carolina,14-593,Other,Unknown,1,9-0,4,Jr.,1
2014,Grady v. North Carolina,14-593,Other,Unknown,1,9-0,4,Sotomayor,1
2014,Grady v. North Carolina,14-593,Other,Unknown,1,9-0,4,Kagan,1
2013,United States v. Apel,12-1038,Other,Unknown,1,9-0,4,Jr.,1
2013,United States v. Apel,12-1038,Other,Unknown,1,9-0,4,Ginsburg,1
2013,United States v. Apel,12-1038,Other,Unknown,1,9-0,4,Jr.,1
2013,United States v. Apel,12-1038,Other,Unknown,1,9-0,4,Sotomayor,1
2013,United States v. Apel,12-1038,Other,Unknown,1,9-0,4,Kagan,1
2013,United States v. Apel,12-1038,Other,Unknown,1,9-0,4,Kennedy,1
2013,United States v. Apel,12-1038,Other,Unknown,1,9-0,4,Scalia,1
2013,United States v. Apel,12-1038,Other,Unknown,1,9-0,4,Thomas,1
2013,United States v. Apel,12-1038,Other,Unknown,1,9-0,4,Breyer,1
2013,Schuette v. Coalition to Defend Affirmative Action,12-682,Other,Unknown,1,6-3,4,Kennedy,1
2013,Schuette v. Coalition to Defend Affirmative Action,12-682,Other,Unknown,1,6-3,4,Jr.,1
2013,Schuette v. Coalition to Defend Affirmative Action,12-682,Other,Unknown,1,6-3,4,Jr.,1
2013,Schuette v. Coalition to Defend Affirmative Action,12-682,Other,Unknown,1,6-3,4,Scalia,1
2013,Schuette v. Coalition to Defend Affirmative Action,12-682,Other,Unknown,1,6-3,4,Thomas,1
2013,Schuette v. Coalition to Defend Affirmative Action,12-682,Other,Unknown,1,6-3,4,Breyer,1
2013,Schuette v. Coalition to Defend Affirmative Action,12-682,Other,Unknown,1,6-3,4,Ginsburg,0
2013,Schuette v. Coalition to Defend Affirmative Action,12-682,Other,Unknown,1,6-3,4,Sotomayor,0
2013,Schuette v. Coalition to Defend Affirmative Action,12-682,Other,Unknown,1,6-3,4,Kagan,0
2013,Michigan v. Bay Mills Indian Community,12-515,Other,Unknown,0,5-4,4,Kagan,1
2013,Michigan v. Bay Mills Indian Community,12-515,Other,Unknown,0,5-4,4,Jr.,1
2013,Michigan v. Bay Mills Indian Community,12-515,Other,Unknown,0,5-4,4,Kennedy,1
2013,Michigan v. Bay Mills Indian Community,12-515,Other,Unknown,0,5-4,4,Breyer,1
2013,Michigan v. Bay Mills Indian Community,12-515,Other,Unknown,0,5-4,4,Sotomayor,1
2013,Michigan v. Bay Mills Indian Community,12-515,Other,Unknown,0,5-4,4,Jr.,0
2013,Michigan v. Bay Mills Indian Community,12-515,Other,Unknown,0,5-4,4,Thomas,0
2013,Michigan v. Bay Mills Indian Community,12-515,Other,Unknown,0,5-4,4,Ginsburg,0
2013,Michigan v. Bay Mills Indian Community,12-515,Other,Unknown,0,5-4,4,Scalia,0
2013,"Mississippi, ex rel. Hood v. AU Optronics Corp.",12-1036,Other,Unknown,1,9-0,4,Sotomayor,1
2013,"Mississippi, ex rel. Hood v. AU Optronics Corp.",12-1036,Other,Unknown,1,9-0,4,Kagan,1
2013,"Mississippi, ex rel. Hood v. AU Optronics Corp.",12-1036,Other,Unknown,1,9-0,4,Ginsburg,1
2013,"Mississippi, ex rel. Hood v. AU Optronics Corp.",12-1036,Other,Unknown,1,9-0,4,Jr.,1
2013,"Mississippi, ex rel. Hood v. AU Optronics Corp.",12-1036,Other,Unknown,1,9-0,4,Kennedy,1
2013,"Mississippi, ex rel. Hood v. AU Optronics Corp.",12-1036,Other,Unknown,1,9-0,4,Scalia,1
2013,"Mississippi, ex rel. Hood v. AU Optronics Corp.",12-1036,Other,Unknown,1,9-0,4,Thomas,1
2013,"Mississippi, ex rel. Hood v. AU Optronics Corp.",12-1036,Other,Unknown,1,9-0,4,Breyer,1
2013,"Mississippi, ex rel. Hood v. AU Optronics Corp.",12-1036,Other,Unknown,1,9-0,4,Jr.,1
2013,BG Group PLC v. Argentina,12-138,Other,Unknown,1,7-2,4,Breyer,1
2013,BG Group PLC v. Argentina,12-138,Other,Unknown,1,7-2,4,Scalia,1
2013,BG Group PLC v. Argentina,12-138,Other,Unknown,1,7-2,4,Thomas,1
2013,BG Group PLC v. Argentina,12-138,Other,Unknown,1,7-2,4,Ginsburg,1
2013,BG Group PLC v. Argentina,12-138,Other,Unknown,1,7-2,4,Jr.,1
2013,BG Group PLC v. Argentina,12-138,Other,Unknown,1,7-2,4,Kagan,1
2013,BG Group PLC v. Argentina,12-138,Other,Unknown,1,7-2,4,Sotomayor,1
2013,BG Group PLC v. Argentina,12-138,Other,Unknown,1,7-2,4,Kennedy,0
2013,BG Group PLC v. Argentina,12-138,Other,Unknown,1,7-2,4,Jr.,0
2013,Burwell v. Hobby Lobby Stores,13-354,Other,Unknown,0,5-4,4,Jr.,1
2013,Burwell v. Hobby Lobby Stores,13-354,Other,Unknown,0,5-4,4,Jr.,1
2013,Burwell v. Hobby Lobby Stores,13-354,Other,Unknown,0,5-4,4,Scalia,1
2013,Burwell v. Hobby Lobby Stores,13-354,Other,Unknown,0,5-4,4,Kennedy,1
2013,Burwell v. Hobby Lobby Stores,13-354,Other,Unknown,0,5-4,4,Thomas,1
2013,Burwell v. Hobby Lobby Stores,13-354,Other,Unknown,0,5-4,4,Ginsburg,0
2013,Burwell v. Hobby Lobby Stores,13-354,Other,Unknown,0,5-4,4,Kagan,0
2013,Burwell v. Hobby Lobby Stores,13-354,Other,Unknown,0,5-4,4,Breyer,0
2013,Burwell v. Hobby Lobby Stores,13-354,Other,Unknown,0,5-4,4,Sotomayor,0
2013,Daimler AG v. Bauman,11-965,Other,Unknown,1,9-0,4,Ginsburg,1
2013,Daimler AG v. Bauman,11-965,Other,Unknown,1,9-0,4,Sotomayor,1
2013,Daimler AG v. Bauman,11-965,Other,Unknown,1,9-0,4,Jr.,1
2013,Daimler AG v. Bauman,11-965,Other,Unknown,1,9-0,4,Scalia,1
2013,Daimler AG v. Bauman,11-965,Other,Unknown,1,9-0,4,Kennedy,1
2013,Daimler AG v. Bauman,11-965,Other,Unknown,1,9-0,4,Thomas,1
2013,Daimler AG v. Bauman,11-965,Other,Unknown,1,9-0,4,Breyer,1
2013,Daimler AG v. Bauman,11-965,Other,Unknown,1,9-0,4,Jr.,1
2013,Daimler AG v. Bauman,11-965,Other,Unknown,1,9-0,4,Kagan,1
2013,Prado Navarette v. California,12-9490,Other,Unknown,0,5-4,4,Thomas,1
2013,Prado Navarette v. California,12-9490,Other,Unknown,0,5-4,4,Jr.,1
2013,Prado Navarette v. California,12-9490,Other,Unknown,0,5-4,4,Kennedy,1
2013,Prado Navarette v. California,12-9490,Other,Unknown,0,5-4,4,Breyer,1
2013,Prado Navarette v. California,12-9490,Other,Unknown,0,5-4,4,Jr.,1
2013,Prado Navarette v. California,12-9490,Other,Unknown,0,5-4,4,Scalia,0
2013,Prado Navarette v. California,12-9490,Other,Unknown,0,5-4,4,Ginsburg,0
2013,Prado Navarette v. California,12-9490,Other,Unknown,0,5-4,4,Sotomayor,0
2013,Prado Navarette v. California,12-9490,Other,Unknown,0,5-4,4,Kagan,0
2013,Fernandez v. California,12-7822,Other,Unknown,0,6-3,4,Jr.,1
2013,Fernandez v. California,12-7822,Other,Unknown,0,6-3,4,Jr.,1
2013,Fernandez v. California,12-7822,Other,Unknown,0,6-3,4,Scalia,1
2013,Fernandez v. California,12-7822,Other,Unknown,0,6-3,4,Kennedy,1
2013,Fernandez v. California,12-7822,Other,Unknown,0,6-3,4,Thomas,1
2013,Fernandez v. California,12-7822,Other,Unknown,0,6-3,4,Breyer,1
2013,Fernandez v. California,12-7822,Other,Unknown,0,6-3,4,Ginsburg,0
2013,Fernandez v. California,12-7822,Other,Unknown,0,6-3,4,Sotomayor,0
2013,Fernandez v. California,12-7822,Other,Unknown,0,6-3,4,Kagan,0
2013,Walden v. Fiore,12-574,Other,Unknown,1,9-0,4,Thomas,1
2013,Walden v. Fiore,12-574,Other,Unknown,1,9-0,4,Scalia,1
2013,Walden v. Fiore,12-574,Other,Unknown,1,9-0,4,Jr.,1
2013,Walden v. Fiore,12-574,Other,Unknown,1,9-0,4,Breyer,1
2013,Walden v. Fiore,12-574,Other,Unknown,1,9-0,4,Kennedy,1
2013,Walden v. Fiore,12-574,Other,Unknown,1,9-0,4,Jr.,1
2013,Walden v. Fiore,12-574,Other,Unknown,1,9-0,4,Kagan,1
2013,Walden v. Fiore,12-574,Other,Unknown,1,9-0,4,Sotomayor,1
2013,Walden v. Fiore,12-574,Other,Unknown,1,9-0,4,Ginsburg,1
2013,United States v. Quality Stores,12-1408,Other,Unknown,1,8-1,4,Kagan,0
2013,United States v. Quality Stores,12-1408,Other,Unknown,1,8-1,4,Kennedy,1
2013,United States v. Quality Stores,12-1408,Other,Unknown,1,8-1,4,Ginsburg,1
2013,United States v. Quality Stores,12-1408,Other,Unknown,1,8-1,4,Sotomayor,1
2013,United States v. Quality Stores,12-1408,Other,Unknown,1,8-1,4,Jr.,1
2013,United States v. Quality Stores,12-1408,Other,Unknown,1,8-1,4,Scalia,1
2013,United States v. Quality Stores,12-1408,Other,Unknown,1,8-1,4,Jr.,1
2013,United States v. Quality Stores,12-1408,Other,Unknown,1,8-1,4,Breyer,1
2013,United States v. Quality Stores,12-1408,Other,Unknown,1,8-1,4,Thomas,1
2013,Abramski v. United States,12-1493,Other,Unknown,0,5-4,4,Kagan,1
2013,Abramski v. United States,12-1493,Other,Unknown,0,5-4,4,Kennedy,1
2013,Abramski v. United States,12-1493,Other,Unknown,0,5-4,4,Ginsburg,1
2013,Abramski v. United States,12-1493,Other,Unknown,0,5-4,4,Breyer,1
2013,Abramski v. United States,12-1493,Other,Unknown,0,5-4,4,Sotomayor,1
2013,Abramski v. United States,12-1493,Other,Unknown,0,5-4,4,Scalia,0
2013,Abramski v. United States,12-1493,Other,Unknown,0,5-4,4,Jr.,0
2013,Abramski v. United States,12-1493,Other,Unknown,0,5-4,4,Thomas,0
2013,Abramski v. United States,12-1493,Other,Unknown,0,5-4,4,Jr.,0
2013,Fifth Third Bancorp v. Dudenhoeffer,12-751,Other,Unknown,0,9-0,4,Breyer,1
2013,Fifth Third Bancorp v. Dudenhoeffer,12-751,Other,Unknown,0,9-0,4,Ginsburg,1
2013,Fifth Third Bancorp v. Dudenhoeffer,12-751,Other,Unknown,0,9-0,4,Kagan,1
2013,Fifth Third Bancorp v. Dudenhoeffer,12-751,Other,Unknown,0,9-0,4,Sotomayor,1
2013,Fifth Third Bancorp v. Dudenhoeffer,12-751,Other,Unknown,0,9-0,4,Scalia,1
2013,Fifth Third Bancorp v. Dudenhoeffer,12-751,Other,Unknown,0,9-0,4,Jr.,1
2013,Fifth Third Bancorp v. Dudenhoeffer,12-751,Other,Unknown,0,9-0,4,Kennedy,1
2013,Fifth Third Bancorp v. Dudenhoeffer,12-751,Other,Unknown,0,9-0,4,Jr.,1
2013,Fifth Third Bancorp v. Dudenhoeffer,12-751,Other,Unknown,0,9-0,4,Thomas,1
2013,Kansas v. Cheever,12-609,Other,Unknown,1,9-0,4,Sotomayor,1
2013,Kansas v. Cheever,12-609,Other,Unknown,1,9-0,4,Ginsburg,1
2013,Kansas v. Cheever,12-609,Other,Unknown,1,9-0,4,Kagan,1
2013,Kansas v. Cheever,12-609,Other,Unknown,1,9-0,4,Jr.,1
2013,Kansas v. Cheever,12-609,Other,Unknown,1,9-0,4,Scalia,1
2013,Kansas v. Cheever,12-609,Other,Unknown,1,9-0,4,Jr.,1
2013,Kansas v. Cheever,12-609,Other,Unknown,1,9-0,4,Kennedy,1
2013,Kansas v. Cheever,12-609,Other,Unknown,1,9-0,4,Thomas,1
2013,Kansas v. Cheever,12-609,Other,Unknown,1,9-0,4,Breyer,1
2013,Loughrin v. United States,13-316,Other,Unknown,0,9-0,4,Kagan,1
2013,Loughrin v. United States,13-316,Other,Unknown,0,9-0,4,Jr.,1
2013,Loughrin v. United States,13-316,Other,Unknown,0,9-0,4,Thomas,1
2013,Loughrin v. United States,13-316,Other,Unknown,0,9-0,4,Scalia,1
2013,Loughrin v. United States,13-316,Other,Unknown,0,9-0,4,Jr.,1
2013,Loughrin v. United States,13-316,Other,Unknown,0,9-0,4,Kennedy,1
2013,Loughrin v. United States,13-316,Other,Unknown,0,9-0,4,Ginsburg,1
2013,Loughrin v. United States,13-316,Other,Unknown,0,9-0,4,Breyer,1
2013,Loughrin v. United States,13-316,Other,Unknown,0,9-0,4,Sotomayor,1
2013,McCullen v. Coakley,12-1168,Other,Unknown,1,9-0,4,Jr.,1
2013,McCullen v. Coakley,12-1168,Other,Unknown,1,9-0,4,Ginsburg,1
2013,McCullen v. Coakley,12-1168,Other,Unknown,1,9-0,4,Breyer,1
2013,McCullen v. Coakley,12-1168,Other,Unknown,1,9-0,4,Sotomayor,1
2013,McCullen v. Coakley,12-1168,Other,Unknown,1,9-0,4,Kagan,1
2013,McCullen v. Coakley,12-1168,Other,Unknown,1,9-0,4,Scalia,1
2013,McCullen v. Coakley,12-1168,Other,Unknown,1,9-0,4,Kennedy,1
2013,McCullen v. Coakley,12-1168,Other,Unknown,1,9-0,4,Thomas,1
2013,McCullen v. Coakley,12-1168,Other,Unknown,1,9-0,4,Jr.,1
2013,Sprint Communications Co. v. Jacobs,12-815,Other,Unknown,1,9-0,4,Ginsburg,1
2013,Sprint Communications Co. v. Jacobs,12-815,Other,Unknown,1,9-0,4,Scalia,1
2013,Sprint Communications Co. v. Jacobs,12-815,Other,Unknown,1,9-0,4,Breyer,1
2013,Sprint Communications Co. v. Jacobs,12-815,Other,Unknown,1,9-0,4,Thomas,1
2013,Sprint Communications Co. v. Jacobs,12-815,Other,Unknown,1,9-0,4,Kagan,1
2013,Sprint Communications Co. v. Jacobs,12-815,Other,Unknown,1,9-0,4,Sotomayor,1
2013,Sprint Communications Co. v. Jacobs,12-815,Other,Unknown,1,9-0,4,Kennedy,1
2013,Sprint Communications Co. v. Jacobs,12-815,Other,Unknown,1,9-0,4,Jr.,1
2013,Sprint Communications Co. v. Jacobs,12-815,Other,Unknown,1,9-0,4,Jr.,1
2013,Lexmark International v. Static Control Components,12-873,Other,Unknown,0,9-0,4,Scalia,1
2013,Lexmark International v. Static Control Components,12-873,Other,Unknown,0,9-0,4,Jr.,1
2013,Lexmark International v. Static Control Components,12-873,Other,Unknown,0,9-0,4,Thomas,1
2013,Lexmark International v. Static Control Components,12-873,Other,Unknown,0,9-0,4,Kennedy,1
2013,Lexmark International v. Static Control Components,12-873,Other,Unknown,0,9-0,4,Jr.,1
2013,Lexmark International v. Static Control Components,12-873,Other,Unknown,0,9-0,4,Kagan,1
2013,Lexmark International v. Static Control Components,12-873,Other,Unknown,0,9-0,4,Sotomayor,1
2013,Lexmark International v. Static Control Components,12-873,Other,Unknown,0,9-0,4,Ginsburg,1
2013,Lexmark International v. Static Control Components,12-873,Other,Unknown,0,9-0,4,Breyer,1
2013,Harris v. Quinn,11-681,Other,Unknown,1,5-4,4,Jr.,1
2013,Harris v. Quinn,11-681,Other,Unknown,1,5-4,4,Jr.,1
2013,Harris v. Quinn,11-681,Other,Unknown,1,5-4,4,Scalia,1
2013,Harris v. Quinn,11-681,Other,Unknown,1,5-4,4,Kennedy,1
2013,Harris v. Quinn,11-681,Other,Unknown,1,5-4,4,Thomas,1
2013,Harris v. Quinn,11-681,Other,Unknown,1,5-4,4,Kagan,0
2013,Harris v. Quinn,11-681,Other,Unknown,1,5-4,4,Ginsburg,0
2013,Harris v. Quinn,11-681,Other,Unknown,1,5-4,4,Breyer,0
2013,Harris v. Quinn,11-681,Other,Unknown,1,5-4,4,Sotomayor,0
2013,"Petrella v. MGM, Inc.",12-1315,Other,Unknown,1,6-3,4,Ginsburg,1
2013,"Petrella v. MGM, Inc.",12-1315,Other,Unknown,1,6-3,4,Scalia,1
2013,"Petrella v. MGM, Inc.",12-1315,Other,Unknown,1,6-3,4,Thomas,1
2013,"Petrella v. MGM, Inc.",12-1315,Other,Unknown,1,6-3,4,Jr.,1
2013,"Petrella v. MGM, Inc.",12-1315,Other,Unknown,1,6-3,4,Sotomayor,1
2013,"Petrella v. MGM, Inc.",12-1315,Other,Unknown,1,6-3,4,Kagan,1
2013,"Petrella v. MGM, Inc.",12-1315,Other,Unknown,1,6-3,4,Breyer,0
2013,"Petrella v. MGM, Inc.",12-1315,Other,Unknown,1,6-3,4,Jr.,0
2013,"Petrella v. MGM, Inc.",12-1315,Other,Unknown,1,6-3,4,Kennedy,0
2013,Air Wisconsin Airlines Corp. v. Hoeper,12-315,Other,Unknown,1,9-0,4,Sotomayor,1
2013,Air Wisconsin Airlines Corp. v. Hoeper,12-315,Other,Unknown,1,9-0,4,Jr.,1
2013,Air Wisconsin Airlines Corp. v. Hoeper,12-315,Other,Unknown,1,9-0,4,Kennedy,1
2013,Air Wisconsin Airlines Corp. v. Hoeper,12-315,Other,Unknown,1,9-0,4,Ginsburg,1
2013,Air Wisconsin Airlines Corp. v. Hoeper,12-315,Other,Unknown,1,9-0,4,Breyer,1
2013,Air Wisconsin Airlines Corp. v. Hoeper,12-315,Other,Unknown,1,9-0,4,Jr.,1
2013,Air Wisconsin Airlines Corp. v. Hoeper,12-315,Other,Unknown,1,9-0,4,Scalia,1
2013,Air Wisconsin Airlines Corp. v. Hoeper,12-315,Other,Unknown,1,9-0,4,Thomas,1
2013,Air Wisconsin Airlines Corp. v. Hoeper,12-315,Other,Unknown,1,9-0,4,Kagan,1
2013,Wood v. Moss,13-115,Other,Unknown,1,9-0,4,Ginsburg,1
2013,Wood v. Moss,13-115,Other,Unknown,1,9-0,4,Scalia,1
2013,Wood v. Moss,13-115,Other,Unknown,1,9-0,4,Jr.,1
2013,Wood v. Moss,13-115,Other,Unknown,1,9-0,4,Thomas,1
2013,Wood v. Moss,13-115,Other,Unknown,1,9-0,4,Kennedy,1
2013,Wood v. Moss,13-115,Other,Unknown,1,9-0,4,Breyer,1
2013,Wood v. Moss,13-115,Other,Unknown,1,9-0,4,Jr.,1
2013,Wood v. Moss,13-115,Other,Unknown,1,9-0,4,Sotomayor,1
2013,Wood v. Moss,13-115,Other,Unknown,1,9-0,4,Kagan,1
2013,Burt v. Titlow,12-414,Other,Unknown,1,9-0,4,Jr.,1
2013,Burt v. Titlow,12-414,Other,Unknown,1,9-0,4,Jr.,1
2013,Burt v. Titlow,12-414,Other,Unknown,1,9-0,4,Scalia,1
2013,Burt v. Titlow,12-414,Other,Unknown,1,9-0,4,Kennedy,1
2013,Burt v. Titlow,12-414,Other,Unknown,1,9-0,4,Thomas,1
2013,Burt v. Titlow,12-414,Other,Unknown,1,9-0,4,Breyer,1
2013,Burt v. Titlow,12-414,Other,Unknown,1,9-0,4,Kagan,1
2013,Burt v. Titlow,12-414,Other,Unknown,1,9-0,4,Sotomayor,1
2013,Burt v. Titlow,12-414,Other,Unknown,1,9-0,4,Ginsburg,1
2013,"Medtronic, Inc. v. Boston Scientific Corp.",12-1128,Other,Unknown,1,8-1,4,Breyer,1
2013,"Medtronic, Inc. v. Boston Scientific Corp.",12-1128,Other,Unknown,1,8-1,4,Scalia,1
2013,"Medtronic, Inc. v. Boston Scientific Corp.",12-1128,Other,Unknown,1,8-1,4,Kennedy,1
2013,"Medtronic, Inc. v. Boston Scientific Corp.",12-1128,Other,Unknown,1,8-1,4,Jr.,1
2013,"Medtronic, Inc. v. Boston Scientific Corp.",12-1128,Other,Unknown,1,8-1,4,Sotomayor,1
2013,"Medtronic, Inc. v. Boston Scientific Corp.",12-1128,Other,Unknown,1,8-1,4,Kagan,1
2013,"Medtronic, Inc. v. Boston Scientific Corp.",12-1128,Other,Unknown,1,8-1,4,Thomas,1
2013,"Medtronic, Inc. v. Boston Scientific Corp.",12-1128,Other,Unknown,1,8-1,4,Jr.,1
2013,Atlantic Marine Construction Company v. U.S. District Court for the Western District of Texas,12-929,Other,Unknown,1,9-0,4,Jr.,1
2013,Atlantic Marine Construction Company v. U.S. District Court for the Western District of Texas,12-929,Other,Unknown,1,9-0,4,Scalia,1
2013,Atlantic Marine Construction Company v. U.S. District Court for the Western District of Texas,12-929,Other,Unknown,1,9-0,4,Thomas,1
2013,Atlantic Marine Construction Company v. U.S. District Court for the Western District of Texas,12-929,Other,Unknown,1,9-0,4,Ginsburg,1
2013,Atlantic Marine Construction Company v. U.S. District Court for the Western District of Texas,12-929,Other,Unknown,1,9-0,4,Sotomayor,1
2013,Atlantic Marine Construction Company v. U.S. District Court for the Western District of Texas,12-929,Other,Unknown,1,9-0,4,Kagan,1
2013,Atlantic Marine Construction Company v. U.S. District Court for the Western District of Texas,12-929,Other,Unknown,1,9-0,4,Jr.,1
2013,Atlantic Marine Construction Company v. U.S. District Court for the Western District of Texas,12-929,Other,Unknown,1,9-0,4,Kennedy,1
2013,Atlantic Marine Construction Company v. U.S. District Court for the Western District of Texas,12-929,Other,Unknown,1,9-0,4,Breyer,1
2013,White v. Woodall,12-794,Other,Unknown,1,6-3,4,Scalia,1
2013,White v. Woodall,12-794,Other,Unknown,1,6-3,4,Jr.,1
2013,White v. Woodall,12-794,Other,Unknown,1,6-3,4,Kennedy,1
2013,White v. Woodall,12-794,Other,Unknown,1,6-3,4,Thomas,1
2013,White v. Woodall,12-794,Other,Unknown,1,6-3,4,Jr.,1
2013,White v. Woodall,12-794,Other,Unknown,1,6-3,4,Kagan,1
2013,White v. Woodall,12-794,Other,Unknown,1,6-3,4,Breyer,0
2013,White v. Woodall,12-794,Other,Unknown,1,6-3,4,Ginsburg,0
2013,White v. Woodall,12-794,Other,Unknown,1,6-3,4,Sotomayor,0
2013,Chadbourne and Parke LLP v. Troice,12-79,Other,Unknown,0,7-2,4,Breyer,1
2013,Chadbourne and Parke LLP v. Troice,12-79,Other,Unknown,0,7-2,4,Thomas,1
2013,Chadbourne and Parke LLP v. Troice,12-79,Other,Unknown,0,7-2,4,Jr.,1
2013,Chadbourne and Parke LLP v. Troice,12-79,Other,Unknown,0,7-2,4,Scalia,1
2013,Chadbourne and Parke LLP v. Troice,12-79,Other,Unknown,0,7-2,4,Ginsburg,1
2013,Chadbourne and Parke LLP v. Troice,12-79,Other,Unknown,0,7-2,4,Sotomayor,1
2013,Chadbourne and Parke LLP v. Troice,12-79,Other,Unknown,0,7-2,4,Kagan,1
2013,Chadbourne and Parke LLP v. Troice,12-79,Other,Unknown,0,7-2,4,Kennedy,0
2013,Chadbourne and Parke LLP v. Troice,12-79,Other,Unknown,0,7-2,4,Jr.,0
2013,National Labor Relations Board v. Noel Canning,12-1281,Other,Unknown,0,9-0,4,Breyer,1
2013,National Labor Relations Board v. Noel Canning,12-1281,Other,Unknown,0,9-0,4,Kagan,1
2013,National Labor Relations Board v. Noel Canning,12-1281,Other,Unknown,0,9-0,4,Kennedy,1
2013,National Labor Relations Board v. Noel Canning,12-1281,Other,Unknown,0,9-0,4,Ginsburg,1
2013,National Labor Relations Board v. Noel Canning,12-1281,Other,Unknown,0,9-0,4,Sotomayor,1
2013,National Labor Relations Board v. Noel Canning,12-1281,Other,Unknown,0,9-0,4,Scalia,1
2013,National Labor Relations Board v. Noel Canning,12-1281,Other,Unknown,0,9-0,4,Jr.,1
2013,National Labor Relations Board v. Noel Canning,12-1281,Other,Unknown,0,9-0,4,Thomas,1
2013,National Labor Relations Board v. Noel Canning,12-1281,Other,Unknown,0,9-0,4,Jr.,1
2013,Executive Benefits Insurance Agency v. Arkison,12-1200,Other,Unknown,0,9-0,4,Thomas,1
2013,Executive Benefits Insurance Agency v. Arkison,12-1200,Other,Unknown,0,9-0,4,Scalia,1
2013,Executive Benefits Insurance Agency v. Arkison,12-1200,Other,Unknown,0,9-0,4,Kennedy,1
2013,Executive Benefits Insurance Agency v. Arkison,12-1200,Other,Unknown,0,9-0,4,Jr.,1
2013,Executive Benefits Insurance Agency v. Arkison,12-1200,Other,Unknown,0,9-0,4,Sotomayor,1
2013,Executive Benefits Insurance Agency v. Arkison,12-1200,Other,Unknown,0,9-0,4,Ginsburg,1
2013,Executive Benefits Insurance Agency v. Arkison,12-1200,Other,Unknown,0,9-0,4,Kagan,1
2013,Executive Benefits Insurance Agency v. Arkison,12-1200,Other,Unknown,0,9-0,4,Breyer,1
2013,Executive Benefits Insurance Agency v. Arkison,12-1200,Other,Unknown,0,9-0,4,Jr.,1
2013,Plumhoff v. Rickard,12-1117,Other,Unknown,1,9-0,4,Jr.,1
2013,Plumhoff v. Rickard,12-1117,Other,Unknown,1,9-0,4,Jr.,1
2013,Plumhoff v. Rickard,12-1117,Other,Unknown,1,9-0,4,Scalia,1
2013,Plumhoff v. Rickard,12-1117,Other,Unknown,1,9-0,4,Kennedy,1
2013,Plumhoff v. Rickard,12-1117,Other,Unknown,1,9-0,4,Thomas,1
2013,Plumhoff v. Rickard,12-1117,Other,Unknown,1,9-0,4,Ginsburg,1
2013,Plumhoff v. Rickard,12-1117,Other,Unknown,1,9-0,4,Breyer,1
2013,Plumhoff v. Rickard,12-1117,Other,Unknown,1,9-0,4,Sotomayor,1
2013,Plumhoff v. Rickard,12-1117,Other,Unknown,1,9-0,4,Kagan,1
2013,United States v. Woods,12-562,Other,Unknown,1,9-0,4,Scalia,1
2013,United States v. Woods,12-562,Other,Unknown,1,9-0,4,Thomas,1
2013,United States v. Woods,12-562,Other,Unknown,1,9-0,4,Jr.,1
2013,United States v. Woods,12-562,Other,Unknown,1,9-0,4,Kennedy,1
2013,United States v. Woods,12-562,Other,Unknown,1,9-0,4,Jr.,1
2013,United States v. Woods,12-562,Other,Unknown,1,9-0,4,Breyer,1
2013,United States v. Woods,12-562,Other,Unknown,1,9-0,4,Sotomayor,1
2013,United States v. Woods,12-562,Other,Unknown,1,9-0,4,Ginsburg,1
2013,United States v. Woods,12-562,Other,Unknown,1,9-0,4,Kagan,1
2013,Kaley v. United States,12-464,Other,Unknown,0,6-3,4,Kagan,1
2013,Kaley v. United States,12-464,Other,Unknown,0,6-3,4,Scalia,1
2013,Kaley v. United States,12-464,Other,Unknown,0,6-3,4,Kennedy,1
2013,Kaley v. United States,12-464,Other,Unknown,0,6-3,4,Thomas,1
2013,Kaley v. United States,12-464,Other,Unknown,0,6-3,4,Ginsburg,1
2013,Kaley v. United States,12-464,Other,Unknown,0,6-3,4,Jr.,1
2013,Kaley v. United States,12-464,Other,Unknown,0,6-3,4,Jr.,0
2013,Kaley v. United States,12-464,Other,Unknown,0,6-3,4,Breyer,0
2013,Kaley v. United States,12-464,Other,Unknown,0,6-3,4,Sotomayor,0
2013,Town of Greece v. Galloway,12-696,Other,Unknown,1,5-4,4,Kennedy,1
2013,Town of Greece v. Galloway,12-696,Other,Unknown,1,5-4,4,Jr.,1
2013,Town of Greece v. Galloway,12-696,Other,Unknown,1,5-4,4,Scalia,1
2013,Town of Greece v. Galloway,12-696,Other,Unknown,1,5-4,4,Thomas,1
2013,Town of Greece v. Galloway,12-696,Other,Unknown,1,5-4,4,Jr.,1
2013,Town of Greece v. Galloway,12-696,Other,Unknown,1,5-4,4,Breyer,0
2013,Town of Greece v. Galloway,12-696,Other,Unknown,1,5-4,4,Kagan,0
2013,Town of Greece v. Galloway,12-696,Other,Unknown,1,5-4,4,Sotomayor,0
2013,Town of Greece v. Galloway,12-696,Other,Unknown,1,5-4,4,Ginsburg,0
2013,McCutcheon v. Federal Election Commission,12-536,Other,Unknown,1,5-4,4,Jr.,1
2013,McCutcheon v. Federal Election Commission,12-536,Other,Unknown,1,5-4,4,Scalia,1
2013,McCutcheon v. Federal Election Commission,12-536,Other,Unknown,1,5-4,4,Kennedy,1
2013,McCutcheon v. Federal Election Commission,12-536,Other,Unknown,1,5-4,4,Jr.,1
2013,McCutcheon v. Federal Election Commission,12-536,Other,Unknown,1,5-4,4,Thomas,1
2013,McCutcheon v. Federal Election Commission,12-536,Other,Unknown,1,5-4,4,Breyer,0
2013,McCutcheon v. Federal Election Commission,12-536,Other,Unknown,1,5-4,4,Ginsburg,0
2013,McCutcheon v. Federal Election Commission,12-536,Other,Unknown,1,5-4,4,Sotomayor,0
2013,McCutcheon v. Federal Election Commission,12-536,Other,Unknown,1,5-4,4,Kagan,0
2013,Highmark v. Allcare Management Systems,12-1163,Federal Circuit,Unknown,1,9-0,4,Sotomayor,1
2013,Highmark v. Allcare Management Systems,12-1163,Federal Circuit,Unknown,1,9-0,4,Jr.,1
2013,Highmark v. Allcare Management Systems,12-1163,Federal Circuit,Unknown,1,9-0,4,Scalia,1
2013,Highmark v. Allcare Management Systems,12-1163,Federal Circuit,Unknown,1,9-0,4,Kennedy,1
2013,Highmark v. Allcare Management Systems,12-1163,Federal Circuit,Unknown,1,9-0,4,Thomas,1
2013,Highmark v. Allcare Management Systems,12-1163,Federal Circuit,Unknown,1,9-0,4,Ginsburg,1
2013,Highmark v. Allcare Management Systems,12-1163,Federal Circuit,Unknown,1,9-0,4,Breyer,1
2013,Highmark v. Allcare Management Systems,12-1163,Federal Circuit,Unknown,1,9-0,4,Jr.,1
2013,Highmark v. Allcare Management Systems,12-1163,Federal Circuit,Unknown,1,9-0,4,Kagan,1
2013,United States v. Castleman,12-1371,Other,Unknown,1,9-0,4,Sotomayor,1
2013,United States v. Castleman,12-1371,Other,Unknown,1,9-0,4,Jr.,1
2013,United States v. Castleman,12-1371,Other,Unknown,1,9-0,4,Kennedy,1
2013,United States v. Castleman,12-1371,Other,Unknown,1,9-0,4,Ginsburg,1
2013,United States v. Castleman,12-1371,Other,Unknown,1,9-0,4,Breyer,1
2013,United States v. Castleman,12-1371,Other,Unknown,1,9-0,4,Kagan,1
2013,United States v. Castleman,12-1371,Other,Unknown,1,9-0,4,Scalia,1
2013,United States v. Castleman,12-1371,Other,Unknown,1,9-0,4,Jr.,1
2013,United States v. Castleman,12-1371,Other,Unknown,1,9-0,4,Thomas,1
2013,Brandt Revocable Trust v. United States,12-1173,Other,Unknown,1,8-1,4,Jr.,1
2013,Brandt Revocable Trust v. United States,12-1173,Other,Unknown,1,8-1,4,Scalia,1
2013,Brandt Revocable Trust v. United States,12-1173,Other,Unknown,1,8-1,4,Kennedy,1
2013,Brandt Revocable Trust v. United States,12-1173,Other,Unknown,1,8-1,4,Thomas,1
2013,Brandt Revocable Trust v. United States,12-1173,Other,Unknown,1,8-1,4,Ginsburg,1
2013,Brandt Revocable Trust v. United States,12-1173,Other,Unknown,1,8-1,4,Breyer,1
2013,Brandt Revocable Trust v. United States,12-1173,Other,Unknown,1,8-1,4,Jr.,1
2013,Brandt Revocable Trust v. United States,12-1173,Other,Unknown,1,8-1,4,Kagan,1
2013,Brandt Revocable Trust v. United States,12-1173,Other,Unknown,1,8-1,4,Sotomayor,0
2013,Rosemond v. United States,12-895,Other,Unknown,1,7-2,4,Kagan,1
2013,Rosemond v. United States,12-895,Other,Unknown,1,7-2,4,Jr.,1
2013,Rosemond v. United States,12-895,Other,Unknown,1,7-2,4,Kennedy,1
2013,Rosemond v. United States,12-895,Other,Unknown,1,7-2,4,Ginsburg,1
2013,Rosemond v. United States,12-895,Other,Unknown,1,7-2,4,Breyer,1
2013,Rosemond v. United States,12-895,Other,Unknown,1,7-2,4,Sotomayor,1
2013,Rosemond v. United States,12-895,Other,Unknown,1,7-2,4,Scalia,1
2013,Rosemond v. United States,12-895,Other,Unknown,1,7-2,4,Jr.,0
2013,Rosemond v. United States,12-895,Other,Unknown,1,7-2,4,Thomas,0
2013,Ray Haluch Gravel Co. v. Central Pension Fund,12-992,Other,Unknown,1,9-0,4,Kennedy,1
2013,Ray Haluch Gravel Co. v. Central Pension Fund,12-992,Other,Unknown,1,9-0,4,Jr.,1
2013,Ray Haluch Gravel Co. v. Central Pension Fund,12-992,Other,Unknown,1,9-0,4,Scalia,1
2013,Ray Haluch Gravel Co. v. Central Pension Fund,12-992,Other,Unknown,1,9-0,4,Thomas,1
2013,Ray Haluch Gravel Co. v. Central Pension Fund,12-992,Other,Unknown,1,9-0,4,Ginsburg,1
2013,Ray Haluch Gravel Co. v. Central Pension Fund,12-992,Other,Unknown,1,9-0,4,Breyer,1
2013,Ray Haluch Gravel Co. v. Central Pension Fund,12-992,Other,Unknown,1,9-0,4,Jr.,1
2013,Ray Haluch Gravel Co. v. Central Pension Fund,12-992,Other,Unknown,1,9-0,4,Sotomayor,1
2013,Ray Haluch Gravel Co. v. Central Pension Fund,12-992,Other,Unknown,1,9-0,4,Kagan,1
2013,"Lawson and Zang v. FMR, LLC",12-3,Other,Unknown,1,6-3,4,Ginsburg,1
2013,"Lawson and Zang v. FMR, LLC",12-3,Other,Unknown,1,6-3,4,Jr.,1
2013,"Lawson and Zang v. FMR, LLC",12-3,Other,Unknown,1,6-3,4,Breyer,1
2013,"Lawson and Zang v. FMR, LLC",12-3,Other,Unknown,1,6-3,4,Kagan,1
2013,"Lawson and Zang v. FMR, LLC",12-3,Other,Unknown,1,6-3,4,Scalia,1
2013,"Lawson and Zang v. FMR, LLC",12-3,Other,Unknown,1,6-3,4,Thomas,1
2013,"Lawson and Zang v. FMR, LLC",12-3,Other,Unknown,1,6-3,4,Sotomayor,0
2013,"Lawson and Zang v. FMR, LLC",12-3,Other,Unknown,1,6-3,4,Kennedy,0
2013,"Lawson and Zang v. FMR, LLC",12-3,Other,Unknown,1,6-3,4,Jr.,0
2013,Lozano v. Montoya Alvarez,12-820,Other,Unknown,0,9-0,4,Thomas,1
2013,Lozano v. Montoya Alvarez,12-820,Other,Unknown,0,9-0,4,Jr.,1
2013,Lozano v. Montoya Alvarez,12-820,Other,Unknown,0,9-0,4,Scalia,1
2013,Lozano v. Montoya Alvarez,12-820,Other,Unknown,0,9-0,4,Kennedy,1
2013,Lozano v. Montoya Alvarez,12-820,Other,Unknown,0,9-0,4,Ginsburg,1
2013,Lozano v. Montoya Alvarez,12-820,Other,Unknown,0,9-0,4,Breyer,1
2013,Lozano v. Montoya Alvarez,12-820,Other,Unknown,0,9-0,4,Jr.,1
2013,Lozano v. Montoya Alvarez,12-820,Other,Unknown,0,9-0,4,Sotomayor,1
2013,Lozano v. Montoya Alvarez,12-820,Other,Unknown,0,9-0,4,Kagan,1
2013,Paroline v. United States,12-8561,Other,Unknown,1,5-4,4,Kennedy,1
2013,Paroline v. United States,12-8561,Other,Unknown,1,5-4,4,Ginsburg,1
2013,Paroline v. United States,12-8561,Other,Unknown,1,5-4,4,Breyer,1
2013,Paroline v. United States,12-8561,Other,Unknown,1,5-4,4,Jr.,1
2013,Paroline v. United States,12-8561,Other,Unknown,1,5-4,4,Kagan,1
2013,Paroline v. United States,12-8561,Other,Unknown,1,5-4,4,Jr.,0
2013,Paroline v. United States,12-8561,Other,Unknown,1,5-4,4,Scalia,0
2013,Paroline v. United States,12-8561,Other,Unknown,1,5-4,4,Thomas,0
2013,Paroline v. United States,12-8561,Other,Unknown,1,5-4,4,Sotomayor,0
2013,Burrage v. United States,12-7515,Other,Unknown,1,9-0,4,Scalia,1
2013,Burrage v. United States,12-7515,Other,Unknown,1,9-0,4,Jr.,1
2013,Burrage v. United States,12-7515,Other,Unknown,1,9-0,4,Kennedy,1
2013,Burrage v. United States,12-7515,Other,Unknown,1,9-0,4,Thomas,1
2013,Burrage v. United States,12-7515,Other,Unknown,1,9-0,4,Breyer,1
2013,Burrage v. United States,12-7515,Other,Unknown,1,9-0,4,Kagan,1
2013,Burrage v. United States,12-7515,Other,Unknown,1,9-0,4,Jr.,1
2013,Burrage v. United States,12-7515,Other,Unknown,1,9-0,4,Ginsburg,1
2013,Burrage v. United States,12-7515,Other,Unknown,1,9-0,4,Sotomayor,1
2013,Lane v. Franks,13-483,Other,Unknown,0,9-0,4,Jr.,1
2013,Lane v. Franks,13-483,Other,Unknown,0,9-0,4,Scalia,1
2013,Lane v. Franks,13-483,Other,Unknown,0,9-0,4,Kennedy,1
2013,Lane v. Franks,13-483,Other,Unknown,0,9-0,4,Thomas,1
2013,Lane v. Franks,13-483,Other,Unknown,0,9-0,4,Ginsburg,1
2013,Lane v. Franks,13-483,Other,Unknown,0,9-0,4,Breyer,1
2013,Lane v. Franks,13-483,Other,Unknown,0,9-0,4,Jr.,1
2013,Lane v. Franks,13-483,Other,Unknown,0,9-0,4,Sotomayor,1
2013,Lane v. Franks,13-483,Other,Unknown,0,9-0,4,Kagan,1
2013,"Northwest, Inc. v. Ginsberg",12-462,Other,Unknown,1,9-0,4,Jr.,1
2013,"Northwest, Inc. v. Ginsberg",12-462,Other,Unknown,1,9-0,4,Jr.,1
2013,"Northwest, Inc. v. Ginsberg",12-462,Other,Unknown,1,9-0,4,Scalia,1
2013,"Northwest, Inc. v. Ginsberg",12-462,Other,Unknown,1,9-0,4,Kennedy,1
2013,"Northwest, Inc. v. Ginsberg",12-462,Other,Unknown,1,9-0,4,Thomas,1
2013,"Northwest, Inc. v. Ginsberg",12-462,Other,Unknown,1,9-0,4,Ginsburg,1
2013,"Northwest, Inc. v. Ginsberg",12-462,Other,Unknown,1,9-0,4,Breyer,1
2013,"Northwest, Inc. v. Ginsberg",12-462,Other,Unknown,1,9-0,4,Sotomayor,1
2013,"Northwest, Inc. v. Ginsberg",12-462,Other,Unknown,1,9-0,4,Kagan,1
2013,Sandifer v. United States Steel Corporation,12-417,Other,Unknown,0,9-0,4,Scalia,1
2013,Sandifer v. United States Steel Corporation,12-417,Other,Unknown,0,9-0,4,Jr.,1
2013,Sandifer v. United States Steel Corporation,12-417,Other,Unknown,0,9-0,4,Kennedy,1
2013,Sandifer v. United States Steel Corporation,12-417,Other,Unknown,0,9-0,4,Thomas,1
2013,Sandifer v. United States Steel Corporation,12-417,Other,Unknown,0,9-0,4,Ginsburg,1
2013,Sandifer v. United States Steel Corporation,12-417,Other,Unknown,0,9-0,4,Breyer,1
2013,Sandifer v. United States Steel Corporation,12-417,Other,Unknown,0,9-0,4,Jr.,1
2013,Sandifer v. United States Steel Corporation,12-417,Other,Unknown,0,9-0,4,Sotomayor,1
2013,Sandifer v. United States Steel Corporation,12-417,Other,Unknown,0,9-0,4,Kagan,1
2013,Heimeshoff v. Hartford Life & Accident Insurance Co.,12-729,Other,Unknown,0,9-0,4,Thomas,1
2013,Heimeshoff v. Hartford Life & Accident Insurance Co.,12-729,Other,Unknown,0,9-0,4,Jr.,1
2013,Heimeshoff v. Hartford Life & Accident Insurance Co.,12-729,Other,Unknown,0,9-0,4,Scalia,1
2013,Heimeshoff v. Hartford Life & Accident Insurance Co.,12-729,Other,Unknown,0,9-0,4,Kennedy,1
2013,Heimeshoff v. Hartford Life & Accident Insurance Co.,12-729,Other,Unknown,0,9-0,4,Ginsburg,1
2013,Heimeshoff v. Hartford Life & Accident Insurance Co.,12-729,Other,Unknown,0,9-0,4,Breyer,1
2013,Heimeshoff v. Hartford Life & Accident Insurance Co.,12-729,Other,Unknown,0,9-0,4,Jr.,1
2013,Heimeshoff v. Hartford Life & Accident Insurance Co.,12-729,Other,Unknown,0,9-0,4,Sotomayor,1
2013,Heimeshoff v. Hartford Life & Accident Insurance Co.,12-729,Other,Unknown,0,9-0,4,Kagan,1
2013,Scialabba v. Cuellar De Osorio,12-930,Other,Unknown,1,5-4,4,Kagan,1
2013,Scialabba v. Cuellar De Osorio,12-930,Other,Unknown,1,5-4,4,Kennedy,1
2013,Scialabba v. Cuellar De Osorio,12-930,Other,Unknown,1,5-4,4,Ginsburg,1
2013,Scialabba v. Cuellar De Osorio,12-930,Other,Unknown,1,5-4,4,Jr.,1
2013,Scialabba v. Cuellar De Osorio,12-930,Other,Unknown,1,5-4,4,Scalia,1
2013,Scialabba v. Cuellar De Osorio,12-930,Other,Unknown,1,5-4,4,Jr.,0
2013,Scialabba v. Cuellar De Osorio,12-930,Other,Unknown,1,5-4,4,Sotomayor,0
2013,Scialabba v. Cuellar De Osorio,12-930,Other,Unknown,1,5-4,4,Breyer,0
2013,Scialabba v. Cuellar De Osorio,12-930,Other,Unknown,1,5-4,4,Thomas,0
2013,Bond v. United States,12-158,Other,Unknown,1,9-0,4,Jr.,1
2013,Bond v. United States,12-158,Other,Unknown,1,9-0,4,Kennedy,1
2013,Bond v. United States,12-158,Other,Unknown,1,9-0,4,Ginsburg,1
2013,Bond v. United States,12-158,Other,Unknown,1,9-0,4,Breyer,1
2013,Bond v. United States,12-158,Other,Unknown,1,9-0,4,Sotomayor,1
2013,Bond v. United States,12-158,Other,Unknown,1,9-0,4,Kagan,1
2013,Bond v. United States,12-158,Other,Unknown,1,9-0,4,Scalia,1
2013,Bond v. United States,12-158,Other,Unknown,1,9-0,4,Jr.,1
2013,Bond v. United States,12-158,Other,Unknown,1,9-0,4,Thomas,1
2013,"Pom Wonderful, LLC v. The Coca-Cola Company",12-761,Other,Unknown,1,8-1,4,Jr.,1
2013,"Pom Wonderful, LLC v. The Coca-Cola Company",12-761,Other,Unknown,1,8-1,4,Kennedy,1
2013,"Pom Wonderful, LLC v. The Coca-Cola Company",12-761,Other,Unknown,1,8-1,4,Scalia,1
2013,"Pom Wonderful, LLC v. The Coca-Cola Company",12-761,Other,Unknown,1,8-1,4,Thomas,1
2013,"Pom Wonderful, LLC v. The Coca-Cola Company",12-761,Other,Unknown,1,8-1,4,Ginsburg,1
2013,"Pom Wonderful, LLC v. The Coca-Cola Company",12-761,Other,Unknown,1,8-1,4,Breyer,0
2013,"Pom Wonderful, LLC v. The Coca-Cola Company",12-761,Other,Unknown,1,8-1,4,Jr.,1
2013,"Pom Wonderful, LLC v. The Coca-Cola Company",12-761,Other,Unknown,1,8-1,4,Sotomayor,1
2013,"Pom Wonderful, LLC v. The Coca-Cola Company",12-761,Other,Unknown,1,8-1,4,Kagan,1
2013,Limelight Networks v. Akamai Technologies,12-786,Other,Unknown,1,9-0,4,Jr.,1
2013,Limelight Networks v. Akamai Technologies,12-786,Other,Unknown,1,9-0,4,Jr.,1
2013,Limelight Networks v. Akamai Technologies,12-786,Other,Unknown,1,9-0,4,Scalia,1
2013,Limelight Networks v. Akamai Technologies,12-786,Other,Unknown,1,9-0,4,Kennedy,1
2013,Limelight Networks v. Akamai Technologies,12-786,Other,Unknown,1,9-0,4,Thomas,1
2013,Limelight Networks v. Akamai Technologies,12-786,Other,Unknown,1,9-0,4,Ginsburg,1
2013,Limelight Networks v. Akamai Technologies,12-786,Other,Unknown,1,9-0,4,Breyer,1
2013,Limelight Networks v. Akamai Technologies,12-786,Other,Unknown,1,9-0,4,Sotomayor,1
2013,Limelight Networks v. Akamai Technologies,12-786,Other,Unknown,1,9-0,4,Kagan,1
2013,"Argentina v. NML Capital, Ltd.",12-842,Other,Unknown,0,7-2,4,Scalia,1
2013,"Argentina v. NML Capital, Ltd.",12-842,Other,Unknown,0,7-2,4,Jr.,1
2013,"Argentina v. NML Capital, Ltd.",12-842,Other,Unknown,0,7-2,4,Kennedy,1
2013,"Argentina v. NML Capital, Ltd.",12-842,Other,Unknown,0,7-2,4,Thomas,1
2013,"Argentina v. NML Capital, Ltd.",12-842,Other,Unknown,0,7-2,4,Breyer,1
2013,"Argentina v. NML Capital, Ltd.",12-842,Other,Unknown,0,7-2,4,Jr.,1
2013,"Argentina v. NML Capital, Ltd.",12-842,Other,Unknown,0,7-2,4,Kagan,1
2013,"Argentina v. NML Capital, Ltd.",12-842,Other,Unknown,0,7-2,4,Ginsburg,0
2013,"Argentina v. NML Capital, Ltd.",12-842,Other,Unknown,0,7-2,4,Sotomayor,0
2013,Robers v. United States,12-9012,Other,Unknown,0,9-0,4,Breyer,1
2013,Robers v. United States,12-9012,Other,Unknown,0,9-0,4,Sotomayor,1
2013,Robers v. United States,12-9012,Other,Unknown,0,9-0,4,Ginsburg,1
2013,Robers v. United States,12-9012,Other,Unknown,0,9-0,4,Jr.,1
2013,Robers v. United States,12-9012,Other,Unknown,0,9-0,4,Scalia,1
2013,Robers v. United States,12-9012,Other,Unknown,0,9-0,4,Kennedy,1
2013,Robers v. United States,12-9012,Other,Unknown,0,9-0,4,Thomas,1
2013,Robers v. United States,12-9012,Other,Unknown,0,9-0,4,Jr.,1
2013,Robers v. United States,12-9012,Other,Unknown,0,9-0,4,Kagan,1
2013,Riley v. California,13-132,Other,Unknown,1,9-0,4,Jr.,1
2013,Riley v. California,13-132,Other,Unknown,1,9-0,4,Scalia,1
2013,Riley v. California,13-132,Other,Unknown,1,9-0,4,Kennedy,1
2013,Riley v. California,13-132,Other,Unknown,1,9-0,4,Thomas,1
2013,Riley v. California,13-132,Other,Unknown,1,9-0,4,Ginsburg,1
2013,Riley v. California,13-132,Other,Unknown,1,9-0,4,Breyer,1
2013,Riley v. California,13-132,Other,Unknown,1,9-0,4,Jr.,1
2013,Riley v. California,13-132,Other,Unknown,1,9-0,4,Sotomayor,1
2013,Riley v. California,13-132,Other,Unknown,1,9-0,4,Kagan,1
2013,Susan B. Anthony List v. Driehaus,13-193,Other,Unknown,1,9-0,4,Thomas,1
2013,Susan B. Anthony List v. Driehaus,13-193,Other,Unknown,1,9-0,4,Jr.,1
2013,Susan B. Anthony List v. Driehaus,13-193,Other,Unknown,1,9-0,4,Scalia,1
2013,Susan B. Anthony List v. Driehaus,13-193,Other,Unknown,1,9-0,4,Kennedy,1
2013,Susan B. Anthony List v. Driehaus,13-193,Other,Unknown,1,9-0,4,Ginsburg,1
2013,Susan B. Anthony List v. Driehaus,13-193,Other,Unknown,1,9-0,4,Breyer,1
2013,Susan B. Anthony List v. Driehaus,13-193,Other,Unknown,1,9-0,4,Jr.,1
2013,Susan B. Anthony List v. Driehaus,13-193,Other,Unknown,1,9-0,4,Sotomayor,1
2013,Susan B. Anthony List v. Driehaus,13-193,Other,Unknown,1,9-0,4,Kagan,1
2013,Alice Corporation v. CLS Bank International,13-298,Other,Unknown,0,9-0,4,Thomas,1
2013,Alice Corporation v. CLS Bank International,13-298,Other,Unknown,0,9-0,4,Jr.,1
2013,Alice Corporation v. CLS Bank International,13-298,Other,Unknown,0,9-0,4,Scalia,1
2013,Alice Corporation v. CLS Bank International,13-298,Other,Unknown,0,9-0,4,Kennedy,1
2013,Alice Corporation v. CLS Bank International,13-298,Other,Unknown,0,9-0,4,Ginsburg,1
2013,Alice Corporation v. CLS Bank International,13-298,Other,Unknown,0,9-0,4,Breyer,1
2013,Alice Corporation v. CLS Bank International,13-298,Other,Unknown,0,9-0,4,Jr.,1
2013,Alice Corporation v. CLS Bank International,13-298,Other,Unknown,0,9-0,4,Sotomayor,1
2013,Alice Corporation v. CLS Bank International,13-298,Other,Unknown,0,9-0,4,Kagan,1
2013,Clark v. Rameker,13-299,Other,Unknown,0,9-0,4,Sotomayor,1
2013,Clark v. Rameker,13-299,Other,Unknown,0,9-0,4,Jr.,1
2013,Clark v. Rameker,13-299,Other,Unknown,0,9-0,4,Scalia,1
2013,Clark v. Rameker,13-299,Other,Unknown,0,9-0,4,Kennedy,1
2013,Clark v. Rameker,13-299,Other,Unknown,0,9-0,4,Thomas,1
2013,Clark v. Rameker,13-299,Other,Unknown,0,9-0,4,Ginsburg,1
2013,Clark v. Rameker,13-299,Other,Unknown,0,9-0,4,Breyer,1
2013,Clark v. Rameker,13-299,Other,Unknown,0,9-0,4,Jr.,1
2013,Clark v. Rameker,13-299,Other,Unknown,0,9-0,4,Kagan,1
2013,United States v. Clarke,13-301,Other,Unknown,1,9-0,4,Kagan,1
2013,United States v. Clarke,13-301,Other,Unknown,1,9-0,4,Jr.,1
2013,United States v. Clarke,13-301,Other,Unknown,1,9-0,4,Scalia,1
2013,United States v. Clarke,13-301,Other,Unknown,1,9-0,4,Kennedy,1
2013,United States v. Clarke,13-301,Other,Unknown,1,9-0,4,Thomas,1
2013,United States v. Clarke,13-301,Other,Unknown,1,9-0,4,Ginsburg,1
2013,United States v. Clarke,13-301,Other,Unknown,1,9-0,4,Breyer,1
2013,United States v. Clarke,13-301,Other,Unknown,1,9-0,4,Jr.,1
2013,United States v. Clarke,13-301,Other,Unknown,1,9-0,4,Sotomayor,1
2013,CTS Corp. v. Waldburger,13-339,Other,Unknown,1,7-2,4,Kennedy,1
2013,CTS Corp. v. Waldburger,13-339,Other,Unknown,1,7-2,4,Jr.,1
2013,CTS Corp. v. Waldburger,13-339,Other,Unknown,1,7-2,4,Scalia,1
2013,CTS Corp. v. Waldburger,13-339,Other,Unknown,1,7-2,4,Thomas,1
2013,CTS Corp. v. Waldburger,13-339,Other,Unknown,1,7-2,4,Ginsburg,0
2013,CTS Corp. v. Waldburger,13-339,Other,Unknown,1,7-2,4,Breyer,0
2013,CTS Corp. v. Waldburger,13-339,Other,Unknown,1,7-2,4,Jr.,1
2013,CTS Corp. v. Waldburger,13-339,Other,Unknown,1,7-2,4,Sotomayor,1
2013,CTS Corp. v. Waldburger,13-339,Other,Unknown,1,7-2,4,Kagan,1
2012,United States v. Kebodeaux,12-418,5th Circuit,Unknown,1,7-2,4,Jr.,1
2012,United States v. Kebodeaux,12-418,5th Circuit,Unknown,1,7-2,4,Scalia,0
2012,United States v. Kebodeaux,12-418,5th Circuit,Unknown,1,7-2,4,Kennedy,1
2012,United States v. Kebodeaux,12-418,5th Circuit,Unknown,1,7-2,4,Thomas,0
2012,United States v. Kebodeaux,12-418,5th Circuit,Unknown,1,7-2,4,Ginsburg,1
2012,United States v. Kebodeaux,12-418,5th Circuit,Unknown,1,7-2,4,Breyer,1
2012,United States v. Kebodeaux,12-418,5th Circuit,Unknown,1,7-2,4,Jr.,1
2012,United States v. Kebodeaux,12-418,5th Circuit,Unknown,1,7-2,4,Sotomayor,1
2012,United States v. Kebodeaux,12-418,5th Circuit,Unknown,1,7-2,4,Kagan,1
2012,McQuiggin v. Perkins,12-126,6th Circuit,Unknown,1,5-4,4,Jr.,0
2012,McQuiggin v. Perkins,12-126,6th Circuit,Unknown,1,5-4,4,Scalia,0
2012,McQuiggin v. Perkins,12-126,6th Circuit,Unknown,1,5-4,4,Kennedy,1
2012,McQuiggin v. Perkins,12-126,6th Circuit,Unknown,1,5-4,4,Thomas,0
2012,McQuiggin v. Perkins,12-126,6th Circuit,Unknown,1,5-4,4,Ginsburg,1
2012,McQuiggin v. Perkins,12-126,6th Circuit,Unknown,1,5-4,4,Breyer,1
2012,McQuiggin v. Perkins,12-126,6th Circuit,Unknown,1,5-4,4,Jr.,0
2012,McQuiggin v. Perkins,12-126,6th Circuit,Unknown,1,5-4,4,Sotomayor,1
2012,McQuiggin v. Perkins,12-126,6th Circuit,Unknown,1,5-4,4,Kagan,1
2012,Metrish v. Lancaster,12-547,6th Circuit,Unknown,1,9-0,4,Jr.,1
2012,Metrish v. Lancaster,12-547,6th Circuit,Unknown,1,9-0,4,Scalia,1
2012,Metrish v. Lancaster,12-547,6th Circuit,Unknown,1,9-0,4,Kennedy,1
2012,Metrish v. Lancaster,12-547,6th Circuit,Unknown,1,9-0,4,Thomas,1
2012,Metrish v. Lancaster,12-547,6th Circuit,Unknown,1,9-0,4,Ginsburg,1
2012,Metrish v. Lancaster,12-547,6th Circuit,Unknown,1,9-0,4,Breyer,1
2012,Metrish v. Lancaster,12-547,6th Circuit,Unknown,1,9-0,4,Jr.,1
2012,Metrish v. Lancaster,12-547,6th Circuit,Unknown,1,9-0,4,Sotomayor,1
2012,Metrish v. Lancaster,12-547,6th Circuit,Unknown,1,9-0,4,Kagan,1
2012,"Kirtsaeng v. John Wiley & Sons, Inc.",11-697,2nd Circuit,Unknown,1,6-3,4,Jr.,1
2012,"Kirtsaeng v. John Wiley & Sons, Inc.",11-697,2nd Circuit,Unknown,1,6-3,4,Scalia,0
2012,"Kirtsaeng v. John Wiley & Sons, Inc.",11-697,2nd Circuit,Unknown,1,6-3,4,Kennedy,0
2012,"Kirtsaeng v. John Wiley & Sons, Inc.",11-697,2nd Circuit,Unknown,1,6-3,4,Thomas,1
2012,"Kirtsaeng v. John Wiley & Sons, Inc.",11-697,2nd Circuit,Unknown,1,6-3,4,Ginsburg,0
2012,"Kirtsaeng v. John Wiley & Sons, Inc.",11-697,2nd Circuit,Unknown,1,6-3,4,Breyer,1
2012,"Kirtsaeng v. John Wiley & Sons, Inc.",11-697,2nd Circuit,Unknown,1,6-3,4,Jr.,1
2012,"Kirtsaeng v. John Wiley & Sons, Inc.",11-697,2nd Circuit,Unknown,1,6-3,4,Sotomayor,1
2012,"Kirtsaeng v. John Wiley & Sons, Inc.",11-697,2nd Circuit,Unknown,1,6-3,4,Kagan,1
2012,Horne v. Department of Agriculture,12-123,9th Circuit,Unknown,1,9-0,4,Jr.,1
2012,Horne v. Department of Agriculture,12-123,9th Circuit,Unknown,1,9-0,4,Scalia,1
2012,Horne v. Department of Agriculture,12-123,9th Circuit,Unknown,1,9-0,4,Kennedy,1
2012,Horne v. Department of Agriculture,12-123,9th Circuit,Unknown,1,9-0,4,Thomas,1
2012,Horne v. Department of Agriculture,12-123,9th Circuit,Unknown,1,9-0,4,Ginsburg,1
2012,Horne v. Department of Agriculture,12-123,9th Circuit,Unknown,1,9-0,4,Breyer,1
2012,Horne v. Department of Agriculture,12-123,9th Circuit,Unknown,1,9-0,4,Jr.,1
2012,Horne v. Department of Agriculture,12-123,9th Circuit,Unknown,1,9-0,4,Sotomayor,1
2012,Horne v. Department of Agriculture,12-123,9th Circuit,Unknown,1,9-0,4,Kagan,1
2012,United States v. Bormes,11-192,Federal Circuit,Unknown,1,9-0,4,Jr.,1
2012,United States v. Bormes,11-192,Federal Circuit,Unknown,1,9-0,4,Scalia,1
2012,United States v. Bormes,11-192,Federal Circuit,Unknown,1,9-0,4,Kennedy,1
2012,United States v. Bormes,11-192,Federal Circuit,Unknown,1,9-0,4,Thomas,1
2012,United States v. Bormes,11-192,Federal Circuit,Unknown,1,9-0,4,Ginsburg,1
2012,United States v. Bormes,11-192,Federal Circuit,Unknown,1,9-0,4,Breyer,1
2012,United States v. Bormes,11-192,Federal Circuit,Unknown,1,9-0,4,Jr.,1
2012,United States v. Bormes,11-192,Federal Circuit,Unknown,1,9-0,4,Sotomayor,1
2012,United States v. Bormes,11-192,Federal Circuit,Unknown,1,9-0,4,Kagan,1
2012,Evans v. Michigan,11-1327,Other,Unknown,1,8-1,4,Jr.,1
2012,Evans v. Michigan,11-1327,Other,Unknown,1,8-1,4,Scalia,1
2012,Evans v. Michigan,11-1327,Other,Unknown,1,8-1,4,Kennedy,1
2012,Evans v. Michigan,11-1327,Other,Unknown,1,8-1,4,Thomas,1
2012,Evans v. Michigan,11-1327,Other,Unknown,1,8-1,4,Ginsburg,1
2012,Evans v. Michigan,11-1327,Other,Unknown,1,8-1,4,Breyer,1
2012,Evans v. Michigan,11-1327,Other,Unknown,1,8-1,4,Jr.,0
2012,Evans v. Michigan,11-1327,Other,Unknown,1,8-1,4,Sotomayor,1
2012,Evans v. Michigan,11-1327,Other,Unknown,1,8-1,4,Kagan,1
2012,Bailey v. United States,11-770,2nd Circuit,Unknown,1,6-3,4,Jr.,1
2012,Bailey v. United States,11-770,2nd Circuit,Unknown,1,6-3,4,Scalia,1
2012,Bailey v. United States,11-770,2nd Circuit,Unknown,1,6-3,4,Kennedy,1
2012,Bailey v. United States,11-770,2nd Circuit,Unknown,1,6-3,4,Thomas,0
2012,Bailey v. United States,11-770,2nd Circuit,Unknown,1,6-3,4,Ginsburg,1
2012,Bailey v. United States,11-770,2nd Circuit,Unknown,1,6-3,4,Breyer,0
2012,Bailey v. United States,11-770,2nd Circuit,Unknown,1,6-3,4,Jr.,0
2012,Bailey v. United States,11-770,2nd Circuit,Unknown,1,6-3,4,Sotomayor,1
2012,Bailey v. United States,11-770,2nd Circuit,Unknown,1,6-3,4,Kagan,1
2012,Fisher v. University of Texas,11-345,5th Circuit,Unknown,1,7-2,4,Jr.,1
2012,Fisher v. University of Texas,11-345,5th Circuit,Unknown,1,7-2,4,Scalia,1
2012,Fisher v. University of Texas,11-345,5th Circuit,Unknown,1,7-2,4,Kennedy,1
2012,Fisher v. University of Texas,11-345,5th Circuit,Unknown,1,7-2,4,Thomas,1
2012,Fisher v. University of Texas,11-345,5th Circuit,Unknown,1,7-2,4,Ginsburg,0
2012,Fisher v. University of Texas,11-345,5th Circuit,Unknown,1,7-2,4,Breyer,1
2012,Fisher v. University of Texas,11-345,5th Circuit,Unknown,1,7-2,4,Jr.,1
2012,Fisher v. University of Texas,11-345,5th Circuit,Unknown,1,7-2,4,Sotomayor,1
2012,Fisher v. University of Texas,11-345,5th Circuit,Unknown,1,7-2,4,Kagan,0
2012,Sebelius v. Auburn Regional Medical Center,11-1231,Other,Unknown,1,9-0,4,Jr.,1
2012,Sebelius v. Auburn Regional Medical Center,11-1231,Other,Unknown,1,9-0,4,Scalia,1
2012,Sebelius v. Auburn Regional Medical Center,11-1231,Other,Unknown,1,9-0,4,Kennedy,1
2012,Sebelius v. Auburn Regional Medical Center,11-1231,Other,Unknown,1,9-0,4,Thomas,1
2012,Sebelius v. Auburn Regional Medical Center,11-1231,Other,Unknown,1,9-0,4,Ginsburg,1
2012,Sebelius v. Auburn Regional Medical Center,11-1231,Other,Unknown,1,9-0,4,Breyer,1
2012,Sebelius v. Auburn Regional Medical Center,11-1231,Other,Unknown,1,9-0,4,Jr.,1
2012,Sebelius v. Auburn Regional Medical Center,11-1231,Other,Unknown,1,9-0,4,Sotomayor,1
2012,Sebelius v. Auburn Regional Medical Center,11-1231,Other,Unknown,1,9-0,4,Kagan,1
2012,Ryan v. Gonzales,10-930,9th Circuit,Unknown,1,9-0,4,Jr.,1
2012,Ryan v. Gonzales,10-930,9th Circuit,Unknown,1,9-0,4,Scalia,1
2012,Ryan v. Gonzales,10-930,9th Circuit,Unknown,1,9-0,4,Kennedy,1
2012,Ryan v. Gonzales,10-930,9th Circuit,Unknown,1,9-0,4,Thomas,1
2012,Ryan v. Gonzales,10-930,9th Circuit,Unknown,1,9-0,4,Ginsburg,1
2012,Ryan v. Gonzales,10-930,9th Circuit,Unknown,1,9-0,4,Breyer,1
2012,Ryan v. Gonzales,10-930,9th Circuit,Unknown,1,9-0,4,Jr.,1
2012,Ryan v. Gonzales,10-930,9th Circuit,Unknown,1,9-0,4,Sotomayor,1
2012,Ryan v. Gonzales,10-930,9th Circuit,Unknown,1,9-0,4,Kagan,1
2012,American Trucking Associations v. City of Los Angeles,11-798,9th Circuit,Unknown,1,9-0,4,Jr.,1
2012,American Trucking Associations v. City of Los Angeles,11-798,9th Circuit,Unknown,1,9-0,4,Scalia,1
2012,American Trucking Associations v. City of Los Angeles,11-798,9th Circuit,Unknown,1,9-0,4,Kennedy,1
2012,American Trucking Associations v. City of Los Angeles,11-798,9th Circuit,Unknown,1,9-0,4,Thomas,1
2012,American Trucking Associations v. City of Los Angeles,11-798,9th Circuit,Unknown,1,9-0,4,Ginsburg,1
2012,American Trucking Associations v. City of Los Angeles,11-798,9th Circuit,Unknown,1,9-0,4,Breyer,1
2012,American Trucking Associations v. City of Los Angeles,11-798,9th Circuit,Unknown,1,9-0,4,Jr.,1
2012,American Trucking Associations v. City of Los Angeles,11-798,9th Circuit,Unknown,1,9-0,4,Sotomayor,1
2012,American Trucking Associations v. City of Los Angeles,11-798,9th Circuit,Unknown,1,9-0,4,Kagan,1
2012,Peugh v. United States,12-62,7th Circuit,Unknown,1,5-4,4,Jr.,0
2012,Peugh v. United States,12-62,7th Circuit,Unknown,1,5-4,4,Scalia,0
2012,Peugh v. United States,12-62,7th Circuit,Unknown,1,5-4,4,Kennedy,1
2012,Peugh v. United States,12-62,7th Circuit,Unknown,1,5-4,4,Thomas,0
2012,Peugh v. United States,12-62,7th Circuit,Unknown,1,5-4,4,Ginsburg,1
2012,Peugh v. United States,12-62,7th Circuit,Unknown,1,5-4,4,Breyer,1
2012,Peugh v. United States,12-62,7th Circuit,Unknown,1,5-4,4,Jr.,0
2012,Peugh v. United States,12-62,7th Circuit,Unknown,1,5-4,4,Sotomayor,1
2012,Peugh v. United States,12-62,7th Circuit,Unknown,1,5-4,4,Kagan,1
2012,Peugh v. United States,12-62,7th Circuit,Unknown,1,5-4,4,Jr.,0
2012,Peugh v. United States,12-62,7th Circuit,Unknown,1,5-4,4,Scalia,0
2012,Peugh v. United States,12-62,7th Circuit,Unknown,1,5-4,4,Kennedy,1
2012,Peugh v. United States,12-62,7th Circuit,Unknown,1,5-4,4,Thomas,0
2012,Peugh v. United States,12-62,7th Circuit,Unknown,1,5-4,4,Ginsburg,1
2012,Peugh v. United States,12-62,7th Circuit,Unknown,1,5-4,4,Breyer,1
2012,Peugh v. United States,12-62,7th Circuit,Unknown,1,5-4,4,Jr.,0
2012,Peugh v. United States,12-62,7th Circuit,Unknown,1,5-4,4,Sotomayor,1
2012,Peugh v. United States,12-62,7th Circuit,Unknown,1,5-4,4,Kagan,1
2012,Standard Fire Insurance Company v. Knowles,11-1450,8th Circuit,Unknown,1,9-0,4,Jr.,1
2012,Standard Fire Insurance Company v. Knowles,11-1450,8th Circuit,Unknown,1,9-0,4,Scalia,1
2012,Standard Fire Insurance Company v. Knowles,11-1450,8th Circuit,Unknown,1,9-0,4,Kennedy,1
2012,Standard Fire Insurance Company v. Knowles,11-1450,8th Circuit,Unknown,1,9-0,4,Thomas,1
2012,Standard Fire Insurance Company v. Knowles,11-1450,8th Circuit,Unknown,1,9-0,4,Ginsburg,1
2012,Standard Fire Insurance Company v. Knowles,11-1450,8th Circuit,Unknown,1,9-0,4,Breyer,1
2012,Standard Fire Insurance Company v. Knowles,11-1450,8th Circuit,Unknown,1,9-0,4,Jr.,1
2012,Standard Fire Insurance Company v. Knowles,11-1450,8th Circuit,Unknown,1,9-0,4,Sotomayor,1
2012,Standard Fire Insurance Company v. Knowles,11-1450,8th Circuit,Unknown,1,9-0,4,Kagan,1
2012,Kloeckner v Solis,11-184,8th Circuit,Unknown,1,9-0,4,Jr.,1
2012,Kloeckner v Solis,11-184,8th Circuit,Unknown,1,9-0,4,Scalia,1
2012,Kloeckner v Solis,11-184,8th Circuit,Unknown,1,9-0,4,Kennedy,1
2012,Kloeckner v Solis,11-184,8th Circuit,Unknown,1,9-0,4,Thomas,1
2012,Kloeckner v Solis,11-184,8th Circuit,Unknown,1,9-0,4,Ginsburg,1
2012,Kloeckner v Solis,11-184,8th Circuit,Unknown,1,9-0,4,Breyer,1
2012,Kloeckner v Solis,11-184,8th Circuit,Unknown,1,9-0,4,Jr.,1
2012,Kloeckner v Solis,11-184,8th Circuit,Unknown,1,9-0,4,Sotomayor,1
2012,Kloeckner v Solis,11-184,8th Circuit,Unknown,1,9-0,4,Kagan,1
2012,Trevino v. Thaler,11-10189,5th Circuit,Unknown,1,5-4,4,Jr.,0
2012,Trevino v. Thaler,11-10189,5th Circuit,Unknown,1,5-4,4,Scalia,0
2012,Trevino v. Thaler,11-10189,5th Circuit,Unknown,1,5-4,4,Kennedy,1
2012,Trevino v. Thaler,11-10189,5th Circuit,Unknown,1,5-4,4,Thomas,0
2012,Trevino v. Thaler,11-10189,5th Circuit,Unknown,1,5-4,4,Ginsburg,1
2012,Trevino v. Thaler,11-10189,5th Circuit,Unknown,1,5-4,4,Breyer,1
2012,Trevino v. Thaler,11-10189,5th Circuit,Unknown,1,5-4,4,Jr.,0
2012,Trevino v. Thaler,11-10189,5th Circuit,Unknown,1,5-4,4,Sotomayor,1
2012,Trevino v. Thaler,11-10189,5th Circuit,Unknown,1,5-4,4,Kagan,1
2012,City of Arlington v. FCC,11-1545,5th Circuit,Unknown,0,6-3,4,Jr.,0
2012,City of Arlington v. FCC,11-1545,5th Circuit,Unknown,0,6-3,4,Scalia,1
2012,City of Arlington v. FCC,11-1545,5th Circuit,Unknown,0,6-3,4,Kennedy,0
2012,City of Arlington v. FCC,11-1545,5th Circuit,Unknown,0,6-3,4,Thomas,1
2012,City of Arlington v. FCC,11-1545,5th Circuit,Unknown,0,6-3,4,Ginsburg,1
2012,City of Arlington v. FCC,11-1545,5th Circuit,Unknown,0,6-3,4,Breyer,1
2012,City of Arlington v. FCC,11-1545,5th Circuit,Unknown,0,6-3,4,Jr.,0
2012,City of Arlington v. FCC,11-1545,5th Circuit,Unknown,0,6-3,4,Sotomayor,1
2012,City of Arlington v. FCC,11-1545,5th Circuit,Unknown,0,6-3,4,Kagan,1
2012,"Nitro-Lift Technologies, LLC v. Howard",11-1377,State Supreme Court,Unknown,1,9-0,4,Jr.,1
2012,"Nitro-Lift Technologies, LLC v. Howard",11-1377,State Supreme Court,Unknown,1,9-0,4,Scalia,1
2012,"Nitro-Lift Technologies, LLC v. Howard",11-1377,State Supreme Court,Unknown,1,9-0,4,Kennedy,1
2012,"Nitro-Lift Technologies, LLC v. Howard",11-1377,State Supreme Court,Unknown,1,9-0,4,Thomas,1
2012,"Nitro-Lift Technologies, LLC v. Howard",11-1377,State Supreme Court,Unknown,1,9-0,4,Ginsburg,1
2012,"Nitro-Lift Technologies, LLC v. Howard",11-1377,State Supreme Court,Unknown,1,9-0,4,Breyer,1
2012,"Nitro-Lift Technologies, LLC v. Howard",11-1377,State Supreme Court,Unknown,1,9-0,4,Jr.,1
2012,"Nitro-Lift Technologies, LLC v. Howard",11-1377,State Supreme Court,Unknown,1,9-0,4,Sotomayor,1
2012,"Nitro-Lift Technologies, LLC v. Howard",11-1377,State Supreme Court,Unknown,1,9-0,4,Kagan,1
2012,Maryland v. King,12-207,Other,Unknown,1,5-4,4,Jr.,1
2012,Maryland v. King,12-207,Other,Unknown,1,5-4,4,Scalia,0
2012,Maryland v. King,12-207,Other,Unknown,1,5-4,4,Kennedy,1
2012,Maryland v. King,12-207,Other,Unknown,1,5-4,4,Thomas,1
2012,Maryland v. King,12-207,Other,Unknown,1,5-4,4,Ginsburg,0
2012,Maryland v. King,12-207,Other,Unknown,1,5-4,4,Breyer,1
2012,Maryland v. King,12-207,Other,Unknown,1,5-4,4,Jr.,1
2012,Maryland v. King,12-207,Other,Unknown,1,5-4,4,Sotomayor,0
2012,Maryland v. King,12-207,Other,Unknown,1,5-4,4,Kagan,0
2012,Levin v. United States,11-1351,9th Circuit,Unknown,1,9-0,4,Jr.,1
2012,Levin v. United States,11-1351,9th Circuit,Unknown,1,9-0,4,Scalia,1
2012,Levin v. United States,11-1351,9th Circuit,Unknown,1,9-0,4,Kennedy,1
2012,Levin v. United States,11-1351,9th Circuit,Unknown,1,9-0,4,Thomas,1
2012,Levin v. United States,11-1351,9th Circuit,Unknown,1,9-0,4,Ginsburg,1
2012,Levin v. United States,11-1351,9th Circuit,Unknown,1,9-0,4,Breyer,1
2012,Levin v. United States,11-1351,9th Circuit,Unknown,1,9-0,4,Jr.,1
2012,Levin v. United States,11-1351,9th Circuit,Unknown,1,9-0,4,Sotomayor,1
2012,Levin v. United States,11-1351,9th Circuit,Unknown,1,9-0,4,Kagan,1
2012,United States v. Davila,12-167,11th Circuit,Unknown,1,9-0,4,Jr.,1
2012,United States v. Davila,12-167,11th Circuit,Unknown,1,9-0,4,Scalia,1
2012,United States v. Davila,12-167,11th Circuit,Unknown,1,9-0,4,Kennedy,1
2012,United States v. Davila,12-167,11th Circuit,Unknown,1,9-0,4,Thomas,1
2012,United States v. Davila,12-167,11th Circuit,Unknown,1,9-0,4,Ginsburg,1
2012,United States v. Davila,12-167,11th Circuit,Unknown,1,9-0,4,Breyer,1
2012,United States v. Davila,12-167,11th Circuit,Unknown,1,9-0,4,Jr.,1
2012,United States v. Davila,12-167,11th Circuit,Unknown,1,9-0,4,Sotomayor,1
2012,United States v. Davila,12-167,11th Circuit,Unknown,1,9-0,4,Kagan,1
2012,Shelby County v. Holder,12-96,Other,Unknown,1,5-4,4,Jr.,1
2012,Shelby County v. Holder,12-96,Other,Unknown,1,5-4,4,Scalia,1
2012,Shelby County v. Holder,12-96,Other,Unknown,1,5-4,4,Kennedy,1
2012,Shelby County v. Holder,12-96,Other,Unknown,1,5-4,4,Thomas,1
2012,Shelby County v. Holder,12-96,Other,Unknown,1,5-4,4,Ginsburg,0
2012,Shelby County v. Holder,12-96,Other,Unknown,1,5-4,4,Breyer,0
2012,Shelby County v. Holder,12-96,Other,Unknown,1,5-4,4,Jr.,1
2012,Shelby County v. Holder,12-96,Other,Unknown,1,5-4,4,Sotomayor,0
2012,Shelby County v. Holder,12-96,Other,Unknown,1,5-4,4,Kagan,0
2012,Decker v. Northwest Environmental Defense Center,11-338,9th Circuit,Unknown,1,8-1,4,Jr.,1
2012,Decker v. Northwest Environmental Defense Center,11-338,9th Circuit,Unknown,1,8-1,4,Scalia,1
2012,Decker v. Northwest Environmental Defense Center,11-338,9th Circuit,Unknown,1,8-1,4,Kennedy,1
2012,Decker v. Northwest Environmental Defense Center,11-338,9th Circuit,Unknown,1,8-1,4,Thomas,1
2012,Decker v. Northwest Environmental Defense Center,11-338,9th Circuit,Unknown,1,8-1,4,Ginsburg,1
2012,Decker v. Northwest Environmental Defense Center,11-338,9th Circuit,Unknown,1,8-1,4,Jr.,1
2012,Decker v. Northwest Environmental Defense Center,11-338,9th Circuit,Unknown,1,8-1,4,Kagan,1
2012,Decker v. Northwest Environmental Defense Center,11-338,9th Circuit,Unknown,1,8-1,4,Sotomayor,1
2012,Decker v. Northwest Environmental Defense Center,11-338,9th Circuit,Unknown,1,8-1,4,Breyer,0
2012,Decker v. Northwest Environmental Defense Center,11-338,9th Circuit,Unknown,1,8-1,4,Jr.,1
2012,Decker v. Northwest Environmental Defense Center,11-338,9th Circuit,Unknown,1,8-1,4,Scalia,1
2012,Decker v. Northwest Environmental Defense Center,11-338,9th Circuit,Unknown,1,8-1,4,Kennedy,1
2012,Decker v. Northwest Environmental Defense Center,11-338,9th Circuit,Unknown,1,8-1,4,Thomas,1
2012,Decker v. Northwest Environmental Defense Center,11-338,9th Circuit,Unknown,1,8-1,4,Ginsburg,1
2012,Decker v. Northwest Environmental Defense Center,11-338,9th Circuit,Unknown,1,8-1,4,Breyer,0
2012,Decker v. Northwest Environmental Defense Center,11-338,9th Circuit,Unknown,1,8-1,4,Jr.,1
2012,Decker v. Northwest Environmental Defense Center,11-338,9th Circuit,Unknown,1,8-1,4,Sotomayor,1
2012,Decker v. Northwest Environmental Defense Center,11-338,9th Circuit,Unknown,1,8-1,4,Kagan,1
2012,Decker v. Northwest Environmental Defense Center,11-338,9th Circuit,Unknown,1,7-2,4,Jr.,1
2012,Decker v. Northwest Environmental Defense Center,11-338,9th Circuit,Unknown,1,7-2,4,Scalia,0
2012,Decker v. Northwest Environmental Defense Center,11-338,9th Circuit,Unknown,1,7-2,4,Kennedy,1
2012,Decker v. Northwest Environmental Defense Center,11-338,9th Circuit,Unknown,1,7-2,4,Thomas,1
2012,Decker v. Northwest Environmental Defense Center,11-338,9th Circuit,Unknown,1,7-2,4,Ginsburg,1
2012,Decker v. Northwest Environmental Defense Center,11-338,9th Circuit,Unknown,1,7-2,4,Breyer,0
2012,Decker v. Northwest Environmental Defense Center,11-338,9th Circuit,Unknown,1,7-2,4,Jr.,1
2012,Decker v. Northwest Environmental Defense Center,11-338,9th Circuit,Unknown,1,7-2,4,Sotomayor,1
2012,Decker v. Northwest Environmental Defense Center,11-338,9th Circuit,Unknown,1,7-2,4,Kagan,1
2012,University of Texas Southwestern Medical Center v. Nassar,12-484,5th Circuit,Unknown,1,5-4,4,Jr.,1
2012,University of Texas Southwestern Medical Center v. Nassar,12-484,5th Circuit,Unknown,1,5-4,4,Scalia,1
2012,University of Texas Southwestern Medical Center v. Nassar,12-484,5th Circuit,Unknown,1,5-4,4,Kennedy,1
2012,University of Texas Southwestern Medical Center v. Nassar,12-484,5th Circuit,Unknown,1,5-4,4,Thomas,1
2012,University of Texas Southwestern Medical Center v. Nassar,12-484,5th Circuit,Unknown,1,5-4,4,Ginsburg,0
2012,University of Texas Southwestern Medical Center v. Nassar,12-484,5th Circuit,Unknown,1,5-4,4,Breyer,0
2012,University of Texas Southwestern Medical Center v. Nassar,12-484,5th Circuit,Unknown,1,5-4,4,Jr.,1
2012,University of Texas Southwestern Medical Center v. Nassar,12-484,5th Circuit,Unknown,1,5-4,4,Sotomayor,0
2012,University of Texas Southwestern Medical Center v. Nassar,12-484,5th Circuit,Unknown,1,5-4,4,Kagan,0
2012,Koontz v. St. John's River Water Management,11-1447,Other,Unknown,1,5-4,4,Jr.,1
2012,Koontz v. St. John's River Water Management,11-1447,Other,Unknown,1,5-4,4,Scalia,1
2012,Koontz v. St. John's River Water Management,11-1447,Other,Unknown,1,5-4,4,Kennedy,1
2012,Koontz v. St. John's River Water Management,11-1447,Other,Unknown,1,5-4,4,Thomas,1
2012,Koontz v. St. John's River Water Management,11-1447,Other,Unknown,1,5-4,4,Ginsburg,0
2012,Koontz v. St. John's River Water Management,11-1447,Other,Unknown,1,5-4,4,Breyer,0
2012,Koontz v. St. John's River Water Management,11-1447,Other,Unknown,1,5-4,4,Jr.,1
2012,Koontz v. St. John's River Water Management,11-1447,Other,Unknown,1,5-4,4,Sotomayor,0
2012,Koontz v. St. John's River Water Management,11-1447,Other,Unknown,1,5-4,4,Kagan,0
2012,Henderson v. United States,11-9307,5th Circuit,Unknown,1,6-3,4,Jr.,1
2012,Henderson v. United States,11-9307,5th Circuit,Unknown,1,6-3,4,Scalia,0
2012,Henderson v. United States,11-9307,5th Circuit,Unknown,1,6-3,4,Kennedy,1
2012,Henderson v. United States,11-9307,5th Circuit,Unknown,1,6-3,4,Thomas,0
2012,Henderson v. United States,11-9307,5th Circuit,Unknown,1,6-3,4,Ginsburg,1
2012,Henderson v. United States,11-9307,5th Circuit,Unknown,1,6-3,4,Breyer,1
2012,Henderson v. United States,11-9307,5th Circuit,Unknown,1,6-3,4,Jr.,0
2012,Henderson v. United States,11-9307,5th Circuit,Unknown,1,6-3,4,Sotomayor,1
2012,Henderson v. United States,11-9307,5th Circuit,Unknown,1,6-3,4,Kagan,1
2012,Lefemine v. Wideman,12-168,4th Circuit,Unknown,1,9-0,4,Jr.,1
2012,Lefemine v. Wideman,12-168,4th Circuit,Unknown,1,9-0,4,Scalia,1
2012,Lefemine v. Wideman,12-168,4th Circuit,Unknown,1,9-0,4,Kennedy,1
2012,Lefemine v. Wideman,12-168,4th Circuit,Unknown,1,9-0,4,Thomas,1
2012,Lefemine v. Wideman,12-168,4th Circuit,Unknown,1,9-0,4,Ginsburg,1
2012,Lefemine v. Wideman,12-168,4th Circuit,Unknown,1,9-0,4,Breyer,1
2012,Lefemine v. Wideman,12-168,4th Circuit,Unknown,1,9-0,4,Jr.,1
2012,Lefemine v. Wideman,12-168,4th Circuit,Unknown,1,9-0,4,Sotomayor,1
2012,Lefemine v. Wideman,12-168,4th Circuit,Unknown,1,9-0,4,Kagan,1
2012,Missouri v. McNeely,11-1425,State Supreme Court,Unknown,0,5-4,4,Jr.,0
2012,Missouri v. McNeely,11-1425,State Supreme Court,Unknown,0,5-4,4,Scalia,1
2012,Missouri v. McNeely,11-1425,State Supreme Court,Unknown,0,5-4,4,Kennedy,1
2012,Missouri v. McNeely,11-1425,State Supreme Court,Unknown,0,5-4,4,Thomas,0
2012,Missouri v. McNeely,11-1425,State Supreme Court,Unknown,0,5-4,4,Ginsburg,1
2012,Missouri v. McNeely,11-1425,State Supreme Court,Unknown,0,5-4,4,Breyer,0
2012,Missouri v. McNeely,11-1425,State Supreme Court,Unknown,0,5-4,4,Jr.,0
2012,Missouri v. McNeely,11-1425,State Supreme Court,Unknown,0,5-4,4,Sotomayor,1
2012,Missouri v. McNeely,11-1425,State Supreme Court,Unknown,0,5-4,4,Kagan,1
2012,Millbrook v. United States,11-10362,3rd Circuit,Unknown,1,9-0,4,Jr.,1
2012,Millbrook v. United States,11-10362,3rd Circuit,Unknown,1,9-0,4,Scalia,1
2012,Millbrook v. United States,11-10362,3rd Circuit,Unknown,1,9-0,4,Kennedy,1
2012,Millbrook v. United States,11-10362,3rd Circuit,Unknown,1,9-0,4,Thomas,1
2012,Millbrook v. United States,11-10362,3rd Circuit,Unknown,1,9-0,4,Ginsburg,1
2012,Millbrook v. United States,11-10362,3rd Circuit,Unknown,1,9-0,4,Breyer,1
2012,Millbrook v. United States,11-10362,3rd Circuit,Unknown,1,9-0,4,Jr.,1
2012,Millbrook v. United States,11-10362,3rd Circuit,Unknown,1,9-0,4,Sotomayor,1
2012,Millbrook v. United States,11-10362,3rd Circuit,Unknown,1,9-0,4,Kagan,1
2012,Alleyne v. United States,11-9335,4th Circuit,Unknown,1,5-4,4,Jr.,0
2012,Alleyne v. United States,11-9335,4th Circuit,Unknown,1,5-4,4,Scalia,0
2012,Alleyne v. United States,11-9335,4th Circuit,Unknown,1,5-4,4,Kennedy,0
2012,Alleyne v. United States,11-9335,4th Circuit,Unknown,1,5-4,4,Thomas,1
2012,Alleyne v. United States,11-9335,4th Circuit,Unknown,1,5-4,4,Ginsburg,1
2012,Alleyne v. United States,11-9335,4th Circuit,Unknown,1,5-4,4,Breyer,1
2012,Alleyne v. United States,11-9335,4th Circuit,Unknown,1,5-4,4,Jr.,0
2012,Alleyne v. United States,11-9335,4th Circuit,Unknown,1,5-4,4,Sotomayor,1
2012,Alleyne v. United States,11-9335,4th Circuit,Unknown,1,5-4,4,Kagan,1
2012,Gunn v. Minton,11-1118,State Supreme Court,Unknown,1,9-0,4,Jr.,1
2012,Gunn v. Minton,11-1118,State Supreme Court,Unknown,1,9-0,4,Scalia,1
2012,Gunn v. Minton,11-1118,State Supreme Court,Unknown,1,9-0,4,Kennedy,1
2012,Gunn v. Minton,11-1118,State Supreme Court,Unknown,1,9-0,4,Thomas,1
2012,Gunn v. Minton,11-1118,State Supreme Court,Unknown,1,9-0,4,Ginsburg,1
2012,Gunn v. Minton,11-1118,State Supreme Court,Unknown,1,9-0,4,Breyer,1
2012,Gunn v. Minton,11-1118,State Supreme Court,Unknown,1,9-0,4,Jr.,1
2012,Gunn v. Minton,11-1118,State Supreme Court,Unknown,1,9-0,4,Sotomayor,1
2012,Gunn v. Minton,11-1118,State Supreme Court,Unknown,1,9-0,4,Kagan,1
2012,Descamps v. United States,11-9540,9th Circuit,Unknown,1,8-1,4,Jr.,1
2012,Descamps v. United States,11-9540,9th Circuit,Unknown,1,8-1,4,Scalia,1
2012,Descamps v. United States,11-9540,9th Circuit,Unknown,1,8-1,4,Kennedy,1
2012,Descamps v. United States,11-9540,9th Circuit,Unknown,1,8-1,4,Thomas,1
2012,Descamps v. United States,11-9540,9th Circuit,Unknown,1,8-1,4,Ginsburg,1
2012,Descamps v. United States,11-9540,9th Circuit,Unknown,1,8-1,4,Breyer,1
2012,Descamps v. United States,11-9540,9th Circuit,Unknown,1,8-1,4,Jr.,0
2012,Descamps v. United States,11-9540,9th Circuit,Unknown,1,8-1,4,Sotomayor,1
2012,Descamps v. United States,11-9540,9th Circuit,Unknown,1,8-1,4,Kagan,1
2012,Arkansas Game & Fish Commission v. United States of America,11-597,Federal Circuit,Unknown,1,8-1,4,Jr.,1
2012,Arkansas Game & Fish Commission v. United States of America,11-597,Federal Circuit,Unknown,1,8-1,4,Scalia,1
2012,Arkansas Game & Fish Commission v. United States of America,11-597,Federal Circuit,Unknown,1,8-1,4,Kennedy,1
2012,Arkansas Game & Fish Commission v. United States of America,11-597,Federal Circuit,Unknown,1,8-1,4,Thomas,1
2012,Arkansas Game & Fish Commission v. United States of America,11-597,Federal Circuit,Unknown,1,8-1,4,Ginsburg,1
2012,Arkansas Game & Fish Commission v. United States of America,11-597,Federal Circuit,Unknown,1,8-1,4,Breyer,1
2012,Arkansas Game & Fish Commission v. United States of America,11-597,Federal Circuit,Unknown,1,8-1,4,Jr.,1
2012,Arkansas Game & Fish Commission v. United States of America,11-597,Federal Circuit,Unknown,1,8-1,4,Sotomayor,1
2012,Arkansas Game & Fish Commission v. United States of America,11-597,Federal Circuit,Unknown,1,8-1,4,Kagan,0
2012,Genesis Healthcare v. Symczyk,11-1059,3rd Circuit,Unknown,1,5-4,4,Jr.,1
2012,Genesis Healthcare v. Symczyk,11-1059,3rd Circuit,Unknown,1,5-4,4,Scalia,1
2012,Genesis Healthcare v. Symczyk,11-1059,3rd Circuit,Unknown,1,5-4,4,Kennedy,1
2012,Genesis Healthcare v. Symczyk,11-1059,3rd Circuit,Unknown,1,5-4,4,Thomas,1
2012,Genesis Healthcare v. Symczyk,11-1059,3rd Circuit,Unknown,1,5-4,4,Ginsburg,0
2012,Genesis Healthcare v. Symczyk,11-1059,3rd Circuit,Unknown,1,5-4,4,Breyer,0
2012,Genesis Healthcare v. Symczyk,11-1059,3rd Circuit,Unknown,1,5-4,4,Jr.,1
2012,Genesis Healthcare v. Symczyk,11-1059,3rd Circuit,Unknown,1,5-4,4,Sotomayor,0
2012,Genesis Healthcare v. Symczyk,11-1059,3rd Circuit,Unknown,1,5-4,4,Kagan,0
2012,Genesis Healthcare v. Symczyk,11-1059,3rd Circuit,Unknown,1,5-4,4,Jr.,1
2012,Genesis Healthcare v. Symczyk,11-1059,3rd Circuit,Unknown,1,5-4,4,Scalia,1
2012,Genesis Healthcare v. Symczyk,11-1059,3rd Circuit,Unknown,1,5-4,4,Kennedy,1
2012,Genesis Healthcare v. Symczyk,11-1059,3rd Circuit,Unknown,1,5-4,4,Thomas,1
2012,Genesis Healthcare v. Symczyk,11-1059,3rd Circuit,Unknown,1,5-4,4,Ginsburg,0
2012,Genesis Healthcare v. Symczyk,11-1059,3rd Circuit,Unknown,1,5-4,4,Breyer,0
2012,Genesis Healthcare v. Symczyk,11-1059,3rd Circuit,Unknown,1,5-4,4,Jr.,1
2012,Genesis Healthcare v. Symczyk,11-1059,3rd Circuit,Unknown,1,5-4,4,Sotomayor,0
2012,Genesis Healthcare v. Symczyk,11-1059,3rd Circuit,Unknown,1,5-4,4,Kagan,0
2012,Ryan v. Schad,12-1084,9th Circuit,Unknown,1,9-0,4,Jr.,1
2012,Ryan v. Schad,12-1084,9th Circuit,Unknown,1,9-0,4,Scalia,1
2012,Ryan v. Schad,12-1084,9th Circuit,Unknown,1,9-0,4,Kennedy,1
2012,Ryan v. Schad,12-1084,9th Circuit,Unknown,1,9-0,4,Thomas,1
2012,Ryan v. Schad,12-1084,9th Circuit,Unknown,1,9-0,4,Ginsburg,1
2012,Ryan v. Schad,12-1084,9th Circuit,Unknown,1,9-0,4,Breyer,1
2012,Ryan v. Schad,12-1084,9th Circuit,Unknown,1,9-0,4,Jr.,1
2012,Ryan v. Schad,12-1084,9th Circuit,Unknown,1,9-0,4,Sotomayor,1
2012,Ryan v. Schad,12-1084,9th Circuit,Unknown,1,9-0,4,Kagan,1
2012,Sekhar v. United States,12-357,2nd Circuit,Unknown,1,9-0,4,Jr.,1
2012,Sekhar v. United States,12-357,2nd Circuit,Unknown,1,9-0,4,Scalia,1
2012,Sekhar v. United States,12-357,2nd Circuit,Unknown,1,9-0,4,Kennedy,1
2012,Sekhar v. United States,12-357,2nd Circuit,Unknown,1,9-0,4,Thomas,1
2012,Sekhar v. United States,12-357,2nd Circuit,Unknown,1,9-0,4,Ginsburg,1
2012,Sekhar v. United States,12-357,2nd Circuit,Unknown,1,9-0,4,Breyer,1
2012,Sekhar v. United States,12-357,2nd Circuit,Unknown,1,9-0,4,Jr.,1
2012,Sekhar v. United States,12-357,2nd Circuit,Unknown,1,9-0,4,Sotomayor,1
2012,Sekhar v. United States,12-357,2nd Circuit,Unknown,1,9-0,4,Kagan,1
2012,US Airways v. McCutchen,11-1285,3rd Circuit,Unknown,1,9-0,4,Jr.,1
2012,US Airways v. McCutchen,11-1285,3rd Circuit,Unknown,1,9-0,4,Scalia,1
2012,US Airways v. McCutchen,11-1285,3rd Circuit,Unknown,1,9-0,4,Kennedy,1
2012,US Airways v. McCutchen,11-1285,3rd Circuit,Unknown,1,9-0,4,Thomas,1
2012,US Airways v. McCutchen,11-1285,3rd Circuit,Unknown,1,9-0,4,Ginsburg,1
2012,US Airways v. McCutchen,11-1285,3rd Circuit,Unknown,1,9-0,4,Breyer,1
2012,US Airways v. McCutchen,11-1285,3rd Circuit,Unknown,1,9-0,4,Jr.,1
2012,US Airways v. McCutchen,11-1285,3rd Circuit,Unknown,1,9-0,4,Sotomayor,1
2012,US Airways v. McCutchen,11-1285,3rd Circuit,Unknown,1,9-0,4,Kagan,1
2012,US Airways v. McCutchen,11-1285,3rd Circuit,Unknown,1,5-4,4,Jr.,0
2012,US Airways v. McCutchen,11-1285,3rd Circuit,Unknown,1,5-4,4,Scalia,0
2012,US Airways v. McCutchen,11-1285,3rd Circuit,Unknown,1,5-4,4,Kennedy,1
2012,US Airways v. McCutchen,11-1285,3rd Circuit,Unknown,1,5-4,4,Thomas,0
2012,US Airways v. McCutchen,11-1285,3rd Circuit,Unknown,1,5-4,4,Ginsburg,1
2012,US Airways v. McCutchen,11-1285,3rd Circuit,Unknown,1,5-4,4,Breyer,1
2012,US Airways v. McCutchen,11-1285,3rd Circuit,Unknown,1,5-4,4,Jr.,0
2012,US Airways v. McCutchen,11-1285,3rd Circuit,Unknown,1,5-4,4,Sotomayor,1
2012,US Airways v. McCutchen,11-1285,3rd Circuit,Unknown,1,5-4,4,Kagan,1
2012,"Los Angeles County Flood Control District v. Natural Resources Defense Council, Inc.",11-460,9th Circuit,Unknown,1,9-0,4,Jr.,1
2012,"Los Angeles County Flood Control District v. Natural Resources Defense Council, Inc.",11-460,9th Circuit,Unknown,1,9-0,4,Scalia,1
2012,"Los Angeles County Flood Control District v. Natural Resources Defense Council, Inc.",11-460,9th Circuit,Unknown,1,9-0,4,Kennedy,1
2012,"Los Angeles County Flood Control District v. Natural Resources Defense Council, Inc.",11-460,9th Circuit,Unknown,1,9-0,4,Thomas,1
2012,"Los Angeles County Flood Control District v. Natural Resources Defense Council, Inc.",11-460,9th Circuit,Unknown,1,9-0,4,Ginsburg,1
2012,"Los Angeles County Flood Control District v. Natural Resources Defense Council, Inc.",11-460,9th Circuit,Unknown,1,9-0,4,Breyer,1
2012,"Los Angeles County Flood Control District v. Natural Resources Defense Council, Inc.",11-460,9th Circuit,Unknown,1,9-0,4,Jr.,1
2012,"Los Angeles County Flood Control District v. Natural Resources Defense Council, Inc.",11-460,9th Circuit,Unknown,1,9-0,4,Sotomayor,1
2012,"Los Angeles County Flood Control District v. Natural Resources Defense Council, Inc.",11-460,9th Circuit,Unknown,1,9-0,4,Kagan,1
2012,Bullock v. BankChampaign,11-1518,11th Circuit,Unknown,1,9-0,4,Jr.,1
2012,Bullock v. BankChampaign,11-1518,11th Circuit,Unknown,1,9-0,4,Scalia,1
2012,Bullock v. BankChampaign,11-1518,11th Circuit,Unknown,1,9-0,4,Kennedy,1
2012,Bullock v. BankChampaign,11-1518,11th Circuit,Unknown,1,9-0,4,Thomas,1
2012,Bullock v. BankChampaign,11-1518,11th Circuit,Unknown,1,9-0,4,Ginsburg,1
2012,Bullock v. BankChampaign,11-1518,11th Circuit,Unknown,1,9-0,4,Breyer,1
2012,Bullock v. BankChampaign,11-1518,11th Circuit,Unknown,1,9-0,4,Jr.,1
2012,Bullock v. BankChampaign,11-1518,11th Circuit,Unknown,1,9-0,4,Sotomayor,1
2012,Bullock v. BankChampaign,11-1518,11th Circuit,Unknown,1,9-0,4,Kagan,1
2012,PPL Corporation v. Commissioner of Internal Revenue,12-43,3rd Circuit,Unknown,1,9-0,4,Jr.,1
2012,PPL Corporation v. Commissioner of Internal Revenue,12-43,3rd Circuit,Unknown,1,9-0,4,Scalia,1
2012,PPL Corporation v. Commissioner of Internal Revenue,12-43,3rd Circuit,Unknown,1,9-0,4,Kennedy,1
2012,PPL Corporation v. Commissioner of Internal Revenue,12-43,3rd Circuit,Unknown,1,9-0,4,Thomas,1
2012,PPL Corporation v. Commissioner of Internal Revenue,12-43,3rd Circuit,Unknown,1,9-0,4,Ginsburg,1
2012,PPL Corporation v. Commissioner of Internal Revenue,12-43,3rd Circuit,Unknown,1,9-0,4,Breyer,1
2012,PPL Corporation v. Commissioner of Internal Revenue,12-43,3rd Circuit,Unknown,1,9-0,4,Jr.,1
2012,PPL Corporation v. Commissioner of Internal Revenue,12-43,3rd Circuit,Unknown,1,9-0,4,Sotomayor,1
2012,PPL Corporation v. Commissioner of Internal Revenue,12-43,3rd Circuit,Unknown,1,9-0,4,Kagan,1
2012,Comcast v. Behrend,11-864,3rd Circuit,Unknown,1,5-4,4,Jr.,1
2012,Comcast v. Behrend,11-864,3rd Circuit,Unknown,1,5-4,4,Scalia,1
2012,Comcast v. Behrend,11-864,3rd Circuit,Unknown,1,5-4,4,Kennedy,1
2012,Comcast v. Behrend,11-864,3rd Circuit,Unknown,1,5-4,4,Thomas,1
2012,Comcast v. Behrend,11-864,3rd Circuit,Unknown,1,5-4,4,Ginsburg,0
2012,Comcast v. Behrend,11-864,3rd Circuit,Unknown,1,5-4,4,Breyer,0
2012,Comcast v. Behrend,11-864,3rd Circuit,Unknown,1,5-4,4,Jr.,1
2012,Comcast v. Behrend,11-864,3rd Circuit,Unknown,1,5-4,4,Sotomayor,0
2012,Comcast v. Behrend,11-864,3rd Circuit,Unknown,1,5-4,4,Kagan,0
2012,Moncrieffe v. Holder,11-702,5th Circuit,Unknown,1,7-2,4,Jr.,1
2012,Moncrieffe v. Holder,11-702,5th Circuit,Unknown,1,7-2,4,Scalia,1
2012,Moncrieffe v. Holder,11-702,5th Circuit,Unknown,1,7-2,4,Kennedy,1
2012,Moncrieffe v. Holder,11-702,5th Circuit,Unknown,1,7-2,4,Thomas,0
2012,Moncrieffe v. Holder,11-702,5th Circuit,Unknown,1,7-2,4,Ginsburg,1
2012,Moncrieffe v. Holder,11-702,5th Circuit,Unknown,1,7-2,4,Breyer,1
2012,Moncrieffe v. Holder,11-702,5th Circuit,Unknown,1,7-2,4,Jr.,0
2012,Moncrieffe v. Holder,11-702,5th Circuit,Unknown,1,7-2,4,Sotomayor,1
2012,Moncrieffe v. Holder,11-702,5th Circuit,Unknown,1,7-2,4,Kagan,1
2012,Mutual Pharmaceutical Co. v. Bartlett,12-142,1st Circuit,Unknown,1,5-4,4,Jr.,1
2012,Mutual Pharmaceutical Co. v. Bartlett,12-142,1st Circuit,Unknown,1,5-4,4,Scalia,1
2012,Mutual Pharmaceutical Co. v. Bartlett,12-142,1st Circuit,Unknown,1,5-4,4,Kennedy,1
2012,Mutual Pharmaceutical Co. v. Bartlett,12-142,1st Circuit,Unknown,1,5-4,4,Thomas,1
2012,Mutual Pharmaceutical Co. v. Bartlett,12-142,1st Circuit,Unknown,1,5-4,4,Ginsburg,0
2012,Mutual Pharmaceutical Co. v. Bartlett,12-142,1st Circuit,Unknown,1,5-4,4,Breyer,0
2012,Mutual Pharmaceutical Co. v. Bartlett,12-142,1st Circuit,Unknown,1,5-4,4,Jr.,1
2012,Mutual Pharmaceutical Co. v. Bartlett,12-142,1st Circuit,Unknown,1,5-4,4,Sotomayor,0
2012,Mutual Pharmaceutical Co. v. Bartlett,12-142,1st Circuit,Unknown,1,5-4,4,Kagan,0
2012,Mutual Pharmaceutical Co. v. Bartlett,12-142,1st Circuit,Unknown,1,5-4,4,Jr.,1
2012,Mutual Pharmaceutical Co. v. Bartlett,12-142,1st Circuit,Unknown,1,5-4,4,Scalia,1
2012,Mutual Pharmaceutical Co. v. Bartlett,12-142,1st Circuit,Unknown,1,5-4,4,Kennedy,1
2012,Mutual Pharmaceutical Co. v. Bartlett,12-142,1st Circuit,Unknown,1,5-4,4,Thomas,1
2012,Mutual Pharmaceutical Co. v. Bartlett,12-142,1st Circuit,Unknown,1,5-4,4,Ginsburg,0
2012,Mutual Pharmaceutical Co. v. Bartlett,12-142,1st Circuit,Unknown,1,5-4,4,Breyer,0
2012,Mutual Pharmaceutical Co. v. Bartlett,12-142,1st Circuit,Unknown,1,5-4,4,Jr.,1
2012,Mutual Pharmaceutical Co. v. Bartlett,12-142,1st Circuit,Unknown,1,5-4,4,Sotomayor,0
2012,Mutual Pharmaceutical Co. v. Bartlett,12-142,1st Circuit,Unknown,1,5-4,4,Kagan,0
2012,Clapper v. Amnesty International USA,11-1025,2nd Circuit,Unknown,1,5-4,4,Jr.,1
2012,Clapper v. Amnesty International USA,11-1025,2nd Circuit,Unknown,1,5-4,4,Scalia,1
2012,Clapper v. Amnesty International USA,11-1025,2nd Circuit,Unknown,1,5-4,4,Kennedy,1
2012,Clapper v. Amnesty International USA,11-1025,2nd Circuit,Unknown,1,5-4,4,Thomas,1
2012,Clapper v. Amnesty International USA,11-1025,2nd Circuit,Unknown,1,5-4,4,Ginsburg,0
2012,Clapper v. Amnesty International USA,11-1025,2nd Circuit,Unknown,1,5-4,4,Breyer,0
2012,Clapper v. Amnesty International USA,11-1025,2nd Circuit,Unknown,1,5-4,4,Jr.,1
2012,Clapper v. Amnesty International USA,11-1025,2nd Circuit,Unknown,1,5-4,4,Sotomayor,0
2012,Clapper v. Amnesty International USA,11-1025,2nd Circuit,Unknown,1,5-4,4,Kagan,0
2012,Johnson v. Williams,11-465,9th Circuit,Unknown,1,9-0,4,Jr.,1
2012,Johnson v. Williams,11-465,9th Circuit,Unknown,1,9-0,4,Scalia,1
2012,Johnson v. Williams,11-465,9th Circuit,Unknown,1,9-0,4,Kennedy,1
2012,Johnson v. Williams,11-465,9th Circuit,Unknown,1,9-0,4,Thomas,1
2012,Johnson v. Williams,11-465,9th Circuit,Unknown,1,9-0,4,Ginsburg,1
2012,Johnson v. Williams,11-465,9th Circuit,Unknown,1,9-0,4,Breyer,1
2012,Johnson v. Williams,11-465,9th Circuit,Unknown,1,9-0,4,Jr.,1
2012,Johnson v. Williams,11-465,9th Circuit,Unknown,1,9-0,4,Sotomayor,1
2012,Johnson v. Williams,11-465,9th Circuit,Unknown,1,9-0,4,Kagan,1
2012,Adoptive Couple v. Baby Girl,12-399,Other,Unknown,1,5-4,4,Jr.,1
2012,Adoptive Couple v. Baby Girl,12-399,Other,Unknown,1,5-4,4,Scalia,0
2012,Adoptive Couple v. Baby Girl,12-399,Other,Unknown,1,5-4,4,Kennedy,1
2012,Adoptive Couple v. Baby Girl,12-399,Other,Unknown,1,5-4,4,Thomas,1
2012,Adoptive Couple v. Baby Girl,12-399,Other,Unknown,1,5-4,4,Ginsburg,0
2012,Adoptive Couple v. Baby Girl,12-399,Other,Unknown,1,5-4,4,Breyer,1
2012,Adoptive Couple v. Baby Girl,12-399,Other,Unknown,1,5-4,4,Jr.,1
2012,Adoptive Couple v. Baby Girl,12-399,Other,Unknown,1,5-4,4,Sotomayor,0
2012,Adoptive Couple v. Baby Girl,12-399,Other,Unknown,1,5-4,4,Kagan,0
2012,Association for Molecular Pathology v. Myriad Genetics,12-398,Federal Circuit,Unknown,1,9-0,4,Jr.,1
2012,Association for Molecular Pathology v. Myriad Genetics,12-398,Federal Circuit,Unknown,1,9-0,4,Scalia,1
2012,Association for Molecular Pathology v. Myriad Genetics,12-398,Federal Circuit,Unknown,1,9-0,4,Kennedy,1
2012,Association for Molecular Pathology v. Myriad Genetics,12-398,Federal Circuit,Unknown,1,9-0,4,Thomas,1
2012,Association for Molecular Pathology v. Myriad Genetics,12-398,Federal Circuit,Unknown,1,9-0,4,Ginsburg,1
2012,Association for Molecular Pathology v. Myriad Genetics,12-398,Federal Circuit,Unknown,1,9-0,4,Breyer,1
2012,Association for Molecular Pathology v. Myriad Genetics,12-398,Federal Circuit,Unknown,1,9-0,4,Jr.,1
2012,Association for Molecular Pathology v. Myriad Genetics,12-398,Federal Circuit,Unknown,1,9-0,4,Sotomayor,1
2012,Association for Molecular Pathology v. Myriad Genetics,12-398,Federal Circuit,Unknown,1,9-0,4,Kagan,1
2012,Nevada v. Jackson,12-694,9th Circuit,Unknown,1,9-0,4,Jr.,1
2012,Nevada v. Jackson,12-694,9th Circuit,Unknown,1,9-0,4,Scalia,1
2012,Nevada v. Jackson,12-694,9th Circuit,Unknown,1,9-0,4,Kennedy,1
2012,Nevada v. Jackson,12-694,9th Circuit,Unknown,1,9-0,4,Thomas,1
2012,Nevada v. Jackson,12-694,9th Circuit,Unknown,1,9-0,4,Ginsburg,1
2012,Nevada v. Jackson,12-694,9th Circuit,Unknown,1,9-0,4,Breyer,1
2012,Nevada v. Jackson,12-694,9th Circuit,Unknown,1,9-0,4,Jr.,1
2012,Nevada v. Jackson,12-694,9th Circuit,Unknown,1,9-0,4,Sotomayor,1
2012,Nevada v. Jackson,12-694,9th Circuit,Unknown,1,9-0,4,Kagan,1
2011,Lafler v. Cooper,10-209,6th Circuit,Unknown,1,5-4,4,Jr.,0
2011,Lafler v. Cooper,10-209,6th Circuit,Unknown,1,5-4,4,Scalia,0
2011,Lafler v. Cooper,10-209,6th Circuit,Unknown,1,5-4,4,Kennedy,1
2011,Lafler v. Cooper,10-209,6th Circuit,Unknown,1,5-4,4,Thomas,0
2011,Lafler v. Cooper,10-209,6th Circuit,Unknown,1,5-4,4,Ginsburg,1
2011,Lafler v. Cooper,10-209,6th Circuit,Unknown,1,5-4,4,Breyer,1
2011,Lafler v. Cooper,10-209,6th Circuit,Unknown,1,5-4,4,Jr.,0
2011,Lafler v. Cooper,10-209,6th Circuit,Unknown,1,5-4,4,Sotomayor,1
2011,Lafler v. Cooper,10-209,6th Circuit,Unknown,1,5-4,4,Kagan,1
2011,Hosanna-Tabor Evangelical Lutheran Church and School v. EEOC,10-553,6th Circuit,Unknown,1,9-0,4,Jr.,1
2011,Hosanna-Tabor Evangelical Lutheran Church and School v. EEOC,10-553,6th Circuit,Unknown,1,9-0,4,Scalia,1
2011,Hosanna-Tabor Evangelical Lutheran Church and School v. EEOC,10-553,6th Circuit,Unknown,1,9-0,4,Kennedy,1
2011,Hosanna-Tabor Evangelical Lutheran Church and School v. EEOC,10-553,6th Circuit,Unknown,1,9-0,4,Thomas,1
2011,Hosanna-Tabor Evangelical Lutheran Church and School v. EEOC,10-553,6th Circuit,Unknown,1,9-0,4,Ginsburg,1
2011,Hosanna-Tabor Evangelical Lutheran Church and School v. EEOC,10-553,6th Circuit,Unknown,1,9-0,4,Breyer,1
2011,Hosanna-Tabor Evangelical Lutheran Church and School v. EEOC,10-553,6th Circuit,Unknown,1,9-0,4,Jr.,1
2011,Hosanna-Tabor Evangelical Lutheran Church and School v. EEOC,10-553,6th Circuit,Unknown,1,9-0,4,Sotomayor,1
2011,Hosanna-Tabor Evangelical Lutheran Church and School v. EEOC,10-553,6th Circuit,Unknown,1,9-0,4,Kagan,1
2011,Vartelas v. Holder,10-1211,2nd Circuit,Unknown,1,6-3,4,Jr.,1
2011,Vartelas v. Holder,10-1211,2nd Circuit,Unknown,1,6-3,4,Scalia,0
2011,Vartelas v. Holder,10-1211,2nd Circuit,Unknown,1,6-3,4,Kennedy,1
2011,Vartelas v. Holder,10-1211,2nd Circuit,Unknown,1,6-3,4,Thomas,0
2011,Vartelas v. Holder,10-1211,2nd Circuit,Unknown,1,6-3,4,Ginsburg,1
2011,Vartelas v. Holder,10-1211,2nd Circuit,Unknown,1,6-3,4,Breyer,1
2011,Vartelas v. Holder,10-1211,2nd Circuit,Unknown,1,6-3,4,Jr.,0
2011,Vartelas v. Holder,10-1211,2nd Circuit,Unknown,1,6-3,4,Sotomayor,1
2011,Vartelas v. Holder,10-1211,2nd Circuit,Unknown,1,6-3,4,Kagan,1
2011,KPMG LLP v. Cocchi,10-1521,Other,Unknown,1,9-0,4,Jr.,1
2011,KPMG LLP v. Cocchi,10-1521,Other,Unknown,1,9-0,4,Scalia,1
2011,KPMG LLP v. Cocchi,10-1521,Other,Unknown,1,9-0,4,Kennedy,1
2011,KPMG LLP v. Cocchi,10-1521,Other,Unknown,1,9-0,4,Thomas,1
2011,KPMG LLP v. Cocchi,10-1521,Other,Unknown,1,9-0,4,Ginsburg,1
2011,KPMG LLP v. Cocchi,10-1521,Other,Unknown,1,9-0,4,Breyer,1
2011,KPMG LLP v. Cocchi,10-1521,Other,Unknown,1,9-0,4,Jr.,1
2011,KPMG LLP v. Cocchi,10-1521,Other,Unknown,1,9-0,4,Sotomayor,1
2011,KPMG LLP v. Cocchi,10-1521,Other,Unknown,1,9-0,4,Kagan,1
2011,United States v. Home Concrete & Supply,11-139,4th Circuit,Unknown,0,5-4,4,Jr.,1
2011,United States v. Home Concrete & Supply,11-139,4th Circuit,Unknown,0,5-4,4,Scalia,1
2011,United States v. Home Concrete & Supply,11-139,4th Circuit,Unknown,0,5-4,4,Kennedy,0
2011,United States v. Home Concrete & Supply,11-139,4th Circuit,Unknown,0,5-4,4,Thomas,1
2011,United States v. Home Concrete & Supply,11-139,4th Circuit,Unknown,0,5-4,4,Ginsburg,0
2011,United States v. Home Concrete & Supply,11-139,4th Circuit,Unknown,0,5-4,4,Breyer,1
2011,United States v. Home Concrete & Supply,11-139,4th Circuit,Unknown,0,5-4,4,Jr.,1
2011,United States v. Home Concrete & Supply,11-139,4th Circuit,Unknown,0,5-4,4,Sotomayor,0
2011,United States v. Home Concrete & Supply,11-139,4th Circuit,Unknown,0,5-4,4,Kagan,0
2011,United States v. Home Concrete & Supply,11-139,4th Circuit,Unknown,0,5-4,4,Jr.,1
2011,United States v. Home Concrete & Supply,11-139,4th Circuit,Unknown,0,5-4,4,Scalia,1
2011,United States v. Home Concrete & Supply,11-139,4th Circuit,Unknown,0,5-4,4,Kennedy,0
2011,United States v. Home Concrete & Supply,11-139,4th Circuit,Unknown,0,5-4,4,Thomas,1
2011,United States v. Home Concrete & Supply,11-139,4th Circuit,Unknown,0,5-4,4,Ginsburg,0
2011,United States v. Home Concrete & Supply,11-139,4th Circuit,Unknown,0,5-4,4,Breyer,1
2011,United States v. Home Concrete & Supply,11-139,4th Circuit,Unknown,0,5-4,4,Jr.,1
2011,United States v. Home Concrete & Supply,11-139,4th Circuit,Unknown,0,5-4,4,Sotomayor,0
2011,United States v. Home Concrete & Supply,11-139,4th Circuit,Unknown,0,5-4,4,Kagan,0
2011,Ryburn v. Huff,11-208,9th Circuit,Unknown,1,9-0,4,Jr.,1
2011,Ryburn v. Huff,11-208,9th Circuit,Unknown,1,9-0,4,Scalia,1
2011,Ryburn v. Huff,11-208,9th Circuit,Unknown,1,9-0,4,Kennedy,1
2011,Ryburn v. Huff,11-208,9th Circuit,Unknown,1,9-0,4,Thomas,1
2011,Ryburn v. Huff,11-208,9th Circuit,Unknown,1,9-0,4,Ginsburg,1
2011,Ryburn v. Huff,11-208,9th Circuit,Unknown,1,9-0,4,Breyer,1
2011,Ryburn v. Huff,11-208,9th Circuit,Unknown,1,9-0,4,Jr.,1
2011,Ryburn v. Huff,11-208,9th Circuit,Unknown,1,9-0,4,Sotomayor,1
2011,Ryburn v. Huff,11-208,9th Circuit,Unknown,1,9-0,4,Kagan,1
2011,Zivotofsky v. Clinton,10-699,Other,Unknown,1,8-1,4,Jr.,1
2011,Zivotofsky v. Clinton,10-699,Other,Unknown,1,8-1,4,Scalia,1
2011,Zivotofsky v. Clinton,10-699,Other,Unknown,1,8-1,4,Kennedy,1
2011,Zivotofsky v. Clinton,10-699,Other,Unknown,1,8-1,4,Thomas,1
2011,Zivotofsky v. Clinton,10-699,Other,Unknown,1,8-1,4,Ginsburg,1
2011,Zivotofsky v. Clinton,10-699,Other,Unknown,1,8-1,4,Breyer,0
2011,Zivotofsky v. Clinton,10-699,Other,Unknown,1,8-1,4,Jr.,1
2011,Zivotofsky v. Clinton,10-699,Other,Unknown,1,8-1,4,Sotomayor,1
2011,Zivotofsky v. Clinton,10-699,Other,Unknown,1,8-1,4,Kagan,1
2011,Sackett v. EPA,10-1062,9th Circuit,Unknown,1,9-0,4,Jr.,1
2011,Sackett v. EPA,10-1062,9th Circuit,Unknown,1,9-0,4,Scalia,1
2011,Sackett v. EPA,10-1062,9th Circuit,Unknown,1,9-0,4,Kennedy,1
2011,Sackett v. EPA,10-1062,9th Circuit,Unknown,1,9-0,4,Thomas,1
2011,Sackett v. EPA,10-1062,9th Circuit,Unknown,1,9-0,4,Ginsburg,1
2011,Sackett v. EPA,10-1062,9th Circuit,Unknown,1,9-0,4,Breyer,1
2011,Sackett v. EPA,10-1062,9th Circuit,Unknown,1,9-0,4,Jr.,1
2011,Sackett v. EPA,10-1062,9th Circuit,Unknown,1,9-0,4,Sotomayor,1
2011,Sackett v. EPA,10-1062,9th Circuit,Unknown,1,9-0,4,Kagan,1
2011,Pacific Operators Offshore v. Valladolid,10-507,9th Circuit,Unknown,1,9-0,4,Jr.,1
2011,Pacific Operators Offshore v. Valladolid,10-507,9th Circuit,Unknown,1,9-0,4,Scalia,1
2011,Pacific Operators Offshore v. Valladolid,10-507,9th Circuit,Unknown,1,9-0,4,Kennedy,1
2011,Pacific Operators Offshore v. Valladolid,10-507,9th Circuit,Unknown,1,9-0,4,Thomas,1
2011,Pacific Operators Offshore v. Valladolid,10-507,9th Circuit,Unknown,1,9-0,4,Ginsburg,1
2011,Pacific Operators Offshore v. Valladolid,10-507,9th Circuit,Unknown,1,9-0,4,Breyer,1
2011,Pacific Operators Offshore v. Valladolid,10-507,9th Circuit,Unknown,1,9-0,4,Jr.,1
2011,Pacific Operators Offshore v. Valladolid,10-507,9th Circuit,Unknown,1,9-0,4,Sotomayor,1
2011,Pacific Operators Offshore v. Valladolid,10-507,9th Circuit,Unknown,1,9-0,4,Kagan,1
2011,Perry v. Perez,11-713,Other,Unknown,1,9-0,4,Jr.,1
2011,Perry v. Perez,11-713,Other,Unknown,1,9-0,4,Scalia,1
2011,Perry v. Perez,11-713,Other,Unknown,1,9-0,4,Kennedy,1
2011,Perry v. Perez,11-713,Other,Unknown,1,9-0,4,Thomas,1
2011,Perry v. Perez,11-713,Other,Unknown,1,9-0,4,Ginsburg,1
2011,Perry v. Perez,11-713,Other,Unknown,1,9-0,4,Breyer,1
2011,Perry v. Perez,11-713,Other,Unknown,1,9-0,4,Jr.,1
2011,Perry v. Perez,11-713,Other,Unknown,1,9-0,4,Sotomayor,1
2011,Perry v. Perez,11-713,Other,Unknown,1,9-0,4,Kagan,1
2011,Marmet Health Care Center v. Brown,11-391,State Supreme Court,Unknown,1,9-0,4,Jr.,1
2011,Marmet Health Care Center v. Brown,11-391,State Supreme Court,Unknown,1,9-0,4,Scalia,1
2011,Marmet Health Care Center v. Brown,11-391,State Supreme Court,Unknown,1,9-0,4,Kennedy,1
2011,Marmet Health Care Center v. Brown,11-391,State Supreme Court,Unknown,1,9-0,4,Thomas,1
2011,Marmet Health Care Center v. Brown,11-391,State Supreme Court,Unknown,1,9-0,4,Ginsburg,1
2011,Marmet Health Care Center v. Brown,11-391,State Supreme Court,Unknown,1,9-0,4,Breyer,1
2011,Marmet Health Care Center v. Brown,11-391,State Supreme Court,Unknown,1,9-0,4,Jr.,1
2011,Marmet Health Care Center v. Brown,11-391,State Supreme Court,Unknown,1,9-0,4,Sotomayor,1
2011,Marmet Health Care Center v. Brown,11-391,State Supreme Court,Unknown,1,9-0,4,Kagan,1
2011,Smith v. Cain,10-8145,Other,Unknown,1,8-1,4,Jr.,1
2011,Smith v. Cain,10-8145,Other,Unknown,1,8-1,4,Scalia,1
2011,Smith v. Cain,10-8145,Other,Unknown,1,8-1,4,Kennedy,1
2011,Smith v. Cain,10-8145,Other,Unknown,1,8-1,4,Thomas,0
2011,Smith v. Cain,10-8145,Other,Unknown,1,8-1,4,Ginsburg,1
2011,Smith v. Cain,10-8145,Other,Unknown,1,8-1,4,Breyer,1
2011,Smith v. Cain,10-8145,Other,Unknown,1,8-1,4,Jr.,1
2011,Smith v. Cain,10-8145,Other,Unknown,1,8-1,4,Sotomayor,1
2011,Smith v. Cain,10-8145,Other,Unknown,1,8-1,4,Kagan,1
2011,Astrue v. Capato,11-159,3rd Circuit,Unknown,1,9-0,4,Jr.,1
2011,Astrue v. Capato,11-159,3rd Circuit,Unknown,1,9-0,4,Scalia,1
2011,Astrue v. Capato,11-159,3rd Circuit,Unknown,1,9-0,4,Kennedy,1
2011,Astrue v. Capato,11-159,3rd Circuit,Unknown,1,9-0,4,Thomas,1
2011,Astrue v. Capato,11-159,3rd Circuit,Unknown,1,9-0,4,Ginsburg,1
2011,Astrue v. Capato,11-159,3rd Circuit,Unknown,1,9-0,4,Breyer,1
2011,Astrue v. Capato,11-159,3rd Circuit,Unknown,1,9-0,4,Jr.,1
2011,Astrue v. Capato,11-159,3rd Circuit,Unknown,1,9-0,4,Sotomayor,1
2011,Astrue v. Capato,11-159,3rd Circuit,Unknown,1,9-0,4,Kagan,1
2011,Howes v. Fields,10-680,6th Circuit,Unknown,1,6-3,4,Jr.,1
2011,Howes v. Fields,10-680,6th Circuit,Unknown,1,6-3,4,Scalia,1
2011,Howes v. Fields,10-680,6th Circuit,Unknown,1,6-3,4,Kennedy,1
2011,Howes v. Fields,10-680,6th Circuit,Unknown,1,6-3,4,Thomas,1
2011,Howes v. Fields,10-680,6th Circuit,Unknown,1,6-3,4,Ginsburg,0
2011,Howes v. Fields,10-680,6th Circuit,Unknown,1,6-3,4,Breyer,0
2011,Howes v. Fields,10-680,6th Circuit,Unknown,1,6-3,4,Jr.,1
2011,Howes v. Fields,10-680,6th Circuit,Unknown,1,6-3,4,Sotomayor,0
2011,Howes v. Fields,10-680,6th Circuit,Unknown,1,6-3,4,Kagan,1
2011,Minneci v. Pollard,10-1104,9th Circuit,Unknown,1,8-1,4,Jr.,1
2011,Minneci v. Pollard,10-1104,9th Circuit,Unknown,1,8-1,4,Scalia,1
2011,Minneci v. Pollard,10-1104,9th Circuit,Unknown,1,8-1,4,Kennedy,1
2011,Minneci v. Pollard,10-1104,9th Circuit,Unknown,1,8-1,4,Thomas,1
2011,Minneci v. Pollard,10-1104,9th Circuit,Unknown,1,8-1,4,Ginsburg,0
2011,Minneci v. Pollard,10-1104,9th Circuit,Unknown,1,8-1,4,Breyer,1
2011,Minneci v. Pollard,10-1104,9th Circuit,Unknown,1,8-1,4,Jr.,1
2011,Minneci v. Pollard,10-1104,9th Circuit,Unknown,1,8-1,4,Sotomayor,1
2011,Minneci v. Pollard,10-1104,9th Circuit,Unknown,1,8-1,4,Kagan,1
2011,"American Tradition Partnership, Inc. v. Bullock",11-1179,Other,Unknown,1,5-4,4,Jr.,1
2011,"American Tradition Partnership, Inc. v. Bullock",11-1179,Other,Unknown,1,5-4,4,Scalia,1
2011,"American Tradition Partnership, Inc. v. Bullock",11-1179,Other,Unknown,1,5-4,4,Kennedy,1
2011,"American Tradition Partnership, Inc. v. Bullock",11-1179,Other,Unknown,1,5-4,4,Thomas,1
2011,"American Tradition Partnership, Inc. v. Bullock",11-1179,Other,Unknown,1,5-4,4,Ginsburg,0
2011,"American Tradition Partnership, Inc. v. Bullock",11-1179,Other,Unknown,1,5-4,4,Breyer,0
2011,"American Tradition Partnership, Inc. v. Bullock",11-1179,Other,Unknown,1,5-4,4,Jr.,1
2011,"American Tradition Partnership, Inc. v. Bullock",11-1179,Other,Unknown,1,5-4,4,Sotomayor,0
2011,"American Tradition Partnership, Inc. v. Bullock",11-1179,Other,Unknown,1,5-4,4,Kagan,0
2011,Match-E-Be-Nash-She-Wish Band v. Patchak,11-246,Other,Unknown,0,8-1,4,Jr.,1
2011,Match-E-Be-Nash-She-Wish Band v. Patchak,11-246,Other,Unknown,0,8-1,4,Scalia,1
2011,Match-E-Be-Nash-She-Wish Band v. Patchak,11-246,Other,Unknown,0,8-1,4,Kennedy,1
2011,Match-E-Be-Nash-She-Wish Band v. Patchak,11-246,Other,Unknown,0,8-1,4,Thomas,1
2011,Match-E-Be-Nash-She-Wish Band v. Patchak,11-246,Other,Unknown,0,8-1,4,Ginsburg,1
2011,Match-E-Be-Nash-She-Wish Band v. Patchak,11-246,Other,Unknown,0,8-1,4,Breyer,1
2011,Match-E-Be-Nash-She-Wish Band v. Patchak,11-246,Other,Unknown,0,8-1,4,Jr.,1
2011,Match-E-Be-Nash-She-Wish Band v. Patchak,11-246,Other,Unknown,0,8-1,4,Sotomayor,0
2011,Match-E-Be-Nash-She-Wish Band v. Patchak,11-246,Other,Unknown,0,8-1,4,Kagan,1
2011,Match-E-Be-Nash-She-Wish Band v. Patchak,11-246,Other,Unknown,0,8-1,4,Jr.,1
2011,Match-E-Be-Nash-She-Wish Band v. Patchak,11-246,Other,Unknown,0,8-1,4,Scalia,1
2011,Match-E-Be-Nash-She-Wish Band v. Patchak,11-246,Other,Unknown,0,8-1,4,Kennedy,1
2011,Match-E-Be-Nash-She-Wish Band v. Patchak,11-246,Other,Unknown,0,8-1,4,Thomas,1
2011,Match-E-Be-Nash-She-Wish Band v. Patchak,11-246,Other,Unknown,0,8-1,4,Ginsburg,1
2011,Match-E-Be-Nash-She-Wish Band v. Patchak,11-246,Other,Unknown,0,8-1,4,Breyer,1
2011,Match-E-Be-Nash-She-Wish Band v. Patchak,11-246,Other,Unknown,0,8-1,4,Jr.,1
2011,Match-E-Be-Nash-She-Wish Band v. Patchak,11-246,Other,Unknown,0,8-1,4,Sotomayor,0
2011,Match-E-Be-Nash-She-Wish Band v. Patchak,11-246,Other,Unknown,0,8-1,4,Kagan,1
2011,Perry v. New Hampshire,10-8974,Other,Unknown,0,8-1,4,Jr.,1
2011,Perry v. New Hampshire,10-8974,Other,Unknown,0,8-1,4,Scalia,1
2011,Perry v. New Hampshire,10-8974,Other,Unknown,0,8-1,4,Kennedy,1
2011,Perry v. New Hampshire,10-8974,Other,Unknown,0,8-1,4,Thomas,1
2011,Perry v. New Hampshire,10-8974,Other,Unknown,0,8-1,4,Ginsburg,1
2011,Perry v. New Hampshire,10-8974,Other,Unknown,0,8-1,4,Breyer,1
2011,Perry v. New Hampshire,10-8974,Other,Unknown,0,8-1,4,Jr.,1
2011,Perry v. New Hampshire,10-8974,Other,Unknown,0,8-1,4,Sotomayor,0
2011,Perry v. New Hampshire,10-8974,Other,Unknown,0,8-1,4,Kagan,1
2011,"Mims v. Arrow Financial Services, LLC",10-1195,11th Circuit,Unknown,1,9-0,4,Jr.,1
2011,"Mims v. Arrow Financial Services, LLC",10-1195,11th Circuit,Unknown,1,9-0,4,Scalia,1
2011,"Mims v. Arrow Financial Services, LLC",10-1195,11th Circuit,Unknown,1,9-0,4,Kennedy,1
2011,"Mims v. Arrow Financial Services, LLC",10-1195,11th Circuit,Unknown,1,9-0,4,Thomas,1
2011,"Mims v. Arrow Financial Services, LLC",10-1195,11th Circuit,Unknown,1,9-0,4,Ginsburg,1
2011,"Mims v. Arrow Financial Services, LLC",10-1195,11th Circuit,Unknown,1,9-0,4,Breyer,1
2011,"Mims v. Arrow Financial Services, LLC",10-1195,11th Circuit,Unknown,1,9-0,4,Jr.,1
2011,"Mims v. Arrow Financial Services, LLC",10-1195,11th Circuit,Unknown,1,9-0,4,Sotomayor,1
2011,"Mims v. Arrow Financial Services, LLC",10-1195,11th Circuit,Unknown,1,9-0,4,Kagan,1
2011,Hardy v. Cross,11-74,7th Circuit,Unknown,1,9-0,4,Jr.,1
2011,Hardy v. Cross,11-74,7th Circuit,Unknown,1,9-0,4,Scalia,1
2011,Hardy v. Cross,11-74,7th Circuit,Unknown,1,9-0,4,Kennedy,1
2011,Hardy v. Cross,11-74,7th Circuit,Unknown,1,9-0,4,Thomas,1
2011,Hardy v. Cross,11-74,7th Circuit,Unknown,1,9-0,4,Ginsburg,1
2011,Hardy v. Cross,11-74,7th Circuit,Unknown,1,9-0,4,Breyer,1
2011,Hardy v. Cross,11-74,7th Circuit,Unknown,1,9-0,4,Jr.,1
2011,Hardy v. Cross,11-74,7th Circuit,Unknown,1,9-0,4,Sotomayor,1
2011,Hardy v. Cross,11-74,7th Circuit,Unknown,1,9-0,4,Kagan,1
2011,Reichle v. Howards,11-262,10th Circuit,Unknown,1,8-1,4,Jr.,1
2011,Reichle v. Howards,11-262,10th Circuit,Unknown,1,8-1,4,Scalia,1
2011,Reichle v. Howards,11-262,10th Circuit,Unknown,1,8-1,4,Kennedy,1
2011,Reichle v. Howards,11-262,10th Circuit,Unknown,1,8-1,4,Thomas,1
2011,Reichle v. Howards,11-262,10th Circuit,Unknown,1,8-1,4,Ginsburg,1
2011,Reichle v. Howards,11-262,10th Circuit,Unknown,1,8-1,4,Breyer,1
2011,Reichle v. Howards,11-262,10th Circuit,Unknown,1,8-1,4,Jr.,1
2011,Reichle v. Howards,11-262,10th Circuit,Unknown,1,8-1,4,Sotomayor,1
2011,Reichle v. Howards,11-262,10th Circuit,Unknown,1,8-1,4,Kagan,0
2011,Wetzel v. Lambert,11-38,3rd Circuit,Unknown,1,6-3,4,Jr.,1
2011,Wetzel v. Lambert,11-38,3rd Circuit,Unknown,1,6-3,4,Scalia,1
2011,Wetzel v. Lambert,11-38,3rd Circuit,Unknown,1,6-3,4,Kennedy,1
2011,Wetzel v. Lambert,11-38,3rd Circuit,Unknown,1,6-3,4,Thomas,1
2011,Wetzel v. Lambert,11-38,3rd Circuit,Unknown,1,6-3,4,Ginsburg,0
2011,Wetzel v. Lambert,11-38,3rd Circuit,Unknown,1,6-3,4,Breyer,0
2011,Wetzel v. Lambert,11-38,3rd Circuit,Unknown,1,6-3,4,Jr.,1
2011,Wetzel v. Lambert,11-38,3rd Circuit,Unknown,1,6-3,4,Sotomayor,1
2011,Wetzel v. Lambert,11-38,3rd Circuit,Unknown,1,6-3,4,Kagan,0
2011,Bobby v. Dixon,10-1540,6th Circuit,Unknown,1,9-0,4,Jr.,1
2011,Bobby v. Dixon,10-1540,6th Circuit,Unknown,1,9-0,4,Scalia,1
2011,Bobby v. Dixon,10-1540,6th Circuit,Unknown,1,9-0,4,Kennedy,1
2011,Bobby v. Dixon,10-1540,6th Circuit,Unknown,1,9-0,4,Thomas,1
2011,Bobby v. Dixon,10-1540,6th Circuit,Unknown,1,9-0,4,Ginsburg,1
2011,Bobby v. Dixon,10-1540,6th Circuit,Unknown,1,9-0,4,Breyer,1
2011,Bobby v. Dixon,10-1540,6th Circuit,Unknown,1,9-0,4,Jr.,1
2011,Bobby v. Dixon,10-1540,6th Circuit,Unknown,1,9-0,4,Sotomayor,1
2011,Bobby v. Dixon,10-1540,6th Circuit,Unknown,1,9-0,4,Kagan,1
2011,Wood v. Milyard,10-9995,10th Circuit,Unknown,1,9-0,4,Jr.,1
2011,Wood v. Milyard,10-9995,10th Circuit,Unknown,1,9-0,4,Scalia,1
2011,Wood v. Milyard,10-9995,10th Circuit,Unknown,1,9-0,4,Kennedy,1
2011,Wood v. Milyard,10-9995,10th Circuit,Unknown,1,9-0,4,Thomas,1
2011,Wood v. Milyard,10-9995,10th Circuit,Unknown,1,9-0,4,Ginsburg,1
2011,Wood v. Milyard,10-9995,10th Circuit,Unknown,1,9-0,4,Breyer,1
2011,Wood v. Milyard,10-9995,10th Circuit,Unknown,1,9-0,4,Jr.,1
2011,Wood v. Milyard,10-9995,10th Circuit,Unknown,1,9-0,4,Sotomayor,1
2011,Wood v. Milyard,10-9995,10th Circuit,Unknown,1,9-0,4,Kagan,1
2011,Martel v. Clair,10-1265,9th Circuit,Unknown,1,9-0,4,Jr.,1
2011,Martel v. Clair,10-1265,9th Circuit,Unknown,1,9-0,4,Scalia,1
2011,Martel v. Clair,10-1265,9th Circuit,Unknown,1,9-0,4,Kennedy,1
2011,Martel v. Clair,10-1265,9th Circuit,Unknown,1,9-0,4,Thomas,1
2011,Martel v. Clair,10-1265,9th Circuit,Unknown,1,9-0,4,Ginsburg,1
2011,Martel v. Clair,10-1265,9th Circuit,Unknown,1,9-0,4,Breyer,1
2011,Martel v. Clair,10-1265,9th Circuit,Unknown,1,9-0,4,Jr.,1
2011,Martel v. Clair,10-1265,9th Circuit,Unknown,1,9-0,4,Sotomayor,1
2011,Martel v. Clair,10-1265,9th Circuit,Unknown,1,9-0,4,Kagan,1
2011,Parker v. Matthews,11-845,6th Circuit,Unknown,1,9-0,4,Jr.,1
2011,Parker v. Matthews,11-845,6th Circuit,Unknown,1,9-0,4,Scalia,1
2011,Parker v. Matthews,11-845,6th Circuit,Unknown,1,9-0,4,Kennedy,1
2011,Parker v. Matthews,11-845,6th Circuit,Unknown,1,9-0,4,Thomas,1
2011,Parker v. Matthews,11-845,6th Circuit,Unknown,1,9-0,4,Ginsburg,1
2011,Parker v. Matthews,11-845,6th Circuit,Unknown,1,9-0,4,Breyer,1
2011,Parker v. Matthews,11-845,6th Circuit,Unknown,1,9-0,4,Jr.,1
2011,Parker v. Matthews,11-845,6th Circuit,Unknown,1,9-0,4,Sotomayor,1
2011,Parker v. Matthews,11-845,6th Circuit,Unknown,1,9-0,4,Kagan,1
2011,Southern Union Company v. United States,11-94,1st Circuit,Unknown,1,6-3,4,Jr.,1
2011,Southern Union Company v. United States,11-94,1st Circuit,Unknown,1,6-3,4,Scalia,1
2011,Southern Union Company v. United States,11-94,1st Circuit,Unknown,1,6-3,4,Kennedy,0
2011,Southern Union Company v. United States,11-94,1st Circuit,Unknown,1,6-3,4,Thomas,1
2011,Southern Union Company v. United States,11-94,1st Circuit,Unknown,1,6-3,4,Ginsburg,1
2011,Southern Union Company v. United States,11-94,1st Circuit,Unknown,1,6-3,4,Breyer,0
2011,Southern Union Company v. United States,11-94,1st Circuit,Unknown,1,6-3,4,Jr.,0
2011,Southern Union Company v. United States,11-94,1st Circuit,Unknown,1,6-3,4,Sotomayor,1
2011,Southern Union Company v. United States,11-94,1st Circuit,Unknown,1,6-3,4,Kagan,1
2011,Holder v. Gutierrez,10-1542,9th Circuit,Unknown,1,9-0,4,Jr.,1
2011,Holder v. Gutierrez,10-1542,9th Circuit,Unknown,1,9-0,4,Scalia,1
2011,Holder v. Gutierrez,10-1542,9th Circuit,Unknown,1,9-0,4,Kennedy,1
2011,Holder v. Gutierrez,10-1542,9th Circuit,Unknown,1,9-0,4,Thomas,1
2011,Holder v. Gutierrez,10-1542,9th Circuit,Unknown,1,9-0,4,Ginsburg,1
2011,Holder v. Gutierrez,10-1542,9th Circuit,Unknown,1,9-0,4,Breyer,1
2011,Holder v. Gutierrez,10-1542,9th Circuit,Unknown,1,9-0,4,Jr.,1
2011,Holder v. Gutierrez,10-1542,9th Circuit,Unknown,1,9-0,4,Sotomayor,1
2011,Holder v. Gutierrez,10-1542,9th Circuit,Unknown,1,9-0,4,Kagan,1
2011,Miller v. Alabama,10-9646,State Supreme Court,Unknown,1,5-4,4,Jr.,0
2011,Miller v. Alabama,10-9646,State Supreme Court,Unknown,1,5-4,4,Scalia,0
2011,Miller v. Alabama,10-9646,State Supreme Court,Unknown,1,5-4,4,Kennedy,1
2011,Miller v. Alabama,10-9646,State Supreme Court,Unknown,1,5-4,4,Thomas,0
2011,Miller v. Alabama,10-9646,State Supreme Court,Unknown,1,5-4,4,Ginsburg,1
2011,Miller v. Alabama,10-9646,State Supreme Court,Unknown,1,5-4,4,Breyer,1
2011,Miller v. Alabama,10-9646,State Supreme Court,Unknown,1,5-4,4,Jr.,0
2011,Miller v. Alabama,10-9646,State Supreme Court,Unknown,1,5-4,4,Sotomayor,1
2011,Miller v. Alabama,10-9646,State Supreme Court,Unknown,1,5-4,4,Kagan,1
2011,Knox v. Service Employees International Union,10-1121,9th Circuit,Unknown,1,7-2,4,Jr.,1
2011,Knox v. Service Employees International Union,10-1121,9th Circuit,Unknown,1,7-2,4,Scalia,1
2011,Knox v. Service Employees International Union,10-1121,9th Circuit,Unknown,1,7-2,4,Kennedy,1
2011,Knox v. Service Employees International Union,10-1121,9th Circuit,Unknown,1,7-2,4,Thomas,1
2011,Knox v. Service Employees International Union,10-1121,9th Circuit,Unknown,1,7-2,4,Ginsburg,1
2011,Knox v. Service Employees International Union,10-1121,9th Circuit,Unknown,1,7-2,4,Breyer,0
2011,Knox v. Service Employees International Union,10-1121,9th Circuit,Unknown,1,7-2,4,Jr.,1
2011,Knox v. Service Employees International Union,10-1121,9th Circuit,Unknown,1,7-2,4,Sotomayor,1
2011,Knox v. Service Employees International Union,10-1121,9th Circuit,Unknown,1,7-2,4,Kagan,0
2011,Filarsky v. Delia,10-1018,9th Circuit,Unknown,1,9-0,4,Jr.,1
2011,Filarsky v. Delia,10-1018,9th Circuit,Unknown,1,9-0,4,Scalia,1
2011,Filarsky v. Delia,10-1018,9th Circuit,Unknown,1,9-0,4,Kennedy,1
2011,Filarsky v. Delia,10-1018,9th Circuit,Unknown,1,9-0,4,Thomas,1
2011,Filarsky v. Delia,10-1018,9th Circuit,Unknown,1,9-0,4,Ginsburg,1
2011,Filarsky v. Delia,10-1018,9th Circuit,Unknown,1,9-0,4,Breyer,1
2011,Filarsky v. Delia,10-1018,9th Circuit,Unknown,1,9-0,4,Jr.,1
2011,Filarsky v. Delia,10-1018,9th Circuit,Unknown,1,9-0,4,Sotomayor,1
2011,Filarsky v. Delia,10-1018,9th Circuit,Unknown,1,9-0,4,Kagan,1
2011,Kiobel v. Royal Dutch Petroleum,10-1491,Other,Unknown,0,9-0,4,Jr.,1
2011,Kiobel v. Royal Dutch Petroleum,10-1491,Other,Unknown,0,9-0,4,Scalia,1
2011,Kiobel v. Royal Dutch Petroleum,10-1491,Other,Unknown,0,9-0,4,Kennedy,1
2011,Kiobel v. Royal Dutch Petroleum,10-1491,Other,Unknown,0,9-0,4,Thomas,1
2011,Kiobel v. Royal Dutch Petroleum,10-1491,Other,Unknown,0,9-0,4,Ginsburg,1
2011,Kiobel v. Royal Dutch Petroleum,10-1491,Other,Unknown,0,9-0,4,Breyer,1
2011,Kiobel v. Royal Dutch Petroleum,10-1491,Other,Unknown,0,9-0,4,Jr.,1
2011,Kiobel v. Royal Dutch Petroleum,10-1491,Other,Unknown,0,9-0,4,Sotomayor,1
2011,Kiobel v. Royal Dutch Petroleum,10-1491,Other,Unknown,0,9-0,4,Kagan,1
2011,Judulang v. Holder,10-694,9th Circuit,Unknown,1,9-0,4,Jr.,1
2011,Judulang v. Holder,10-694,9th Circuit,Unknown,1,9-0,4,Scalia,1
2011,Judulang v. Holder,10-694,9th Circuit,Unknown,1,9-0,4,Kennedy,1
2011,Judulang v. Holder,10-694,9th Circuit,Unknown,1,9-0,4,Thomas,1
2011,Judulang v. Holder,10-694,9th Circuit,Unknown,1,9-0,4,Ginsburg,1
2011,Judulang v. Holder,10-694,9th Circuit,Unknown,1,9-0,4,Breyer,1
2011,Judulang v. Holder,10-694,9th Circuit,Unknown,1,9-0,4,Jr.,1
2011,Judulang v. Holder,10-694,9th Circuit,Unknown,1,9-0,4,Sotomayor,1
2011,Judulang v. Holder,10-694,9th Circuit,Unknown,1,9-0,4,Kagan,1
2011,Reynolds v. United States,10-6549,3rd Circuit,Unknown,1,7-2,4,Jr.,1
2011,Reynolds v. United States,10-6549,3rd Circuit,Unknown,1,7-2,4,Scalia,0
2011,Reynolds v. United States,10-6549,3rd Circuit,Unknown,1,7-2,4,Kennedy,1
2011,Reynolds v. United States,10-6549,3rd Circuit,Unknown,1,7-2,4,Thomas,1
2011,Reynolds v. United States,10-6549,3rd Circuit,Unknown,1,7-2,4,Ginsburg,0
2011,Reynolds v. United States,10-6549,3rd Circuit,Unknown,1,7-2,4,Breyer,1
2011,Reynolds v. United States,10-6549,3rd Circuit,Unknown,1,7-2,4,Jr.,1
2011,Reynolds v. United States,10-6549,3rd Circuit,Unknown,1,7-2,4,Sotomayor,1
2011,Reynolds v. United States,10-6549,3rd Circuit,Unknown,1,7-2,4,Kagan,1
2011,Cavazos v. Smith,10-1115,9th Circuit,Unknown,1,6-3,4,Jr.,1
2011,Cavazos v. Smith,10-1115,9th Circuit,Unknown,1,6-3,4,Scalia,1
2011,Cavazos v. Smith,10-1115,9th Circuit,Unknown,1,6-3,4,Kennedy,1
2011,Cavazos v. Smith,10-1115,9th Circuit,Unknown,1,6-3,4,Thomas,1
2011,Cavazos v. Smith,10-1115,9th Circuit,Unknown,1,6-3,4,Ginsburg,0
2011,Cavazos v. Smith,10-1115,9th Circuit,Unknown,1,6-3,4,Breyer,0
2011,Cavazos v. Smith,10-1115,9th Circuit,Unknown,1,6-3,4,Jr.,1
2011,Cavazos v. Smith,10-1115,9th Circuit,Unknown,1,6-3,4,Sotomayor,0
2011,Cavazos v. Smith,10-1115,9th Circuit,Unknown,1,6-3,4,Kagan,1
2011,Missouri v. Frye,10-444,Other,Unknown,1,5-4,4,Jr.,0
2011,Missouri v. Frye,10-444,Other,Unknown,1,5-4,4,Scalia,0
2011,Missouri v. Frye,10-444,Other,Unknown,1,5-4,4,Kennedy,1
2011,Missouri v. Frye,10-444,Other,Unknown,1,5-4,4,Thomas,0
2011,Missouri v. Frye,10-444,Other,Unknown,1,5-4,4,Ginsburg,1
2011,Missouri v. Frye,10-444,Other,Unknown,1,5-4,4,Breyer,1
2011,Missouri v. Frye,10-444,Other,Unknown,1,5-4,4,Jr.,0
2011,Missouri v. Frye,10-444,Other,Unknown,1,5-4,4,Sotomayor,1
2011,Missouri v. Frye,10-444,Other,Unknown,1,5-4,4,Kagan,1
2011,Credit Suisse Securities LLC v. Simmonds,10-1261,9th Circuit,Unknown,1,8-1,4,Jr.,0
2011,Credit Suisse Securities LLC v. Simmonds,10-1261,9th Circuit,Unknown,1,8-1,4,Scalia,1
2011,Credit Suisse Securities LLC v. Simmonds,10-1261,9th Circuit,Unknown,1,8-1,4,Kennedy,1
2011,Credit Suisse Securities LLC v. Simmonds,10-1261,9th Circuit,Unknown,1,8-1,4,Thomas,1
2011,Credit Suisse Securities LLC v. Simmonds,10-1261,9th Circuit,Unknown,1,8-1,4,Ginsburg,1
2011,Credit Suisse Securities LLC v. Simmonds,10-1261,9th Circuit,Unknown,1,8-1,4,Breyer,1
2011,Credit Suisse Securities LLC v. Simmonds,10-1261,9th Circuit,Unknown,1,8-1,4,Jr.,1
2011,Credit Suisse Securities LLC v. Simmonds,10-1261,9th Circuit,Unknown,1,8-1,4,Sotomayor,1
2011,Credit Suisse Securities LLC v. Simmonds,10-1261,9th Circuit,Unknown,1,8-1,4,Kagan,1
2011,Greene v. Fisher,10-637,3rd Circuit,Unknown,1,9-0,4,Jr.,1
2011,Greene v. Fisher,10-637,3rd Circuit,Unknown,1,9-0,4,Scalia,1
2011,Greene v. Fisher,10-637,3rd Circuit,Unknown,1,9-0,4,Kennedy,1
2011,Greene v. Fisher,10-637,3rd Circuit,Unknown,1,9-0,4,Thomas,1
2011,Greene v. Fisher,10-637,3rd Circuit,Unknown,1,9-0,4,Ginsburg,1
2011,Greene v. Fisher,10-637,3rd Circuit,Unknown,1,9-0,4,Breyer,1
2011,Greene v. Fisher,10-637,3rd Circuit,Unknown,1,9-0,4,Jr.,1
2011,Greene v. Fisher,10-637,3rd Circuit,Unknown,1,9-0,4,Sotomayor,1
2011,Greene v. Fisher,10-637,3rd Circuit,Unknown,1,9-0,4,Kagan,1
2011,Dorsey v. United States,11-5683,7th Circuit,Unknown,1,5-4,4,Jr.,0
2011,Dorsey v. United States,11-5683,7th Circuit,Unknown,1,5-4,4,Scalia,0
2011,Dorsey v. United States,11-5683,7th Circuit,Unknown,1,5-4,4,Kennedy,1
2011,Dorsey v. United States,11-5683,7th Circuit,Unknown,1,5-4,4,Thomas,0
2011,Dorsey v. United States,11-5683,7th Circuit,Unknown,1,5-4,4,Ginsburg,1
2011,Dorsey v. United States,11-5683,7th Circuit,Unknown,1,5-4,4,Breyer,1
2011,Dorsey v. United States,11-5683,7th Circuit,Unknown,1,5-4,4,Jr.,0
2011,Dorsey v. United States,11-5683,7th Circuit,Unknown,1,5-4,4,Sotomayor,1
2011,Dorsey v. United States,11-5683,7th Circuit,Unknown,1,5-4,4,Kagan,1
2011,Dorsey v. United States,11-5683,7th Circuit,Unknown,1,5-4,4,Jr.,0
2011,Dorsey v. United States,11-5683,7th Circuit,Unknown,1,5-4,4,Scalia,0
2011,Dorsey v. United States,11-5683,7th Circuit,Unknown,1,5-4,4,Kennedy,1
2011,Dorsey v. United States,11-5683,7th Circuit,Unknown,1,5-4,4,Thomas,0
2011,Dorsey v. United States,11-5683,7th Circuit,Unknown,1,5-4,4,Ginsburg,1
2011,Dorsey v. United States,11-5683,7th Circuit,Unknown,1,5-4,4,Breyer,1
2011,Dorsey v. United States,11-5683,7th Circuit,Unknown,1,5-4,4,Jr.,0
2011,Dorsey v. United States,11-5683,7th Circuit,Unknown,1,5-4,4,Sotomayor,1
2011,Dorsey v. United States,11-5683,7th Circuit,Unknown,1,5-4,4,Kagan,1
2011,"Caraco Pharmaceutical Laboratories, Ltd. v. Novo Nordisk A/S",10-844,Federal Circuit,Unknown,1,9-0,4,Jr.,1
2011,"Caraco Pharmaceutical Laboratories, Ltd. v. Novo Nordisk A/S",10-844,Federal Circuit,Unknown,1,9-0,4,Scalia,1
2011,"Caraco Pharmaceutical Laboratories, Ltd. v. Novo Nordisk A/S",10-844,Federal Circuit,Unknown,1,9-0,4,Kennedy,1
2011,"Caraco Pharmaceutical Laboratories, Ltd. v. Novo Nordisk A/S",10-844,Federal Circuit,Unknown,1,9-0,4,Thomas,1
2011,"Caraco Pharmaceutical Laboratories, Ltd. v. Novo Nordisk A/S",10-844,Federal Circuit,Unknown,1,9-0,4,Ginsburg,1
2011,"Caraco Pharmaceutical Laboratories, Ltd. v. Novo Nordisk A/S",10-844,Federal Circuit,Unknown,1,9-0,4,Breyer,1
2011,"Caraco Pharmaceutical Laboratories, Ltd. v. Novo Nordisk A/S",10-844,Federal Circuit,Unknown,1,9-0,4,Jr.,1
2011,"Caraco Pharmaceutical Laboratories, Ltd. v. Novo Nordisk A/S",10-844,Federal Circuit,Unknown,1,9-0,4,Sotomayor,1
2011,"Caraco Pharmaceutical Laboratories, Ltd. v. Novo Nordisk A/S",10-844,Federal Circuit,Unknown,1,9-0,4,Kagan,1
2011,Taniguchi v. Kan Pacific Saipan,10-1472,9th Circuit,Unknown,1,6-3,4,Jr.,1
2011,Taniguchi v. Kan Pacific Saipan,10-1472,9th Circuit,Unknown,1,6-3,4,Scalia,1
2011,Taniguchi v. Kan Pacific Saipan,10-1472,9th Circuit,Unknown,1,6-3,4,Kennedy,1
2011,Taniguchi v. Kan Pacific Saipan,10-1472,9th Circuit,Unknown,1,6-3,4,Thomas,1
2011,Taniguchi v. Kan Pacific Saipan,10-1472,9th Circuit,Unknown,1,6-3,4,Ginsburg,0
2011,Taniguchi v. Kan Pacific Saipan,10-1472,9th Circuit,Unknown,1,6-3,4,Breyer,0
2011,Taniguchi v. Kan Pacific Saipan,10-1472,9th Circuit,Unknown,1,6-3,4,Jr.,1
2011,Taniguchi v. Kan Pacific Saipan,10-1472,9th Circuit,Unknown,1,6-3,4,Sotomayor,0
2011,Taniguchi v. Kan Pacific Saipan,10-1472,9th Circuit,Unknown,1,6-3,4,Kagan,1
2011,CompuCredit Corp. v. Greenwood,10-948,9th Circuit,Unknown,1,8-1,4,Jr.,1
2011,CompuCredit Corp. v. Greenwood,10-948,9th Circuit,Unknown,1,8-1,4,Scalia,1
2011,CompuCredit Corp. v. Greenwood,10-948,9th Circuit,Unknown,1,8-1,4,Kennedy,1
2011,CompuCredit Corp. v. Greenwood,10-948,9th Circuit,Unknown,1,8-1,4,Thomas,1
2011,CompuCredit Corp. v. Greenwood,10-948,9th Circuit,Unknown,1,8-1,4,Ginsburg,0
2011,CompuCredit Corp. v. Greenwood,10-948,9th Circuit,Unknown,1,8-1,4,Breyer,1
2011,CompuCredit Corp. v. Greenwood,10-948,9th Circuit,Unknown,1,8-1,4,Jr.,1
2011,CompuCredit Corp. v. Greenwood,10-948,9th Circuit,Unknown,1,8-1,4,Sotomayor,1
2011,CompuCredit Corp. v. Greenwood,10-948,9th Circuit,Unknown,1,8-1,4,Kagan,1
2011,Messerschmidt v. Millender,10-704,9th Circuit,Unknown,1,6-3,4,Jr.,1
2011,Messerschmidt v. Millender,10-704,9th Circuit,Unknown,1,6-3,4,Scalia,1
2011,Messerschmidt v. Millender,10-704,9th Circuit,Unknown,1,6-3,4,Kennedy,1
2011,Messerschmidt v. Millender,10-704,9th Circuit,Unknown,1,6-3,4,Thomas,1
2011,Messerschmidt v. Millender,10-704,9th Circuit,Unknown,1,6-3,4,Ginsburg,0
2011,Messerschmidt v. Millender,10-704,9th Circuit,Unknown,1,6-3,4,Breyer,1
2011,Messerschmidt v. Millender,10-704,9th Circuit,Unknown,1,6-3,4,Jr.,1
2011,Messerschmidt v. Millender,10-704,9th Circuit,Unknown,1,6-3,4,Sotomayor,0
2011,Messerschmidt v. Millender,10-704,9th Circuit,Unknown,1,6-3,4,Kagan,0
2011,Maples v. Thomas,10-63,11th Circuit,Unknown,1,7-2,4,Jr.,1
2011,Maples v. Thomas,10-63,11th Circuit,Unknown,1,7-2,4,Scalia,0
2011,Maples v. Thomas,10-63,11th Circuit,Unknown,1,7-2,4,Kennedy,1
2011,Maples v. Thomas,10-63,11th Circuit,Unknown,1,7-2,4,Thomas,0
2011,Maples v. Thomas,10-63,11th Circuit,Unknown,1,7-2,4,Ginsburg,1
2011,Maples v. Thomas,10-63,11th Circuit,Unknown,1,7-2,4,Breyer,1
2011,Maples v. Thomas,10-63,11th Circuit,Unknown,1,7-2,4,Jr.,1
2011,Maples v. Thomas,10-63,11th Circuit,Unknown,1,7-2,4,Sotomayor,1
2011,Maples v. Thomas,10-63,11th Circuit,Unknown,1,7-2,4,Kagan,1
2011,Martinez v. Ryan,10-1001,9th Circuit,Unknown,1,7-2,4,Jr.,1
2011,Martinez v. Ryan,10-1001,9th Circuit,Unknown,1,7-2,4,Scalia,0
2011,Martinez v. Ryan,10-1001,9th Circuit,Unknown,1,7-2,4,Kennedy,1
2011,Martinez v. Ryan,10-1001,9th Circuit,Unknown,1,7-2,4,Thomas,0
2011,Martinez v. Ryan,10-1001,9th Circuit,Unknown,1,7-2,4,Ginsburg,1
2011,Martinez v. Ryan,10-1001,9th Circuit,Unknown,1,7-2,4,Breyer,1
2011,Martinez v. Ryan,10-1001,9th Circuit,Unknown,1,7-2,4,Jr.,1
2011,Martinez v. Ryan,10-1001,9th Circuit,Unknown,1,7-2,4,Sotomayor,1
2011,Martinez v. Ryan,10-1001,9th Circuit,Unknown,1,7-2,4,Kagan,1
2011,National Meat Association v. Harris,10-224,9th Circuit,Unknown,1,9-0,4,Jr.,1
2011,National Meat Association v. Harris,10-224,9th Circuit,Unknown,1,9-0,4,Scalia,1
2011,National Meat Association v. Harris,10-224,9th Circuit,Unknown,1,9-0,4,Kennedy,1
2011,National Meat Association v. Harris,10-224,9th Circuit,Unknown,1,9-0,4,Thomas,1
2011,National Meat Association v. Harris,10-224,9th Circuit,Unknown,1,9-0,4,Ginsburg,1
2011,National Meat Association v. Harris,10-224,9th Circuit,Unknown,1,9-0,4,Breyer,1
2011,National Meat Association v. Harris,10-224,9th Circuit,Unknown,1,9-0,4,Jr.,1
2011,National Meat Association v. Harris,10-224,9th Circuit,Unknown,1,9-0,4,Sotomayor,1
2011,National Meat Association v. Harris,10-224,9th Circuit,Unknown,1,9-0,4,Kagan,1
2010,Bruesewitz v. Wyeth Inc.,09-152,3rd Circuit,Unknown,0,6-3,4,Jr.,1
2010,Bruesewitz v. Wyeth Inc.,09-152,3rd Circuit,Unknown,0,6-3,4,Scalia,1
2010,Bruesewitz v. Wyeth Inc.,09-152,3rd Circuit,Unknown,0,6-3,4,Kennedy,1
2010,Bruesewitz v. Wyeth Inc.,09-152,3rd Circuit,Unknown,0,6-3,4,Thomas,1
2010,Bruesewitz v. Wyeth Inc.,09-152,3rd Circuit,Unknown,0,6-3,4,Ginsburg,0
2010,Bruesewitz v. Wyeth Inc.,09-152,3rd Circuit,Unknown,0,6-3,4,Breyer,1
2010,Bruesewitz v. Wyeth Inc.,09-152,3rd Circuit,Unknown,0,6-3,4,Jr.,1
2010,Bruesewitz v. Wyeth Inc.,09-152,3rd Circuit,Unknown,0,6-3,4,Sotomayor,0
2010,Bruesewitz v. Wyeth Inc.,09-152,3rd Circuit,Unknown,0,6-3,4,Kagan,0
2010,Bruesewitz v. Wyeth Inc.,09-152,3rd Circuit,Unknown,0,6-3,4,Jr.,1
2010,Bruesewitz v. Wyeth Inc.,09-152,3rd Circuit,Unknown,0,6-3,4,Scalia,1
2010,Bruesewitz v. Wyeth Inc.,09-152,3rd Circuit,Unknown,0,6-3,4,Kennedy,1
2010,Bruesewitz v. Wyeth Inc.,09-152,3rd Circuit,Unknown,0,6-3,4,Thomas,1
2010,Bruesewitz v. Wyeth Inc.,09-152,3rd Circuit,Unknown,0,6-3,4,Ginsburg,0
2010,Bruesewitz v. Wyeth Inc.,09-152,3rd Circuit,Unknown,0,6-3,4,Breyer,1
2010,Bruesewitz v. Wyeth Inc.,09-152,3rd Circuit,Unknown,0,6-3,4,Jr.,1
2010,Bruesewitz v. Wyeth Inc.,09-152,3rd Circuit,Unknown,0,6-3,4,Sotomayor,0
2010,Bruesewitz v. Wyeth Inc.,09-152,3rd Circuit,Unknown,0,6-3,4,Kagan,0
2010,Bond v. United States,09-1227,3rd Circuit,Unknown,1,9-0,4,Jr.,1
2010,Bond v. United States,09-1227,3rd Circuit,Unknown,1,9-0,4,Scalia,1
2010,Bond v. United States,09-1227,3rd Circuit,Unknown,1,9-0,4,Kennedy,1
2010,Bond v. United States,09-1227,3rd Circuit,Unknown,1,9-0,4,Thomas,1
2010,Bond v. United States,09-1227,3rd Circuit,Unknown,1,9-0,4,Ginsburg,1
2010,Bond v. United States,09-1227,3rd Circuit,Unknown,1,9-0,4,Breyer,1
2010,Bond v. United States,09-1227,3rd Circuit,Unknown,1,9-0,4,Jr.,1
2010,Bond v. United States,09-1227,3rd Circuit,Unknown,1,9-0,4,Sotomayor,1
2010,Bond v. United States,09-1227,3rd Circuit,Unknown,1,9-0,4,Kagan,1
2010,Connick v. Thompson,09-571,5th Circuit,Unknown,1,5-4,4,Jr.,1
2010,Connick v. Thompson,09-571,5th Circuit,Unknown,1,5-4,4,Scalia,1
2010,Connick v. Thompson,09-571,5th Circuit,Unknown,1,5-4,4,Kennedy,1
2010,Connick v. Thompson,09-571,5th Circuit,Unknown,1,5-4,4,Thomas,1
2010,Connick v. Thompson,09-571,5th Circuit,Unknown,1,5-4,4,Ginsburg,0
2010,Connick v. Thompson,09-571,5th Circuit,Unknown,1,5-4,4,Breyer,0
2010,Connick v. Thompson,09-571,5th Circuit,Unknown,1,5-4,4,Jr.,1
2010,Connick v. Thompson,09-571,5th Circuit,Unknown,1,5-4,4,Sotomayor,0
2010,Connick v. Thompson,09-571,5th Circuit,Unknown,1,5-4,4,Kagan,0
2010,Pepper v. United States,09-6822,8th Circuit,Unknown,1,6-3,4,Jr.,1
2010,Pepper v. United States,09-6822,8th Circuit,Unknown,1,6-3,4,Scalia,1
2010,Pepper v. United States,09-6822,8th Circuit,Unknown,1,6-3,4,Kennedy,1
2010,Pepper v. United States,09-6822,8th Circuit,Unknown,1,6-3,4,Thomas,0
2010,Pepper v. United States,09-6822,8th Circuit,Unknown,1,6-3,4,Ginsburg,1
2010,Pepper v. United States,09-6822,8th Circuit,Unknown,1,6-3,4,Breyer,1
2010,Pepper v. United States,09-6822,8th Circuit,Unknown,1,6-3,4,Jr.,0
2010,Pepper v. United States,09-6822,8th Circuit,Unknown,1,6-3,4,Sotomayor,1
2010,Pepper v. United States,09-6822,8th Circuit,Unknown,1,6-3,4,Kagan,0
2010,Tapia v. United States,10-5400,9th Circuit,Unknown,1,9-0,4,Jr.,1
2010,Tapia v. United States,10-5400,9th Circuit,Unknown,1,9-0,4,Scalia,1
2010,Tapia v. United States,10-5400,9th Circuit,Unknown,1,9-0,4,Kennedy,1
2010,Tapia v. United States,10-5400,9th Circuit,Unknown,1,9-0,4,Thomas,1
2010,Tapia v. United States,10-5400,9th Circuit,Unknown,1,9-0,4,Ginsburg,1
2010,Tapia v. United States,10-5400,9th Circuit,Unknown,1,9-0,4,Breyer,1
2010,Tapia v. United States,10-5400,9th Circuit,Unknown,1,9-0,4,Jr.,1
2010,Tapia v. United States,10-5400,9th Circuit,Unknown,1,9-0,4,Sotomayor,1
2010,Tapia v. United States,10-5400,9th Circuit,Unknown,1,9-0,4,Kagan,1
2010,Schindler Elevator Corp. v. United States ex rel. Kirk,10-188,2nd Circuit,Unknown,1,5-4,4,Jr.,1
2010,Schindler Elevator Corp. v. United States ex rel. Kirk,10-188,2nd Circuit,Unknown,1,5-4,4,Scalia,1
2010,Schindler Elevator Corp. v. United States ex rel. Kirk,10-188,2nd Circuit,Unknown,1,5-4,4,Kennedy,1
2010,Schindler Elevator Corp. v. United States ex rel. Kirk,10-188,2nd Circuit,Unknown,1,5-4,4,Thomas,1
2010,Schindler Elevator Corp. v. United States ex rel. Kirk,10-188,2nd Circuit,Unknown,1,5-4,4,Ginsburg,0
2010,Schindler Elevator Corp. v. United States ex rel. Kirk,10-188,2nd Circuit,Unknown,1,5-4,4,Breyer,0
2010,Schindler Elevator Corp. v. United States ex rel. Kirk,10-188,2nd Circuit,Unknown,1,5-4,4,Jr.,1
2010,Schindler Elevator Corp. v. United States ex rel. Kirk,10-188,2nd Circuit,Unknown,1,5-4,4,Sotomayor,0
2010,Schindler Elevator Corp. v. United States ex rel. Kirk,10-188,2nd Circuit,Unknown,1,5-4,4,Kagan,0
2010,Premo v. Moore,09-658,9th Circuit,Unknown,1,8-1,4,Jr.,1
2010,Premo v. Moore,09-658,9th Circuit,Unknown,1,8-1,4,Scalia,1
2010,Premo v. Moore,09-658,9th Circuit,Unknown,1,8-1,4,Kennedy,1
2010,Premo v. Moore,09-658,9th Circuit,Unknown,1,8-1,4,Thomas,1
2010,Premo v. Moore,09-658,9th Circuit,Unknown,1,8-1,4,Ginsburg,1
2010,Premo v. Moore,09-658,9th Circuit,Unknown,1,8-1,4,Breyer,1
2010,Premo v. Moore,09-658,9th Circuit,Unknown,1,8-1,4,Jr.,1
2010,Premo v. Moore,09-658,9th Circuit,Unknown,1,8-1,4,Sotomayor,1
2010,Premo v. Moore,09-658,9th Circuit,Unknown,1,8-1,4,Kagan,0
2010,"PLIVA, Inc. v. Mensing",09-993,8th Circuit,Unknown,1,5-4,4,Jr.,1
2010,"PLIVA, Inc. v. Mensing",09-993,8th Circuit,Unknown,1,5-4,4,Scalia,1
2010,"PLIVA, Inc. v. Mensing",09-993,8th Circuit,Unknown,1,5-4,4,Kennedy,1
2010,"PLIVA, Inc. v. Mensing",09-993,8th Circuit,Unknown,1,5-4,4,Thomas,1
2010,"PLIVA, Inc. v. Mensing",09-993,8th Circuit,Unknown,1,5-4,4,Ginsburg,0
2010,"PLIVA, Inc. v. Mensing",09-993,8th Circuit,Unknown,1,5-4,4,Breyer,0
2010,"PLIVA, Inc. v. Mensing",09-993,8th Circuit,Unknown,1,5-4,4,Jr.,1
2010,"PLIVA, Inc. v. Mensing",09-993,8th Circuit,Unknown,1,5-4,4,Sotomayor,0
2010,"PLIVA, Inc. v. Mensing",09-993,8th Circuit,Unknown,1,5-4,4,Kagan,0
2010,Arizona Christian School Tuition Organization v. Winn,09-987,9th Circuit,Unknown,1,5-4,4,Jr.,1
2010,Arizona Christian School Tuition Organization v. Winn,09-987,9th Circuit,Unknown,1,5-4,4,Scalia,1
2010,Arizona Christian School Tuition Organization v. Winn,09-987,9th Circuit,Unknown,1,5-4,4,Kennedy,1
2010,Arizona Christian School Tuition Organization v. Winn,09-987,9th Circuit,Unknown,1,5-4,4,Thomas,1
2010,Arizona Christian School Tuition Organization v. Winn,09-987,9th Circuit,Unknown,1,5-4,4,Ginsburg,0
2010,Arizona Christian School Tuition Organization v. Winn,09-987,9th Circuit,Unknown,1,5-4,4,Breyer,0
2010,Arizona Christian School Tuition Organization v. Winn,09-987,9th Circuit,Unknown,1,5-4,4,Jr.,1
2010,Arizona Christian School Tuition Organization v. Winn,09-987,9th Circuit,Unknown,1,5-4,4,Sotomayor,0
2010,Arizona Christian School Tuition Organization v. Winn,09-987,9th Circuit,Unknown,1,5-4,4,Kagan,0
2010,Walker v. Martin,09-996,9th Circuit,Unknown,1,9-0,4,Jr.,1
2010,Walker v. Martin,09-996,9th Circuit,Unknown,1,9-0,4,Scalia,1
2010,Walker v. Martin,09-996,9th Circuit,Unknown,1,9-0,4,Kennedy,1
2010,Walker v. Martin,09-996,9th Circuit,Unknown,1,9-0,4,Thomas,1
2010,Walker v. Martin,09-996,9th Circuit,Unknown,1,9-0,4,Ginsburg,1
2010,Walker v. Martin,09-996,9th Circuit,Unknown,1,9-0,4,Breyer,1
2010,Walker v. Martin,09-996,9th Circuit,Unknown,1,9-0,4,Jr.,1
2010,Walker v. Martin,09-996,9th Circuit,Unknown,1,9-0,4,Sotomayor,1
2010,Walker v. Martin,09-996,9th Circuit,Unknown,1,9-0,4,Kagan,1
2010,"Goodyear Dunlop Tires Operations, S.A. v. Brown",10-76,Other,Unknown,1,9-0,4,Jr.,1
2010,"Goodyear Dunlop Tires Operations, S.A. v. Brown",10-76,Other,Unknown,1,9-0,4,Scalia,1
2010,"Goodyear Dunlop Tires Operations, S.A. v. Brown",10-76,Other,Unknown,1,9-0,4,Kennedy,1
2010,"Goodyear Dunlop Tires Operations, S.A. v. Brown",10-76,Other,Unknown,1,9-0,4,Thomas,1
2010,"Goodyear Dunlop Tires Operations, S.A. v. Brown",10-76,Other,Unknown,1,9-0,4,Ginsburg,1
2010,"Goodyear Dunlop Tires Operations, S.A. v. Brown",10-76,Other,Unknown,1,9-0,4,Breyer,1
2010,"Goodyear Dunlop Tires Operations, S.A. v. Brown",10-76,Other,Unknown,1,9-0,4,Jr.,1
2010,"Goodyear Dunlop Tires Operations, S.A. v. Brown",10-76,Other,Unknown,1,9-0,4,Sotomayor,1
2010,"Goodyear Dunlop Tires Operations, S.A. v. Brown",10-76,Other,Unknown,1,9-0,4,Kagan,1
2010,Bobby v. Mitts,10-1000,6th Circuit,Unknown,1,9-0,4,Jr.,1
2010,Bobby v. Mitts,10-1000,6th Circuit,Unknown,1,9-0,4,Scalia,1
2010,Bobby v. Mitts,10-1000,6th Circuit,Unknown,1,9-0,4,Kennedy,1
2010,Bobby v. Mitts,10-1000,6th Circuit,Unknown,1,9-0,4,Thomas,1
2010,Bobby v. Mitts,10-1000,6th Circuit,Unknown,1,9-0,4,Ginsburg,1
2010,Bobby v. Mitts,10-1000,6th Circuit,Unknown,1,9-0,4,Breyer,1
2010,Bobby v. Mitts,10-1000,6th Circuit,Unknown,1,9-0,4,Jr.,1
2010,Bobby v. Mitts,10-1000,6th Circuit,Unknown,1,9-0,4,Sotomayor,1
2010,Bobby v. Mitts,10-1000,6th Circuit,Unknown,1,9-0,4,Kagan,1
2010,"Los Angeles County, CA v. Humphries",09-350,9th Circuit,Unknown,1,8-1,4,Jr.,1
2010,"Los Angeles County, CA v. Humphries",09-350,9th Circuit,Unknown,1,8-1,4,Scalia,1
2010,"Los Angeles County, CA v. Humphries",09-350,9th Circuit,Unknown,1,8-1,4,Kennedy,1
2010,"Los Angeles County, CA v. Humphries",09-350,9th Circuit,Unknown,1,8-1,4,Thomas,1
2010,"Los Angeles County, CA v. Humphries",09-350,9th Circuit,Unknown,1,8-1,4,Ginsburg,1
2010,"Los Angeles County, CA v. Humphries",09-350,9th Circuit,Unknown,1,8-1,4,Breyer,1
2010,"Los Angeles County, CA v. Humphries",09-350,9th Circuit,Unknown,1,8-1,4,Jr.,1
2010,"Los Angeles County, CA v. Humphries",09-350,9th Circuit,Unknown,1,8-1,4,Sotomayor,1
2010,"Los Angeles County, CA v. Humphries",09-350,9th Circuit,Unknown,1,8-1,4,Kagan,0
2010,Ashcroft v. Al-Kidd,10-98,9th Circuit,Unknown,1,8-1,4,Jr.,1
2010,Ashcroft v. Al-Kidd,10-98,9th Circuit,Unknown,1,8-1,4,Scalia,1
2010,Ashcroft v. Al-Kidd,10-98,9th Circuit,Unknown,1,8-1,4,Kennedy,1
2010,Ashcroft v. Al-Kidd,10-98,9th Circuit,Unknown,1,8-1,4,Thomas,1
2010,Ashcroft v. Al-Kidd,10-98,9th Circuit,Unknown,1,8-1,4,Ginsburg,1
2010,Ashcroft v. Al-Kidd,10-98,9th Circuit,Unknown,1,8-1,4,Breyer,1
2010,Ashcroft v. Al-Kidd,10-98,9th Circuit,Unknown,1,8-1,4,Jr.,1
2010,Ashcroft v. Al-Kidd,10-98,9th Circuit,Unknown,1,8-1,4,Sotomayor,1
2010,Ashcroft v. Al-Kidd,10-98,9th Circuit,Unknown,1,8-1,4,Kagan,0
2010,"Williamson v. Mazda Motor of America, Inc.",08-1314,Other,Unknown,1,8-1,4,Jr.,1
2010,"Williamson v. Mazda Motor of America, Inc.",08-1314,Other,Unknown,1,8-1,4,Scalia,1
2010,"Williamson v. Mazda Motor of America, Inc.",08-1314,Other,Unknown,1,8-1,4,Kennedy,1
2010,"Williamson v. Mazda Motor of America, Inc.",08-1314,Other,Unknown,1,8-1,4,Thomas,1
2010,"Williamson v. Mazda Motor of America, Inc.",08-1314,Other,Unknown,1,8-1,4,Ginsburg,1
2010,"Williamson v. Mazda Motor of America, Inc.",08-1314,Other,Unknown,1,8-1,4,Breyer,1
2010,"Williamson v. Mazda Motor of America, Inc.",08-1314,Other,Unknown,1,8-1,4,Jr.,1
2010,"Williamson v. Mazda Motor of America, Inc.",08-1314,Other,Unknown,1,8-1,4,Sotomayor,1
2010,"Williamson v. Mazda Motor of America, Inc.",08-1314,Other,Unknown,1,8-1,4,Kagan,0
2010,Chamber of Commerce of the United States v. Whiting,09-115,9th Circuit,Unknown,0,5-4,4,Jr.,1
2010,Chamber of Commerce of the United States v. Whiting,09-115,9th Circuit,Unknown,0,5-4,4,Scalia,1
2010,Chamber of Commerce of the United States v. Whiting,09-115,9th Circuit,Unknown,0,5-4,4,Kennedy,1
2010,Chamber of Commerce of the United States v. Whiting,09-115,9th Circuit,Unknown,0,5-4,4,Thomas,1
2010,Chamber of Commerce of the United States v. Whiting,09-115,9th Circuit,Unknown,0,5-4,4,Ginsburg,0
2010,Chamber of Commerce of the United States v. Whiting,09-115,9th Circuit,Unknown,0,5-4,4,Breyer,0
2010,Chamber of Commerce of the United States v. Whiting,09-115,9th Circuit,Unknown,0,5-4,4,Jr.,1
2010,Chamber of Commerce of the United States v. Whiting,09-115,9th Circuit,Unknown,0,5-4,4,Sotomayor,0
2010,Chamber of Commerce of the United States v. Whiting,09-115,9th Circuit,Unknown,0,5-4,4,Kagan,0
2010,Chamber of Commerce of the United States v. Whiting,09-115,9th Circuit,Unknown,0,5-4,4,Jr.,1
2010,Chamber of Commerce of the United States v. Whiting,09-115,9th Circuit,Unknown,0,5-4,4,Scalia,1
2010,Chamber of Commerce of the United States v. Whiting,09-115,9th Circuit,Unknown,0,5-4,4,Kennedy,1
2010,Chamber of Commerce of the United States v. Whiting,09-115,9th Circuit,Unknown,0,5-4,4,Thomas,1
2010,Chamber of Commerce of the United States v. Whiting,09-115,9th Circuit,Unknown,0,5-4,4,Ginsburg,0
2010,Chamber of Commerce of the United States v. Whiting,09-115,9th Circuit,Unknown,0,5-4,4,Breyer,0
2010,Chamber of Commerce of the United States v. Whiting,09-115,9th Circuit,Unknown,0,5-4,4,Jr.,1
2010,Chamber of Commerce of the United States v. Whiting,09-115,9th Circuit,Unknown,0,5-4,4,Sotomayor,0
2010,Chamber of Commerce of the United States v. Whiting,09-115,9th Circuit,Unknown,0,5-4,4,Kagan,0
2010,"Erica P. John Fund, Inc. v. Halliburton Co.",09-1403,5th Circuit,Unknown,1,9-0,4,Jr.,1
2010,"Erica P. John Fund, Inc. v. Halliburton Co.",09-1403,5th Circuit,Unknown,1,9-0,4,Scalia,1
2010,"Erica P. John Fund, Inc. v. Halliburton Co.",09-1403,5th Circuit,Unknown,1,9-0,4,Kennedy,1
2010,"Erica P. John Fund, Inc. v. Halliburton Co.",09-1403,5th Circuit,Unknown,1,9-0,4,Thomas,1
2010,"Erica P. John Fund, Inc. v. Halliburton Co.",09-1403,5th Circuit,Unknown,1,9-0,4,Ginsburg,1
2010,"Erica P. John Fund, Inc. v. Halliburton Co.",09-1403,5th Circuit,Unknown,1,9-0,4,Breyer,1
2010,"Erica P. John Fund, Inc. v. Halliburton Co.",09-1403,5th Circuit,Unknown,1,9-0,4,Jr.,1
2010,"Erica P. John Fund, Inc. v. Halliburton Co.",09-1403,5th Circuit,Unknown,1,9-0,4,Sotomayor,1
2010,"Erica P. John Fund, Inc. v. Halliburton Co.",09-1403,5th Circuit,Unknown,1,9-0,4,Kagan,1
2010,Virginia Office for Protection and Advocacy v. Stewart,09-529,4th Circuit,Unknown,1,6-3,4,Jr.,0
2010,Virginia Office for Protection and Advocacy v. Stewart,09-529,4th Circuit,Unknown,1,6-3,4,Scalia,1
2010,Virginia Office for Protection and Advocacy v. Stewart,09-529,4th Circuit,Unknown,1,6-3,4,Kennedy,1
2010,Virginia Office for Protection and Advocacy v. Stewart,09-529,4th Circuit,Unknown,1,6-3,4,Thomas,1
2010,Virginia Office for Protection and Advocacy v. Stewart,09-529,4th Circuit,Unknown,1,6-3,4,Ginsburg,1
2010,Virginia Office for Protection and Advocacy v. Stewart,09-529,4th Circuit,Unknown,1,6-3,4,Breyer,1
2010,Virginia Office for Protection and Advocacy v. Stewart,09-529,4th Circuit,Unknown,1,6-3,4,Jr.,0
2010,Virginia Office for Protection and Advocacy v. Stewart,09-529,4th Circuit,Unknown,1,6-3,4,Sotomayor,1
2010,Virginia Office for Protection and Advocacy v. Stewart,09-529,4th Circuit,Unknown,1,6-3,4,Kagan,0
2010,Freeman v. United States,09-10245,6th Circuit,Unknown,1,5-4,4,Jr.,0
2010,Freeman v. United States,09-10245,6th Circuit,Unknown,1,5-4,4,Scalia,0
2010,Freeman v. United States,09-10245,6th Circuit,Unknown,1,5-4,4,Kennedy,1
2010,Freeman v. United States,09-10245,6th Circuit,Unknown,1,5-4,4,Thomas,0
2010,Freeman v. United States,09-10245,6th Circuit,Unknown,1,5-4,4,Ginsburg,1
2010,Freeman v. United States,09-10245,6th Circuit,Unknown,1,5-4,4,Breyer,1
2010,Freeman v. United States,09-10245,6th Circuit,Unknown,1,5-4,4,Jr.,0
2010,Freeman v. United States,09-10245,6th Circuit,Unknown,1,5-4,4,Sotomayor,1
2010,Freeman v. United States,09-10245,6th Circuit,Unknown,1,5-4,4,Kagan,1
2010,General Dynamics Corp. v. United States,09-1298,Federal Circuit,Unknown,1,9-0,4,Jr.,1
2010,General Dynamics Corp. v. United States,09-1298,Federal Circuit,Unknown,1,9-0,4,Scalia,1
2010,General Dynamics Corp. v. United States,09-1298,Federal Circuit,Unknown,1,9-0,4,Kennedy,1
2010,General Dynamics Corp. v. United States,09-1298,Federal Circuit,Unknown,1,9-0,4,Thomas,1
2010,General Dynamics Corp. v. United States,09-1298,Federal Circuit,Unknown,1,9-0,4,Ginsburg,1
2010,General Dynamics Corp. v. United States,09-1298,Federal Circuit,Unknown,1,9-0,4,Breyer,1
2010,General Dynamics Corp. v. United States,09-1298,Federal Circuit,Unknown,1,9-0,4,Jr.,1
2010,General Dynamics Corp. v. United States,09-1298,Federal Circuit,Unknown,1,9-0,4,Sotomayor,1
2010,General Dynamics Corp. v. United States,09-1298,Federal Circuit,Unknown,1,9-0,4,Kagan,1
2010,Harrington v. Richter,09-587,9th Circuit,Unknown,1,8-1,4,Jr.,1
2010,Harrington v. Richter,09-587,9th Circuit,Unknown,1,8-1,4,Scalia,1
2010,Harrington v. Richter,09-587,9th Circuit,Unknown,1,8-1,4,Kennedy,1
2010,Harrington v. Richter,09-587,9th Circuit,Unknown,1,8-1,4,Thomas,1
2010,Harrington v. Richter,09-587,9th Circuit,Unknown,1,8-1,4,Ginsburg,1
2010,Harrington v. Richter,09-587,9th Circuit,Unknown,1,8-1,4,Breyer,1
2010,Harrington v. Richter,09-587,9th Circuit,Unknown,1,8-1,4,Jr.,1
2010,Harrington v. Richter,09-587,9th Circuit,Unknown,1,8-1,4,Sotomayor,1
2010,Harrington v. Richter,09-587,9th Circuit,Unknown,1,8-1,4,Kagan,0
2010,CIGNA v. Amara,09-804,2nd Circuit,Unknown,1,8-1,4,Jr.,1
2010,CIGNA v. Amara,09-804,2nd Circuit,Unknown,1,8-1,4,Scalia,1
2010,CIGNA v. Amara,09-804,2nd Circuit,Unknown,1,8-1,4,Kennedy,1
2010,CIGNA v. Amara,09-804,2nd Circuit,Unknown,1,8-1,4,Thomas,1
2010,CIGNA v. Amara,09-804,2nd Circuit,Unknown,1,8-1,4,Ginsburg,1
2010,CIGNA v. Amara,09-804,2nd Circuit,Unknown,1,8-1,4,Breyer,1
2010,CIGNA v. Amara,09-804,2nd Circuit,Unknown,1,8-1,4,Jr.,1
2010,CIGNA v. Amara,09-804,2nd Circuit,Unknown,1,8-1,4,Sotomayor,0
2010,CIGNA v. Amara,09-804,2nd Circuit,Unknown,1,8-1,4,Kagan,1
2010,Madison County v. Oneida Indian Nation,10-72,2nd Circuit,Unknown,1,8-1,4,Jr.,1
2010,Madison County v. Oneida Indian Nation,10-72,2nd Circuit,Unknown,1,8-1,4,Kagan,1
2010,Madison County v. Oneida Indian Nation,10-72,2nd Circuit,Unknown,1,8-1,4,Scalia,1
2010,Madison County v. Oneida Indian Nation,10-72,2nd Circuit,Unknown,1,8-1,4,Kennedy,1
2010,Madison County v. Oneida Indian Nation,10-72,2nd Circuit,Unknown,1,8-1,4,Thomas,1
2010,Madison County v. Oneida Indian Nation,10-72,2nd Circuit,Unknown,1,8-1,4,Ginsburg,1
2010,Madison County v. Oneida Indian Nation,10-72,2nd Circuit,Unknown,1,8-1,4,Breyer,1
2010,Madison County v. Oneida Indian Nation,10-72,2nd Circuit,Unknown,1,8-1,4,Jr.,1
2010,Madison County v. Oneida Indian Nation,10-72,2nd Circuit,Unknown,1,8-1,4,Sotomayor,0
2010,Ortiz v. Jordan,09-737,6th Circuit,Unknown,1,9-0,4,Jr.,1
2010,Ortiz v. Jordan,09-737,6th Circuit,Unknown,1,9-0,4,Scalia,1
2010,Ortiz v. Jordan,09-737,6th Circuit,Unknown,1,9-0,4,Kennedy,1
2010,Ortiz v. Jordan,09-737,6th Circuit,Unknown,1,9-0,4,Thomas,1
2010,Ortiz v. Jordan,09-737,6th Circuit,Unknown,1,9-0,4,Ginsburg,1
2010,Ortiz v. Jordan,09-737,6th Circuit,Unknown,1,9-0,4,Breyer,1
2010,Ortiz v. Jordan,09-737,6th Circuit,Unknown,1,9-0,4,Jr.,1
2010,Ortiz v. Jordan,09-737,6th Circuit,Unknown,1,9-0,4,Sotomayor,1
2010,Ortiz v. Jordan,09-737,6th Circuit,Unknown,1,9-0,4,Kagan,1
2010,Ortiz v. Jordan,09-737,6th Circuit,Unknown,1,9-0,4,Jr.,1
2010,Ortiz v. Jordan,09-737,6th Circuit,Unknown,1,9-0,4,Scalia,1
2010,Ortiz v. Jordan,09-737,6th Circuit,Unknown,1,9-0,4,Kennedy,1
2010,Ortiz v. Jordan,09-737,6th Circuit,Unknown,1,9-0,4,Thomas,1
2010,Ortiz v. Jordan,09-737,6th Circuit,Unknown,1,9-0,4,Ginsburg,1
2010,Ortiz v. Jordan,09-737,6th Circuit,Unknown,1,9-0,4,Breyer,1
2010,Ortiz v. Jordan,09-737,6th Circuit,Unknown,1,9-0,4,Jr.,1
2010,Ortiz v. Jordan,09-737,6th Circuit,Unknown,1,9-0,4,Sotomayor,1
2010,Ortiz v. Jordan,09-737,6th Circuit,Unknown,1,9-0,4,Kagan,1
2010,Astra USA v. Santa Clara County,09-1273,9th Circuit,Unknown,1,8-1,4,Jr.,1
2010,Astra USA v. Santa Clara County,09-1273,9th Circuit,Unknown,1,8-1,4,Scalia,1
2010,Astra USA v. Santa Clara County,09-1273,9th Circuit,Unknown,1,8-1,4,Kennedy,1
2010,Astra USA v. Santa Clara County,09-1273,9th Circuit,Unknown,1,8-1,4,Thomas,1
2010,Astra USA v. Santa Clara County,09-1273,9th Circuit,Unknown,1,8-1,4,Ginsburg,1
2010,Astra USA v. Santa Clara County,09-1273,9th Circuit,Unknown,1,8-1,4,Breyer,1
2010,Astra USA v. Santa Clara County,09-1273,9th Circuit,Unknown,1,8-1,4,Jr.,1
2010,Astra USA v. Santa Clara County,09-1273,9th Circuit,Unknown,1,8-1,4,Sotomayor,1
2010,Astra USA v. Santa Clara County,09-1273,9th Circuit,Unknown,1,8-1,4,Kagan,0
2010,Henderson v. Shinseki,09-1036,Federal Circuit,Unknown,1,8-1,4,Jr.,1
2010,Henderson v. Shinseki,09-1036,Federal Circuit,Unknown,1,8-1,4,Scalia,1
2010,Henderson v. Shinseki,09-1036,Federal Circuit,Unknown,1,8-1,4,Kennedy,1
2010,Henderson v. Shinseki,09-1036,Federal Circuit,Unknown,1,8-1,4,Thomas,1
2010,Henderson v. Shinseki,09-1036,Federal Circuit,Unknown,1,8-1,4,Ginsburg,1
2010,Henderson v. Shinseki,09-1036,Federal Circuit,Unknown,1,8-1,4,Breyer,1
2010,Henderson v. Shinseki,09-1036,Federal Circuit,Unknown,1,8-1,4,Jr.,1
2010,Henderson v. Shinseki,09-1036,Federal Circuit,Unknown,1,8-1,4,Sotomayor,1
2010,Henderson v. Shinseki,09-1036,Federal Circuit,Unknown,1,8-1,4,Kagan,0
2010,Smith v. Bayer Corp.,09-1205,8th Circuit,Unknown,1,9-0,4,Jr.,1
2010,Smith v. Bayer Corp.,09-1205,8th Circuit,Unknown,1,9-0,4,Scalia,1
2010,Smith v. Bayer Corp.,09-1205,8th Circuit,Unknown,1,9-0,4,Kennedy,1
2010,Smith v. Bayer Corp.,09-1205,8th Circuit,Unknown,1,9-0,4,Thomas,1
2010,Smith v. Bayer Corp.,09-1205,8th Circuit,Unknown,1,9-0,4,Ginsburg,1
2010,Smith v. Bayer Corp.,09-1205,8th Circuit,Unknown,1,9-0,4,Breyer,1
2010,Smith v. Bayer Corp.,09-1205,8th Circuit,Unknown,1,9-0,4,Jr.,1
2010,Smith v. Bayer Corp.,09-1205,8th Circuit,Unknown,1,9-0,4,Sotomayor,1
2010,Smith v. Bayer Corp.,09-1205,8th Circuit,Unknown,1,9-0,4,Kagan,1
2010,Chase Bank USA v. McCoy,09-329,9th Circuit,Unknown,1,9-0,4,Jr.,1
2010,Chase Bank USA v. McCoy,09-329,9th Circuit,Unknown,1,9-0,4,Scalia,1
2010,Chase Bank USA v. McCoy,09-329,9th Circuit,Unknown,1,9-0,4,Kennedy,1
2010,Chase Bank USA v. McCoy,09-329,9th Circuit,Unknown,1,9-0,4,Thomas,1
2010,Chase Bank USA v. McCoy,09-329,9th Circuit,Unknown,1,9-0,4,Ginsburg,1
2010,Chase Bank USA v. McCoy,09-329,9th Circuit,Unknown,1,9-0,4,Breyer,1
2010,Chase Bank USA v. McCoy,09-329,9th Circuit,Unknown,1,9-0,4,Jr.,1
2010,Chase Bank USA v. McCoy,09-329,9th Circuit,Unknown,1,9-0,4,Sotomayor,1
2010,Chase Bank USA v. McCoy,09-329,9th Circuit,Unknown,1,9-0,4,Kagan,1
2010,United States v. Jicarilla Apache Nation,10-382,Federal Circuit,Unknown,1,7-2,4,Jr.,1
2010,United States v. Jicarilla Apache Nation,10-382,Federal Circuit,Unknown,1,7-2,4,Scalia,1
2010,United States v. Jicarilla Apache Nation,10-382,Federal Circuit,Unknown,1,7-2,4,Kennedy,1
2010,United States v. Jicarilla Apache Nation,10-382,Federal Circuit,Unknown,1,7-2,4,Thomas,1
2010,United States v. Jicarilla Apache Nation,10-382,Federal Circuit,Unknown,1,7-2,4,Ginsburg,1
2010,United States v. Jicarilla Apache Nation,10-382,Federal Circuit,Unknown,1,7-2,4,Breyer,1
2010,United States v. Jicarilla Apache Nation,10-382,Federal Circuit,Unknown,1,7-2,4,Jr.,1
2010,United States v. Jicarilla Apache Nation,10-382,Federal Circuit,Unknown,1,7-2,4,Sotomayor,0
2010,United States v. Jicarilla Apache Nation,10-382,Federal Circuit,Unknown,1,7-2,4,Kagan,0
2010,National Aeronautics and Space Administration v. Nelson,09-530,9th Circuit,Unknown,1,8-1,4,Jr.,1
2010,National Aeronautics and Space Administration v. Nelson,09-530,9th Circuit,Unknown,1,8-1,4,Scalia,1
2010,National Aeronautics and Space Administration v. Nelson,09-530,9th Circuit,Unknown,1,8-1,4,Kennedy,1
2010,National Aeronautics and Space Administration v. Nelson,09-530,9th Circuit,Unknown,1,8-1,4,Thomas,1
2010,National Aeronautics and Space Administration v. Nelson,09-530,9th Circuit,Unknown,1,8-1,4,Ginsburg,1
2010,National Aeronautics and Space Administration v. Nelson,09-530,9th Circuit,Unknown,1,8-1,4,Breyer,1
2010,National Aeronautics and Space Administration v. Nelson,09-530,9th Circuit,Unknown,1,8-1,4,Jr.,1
2010,National Aeronautics and Space Administration v. Nelson,09-530,9th Circuit,Unknown,1,8-1,4,Sotomayor,1
2010,National Aeronautics and Space Administration v. Nelson,09-530,9th Circuit,Unknown,1,8-1,4,Kagan,0
2010,Milner v. Department of the Navy,09-1163,9th Circuit,Unknown,1,8-1,4,Jr.,1
2010,Milner v. Department of the Navy,09-1163,9th Circuit,Unknown,1,8-1,4,Scalia,1
2010,Milner v. Department of the Navy,09-1163,9th Circuit,Unknown,1,8-1,4,Kennedy,1
2010,Milner v. Department of the Navy,09-1163,9th Circuit,Unknown,1,8-1,4,Thomas,1
2010,Milner v. Department of the Navy,09-1163,9th Circuit,Unknown,1,8-1,4,Ginsburg,1
2010,Milner v. Department of the Navy,09-1163,9th Circuit,Unknown,1,8-1,4,Breyer,0
2010,Milner v. Department of the Navy,09-1163,9th Circuit,Unknown,1,8-1,4,Jr.,1
2010,Milner v. Department of the Navy,09-1163,9th Circuit,Unknown,1,8-1,4,Sotomayor,1
2010,Milner v. Department of the Navy,09-1163,9th Circuit,Unknown,1,8-1,4,Kagan,1
2010,Bullcoming v. New Mexico,09-10876,Other,Unknown,1,5-4,4,Jr.,0
2010,Bullcoming v. New Mexico,09-10876,Other,Unknown,1,5-4,4,Scalia,1
2010,Bullcoming v. New Mexico,09-10876,Other,Unknown,1,5-4,4,Kennedy,0
2010,Bullcoming v. New Mexico,09-10876,Other,Unknown,1,5-4,4,Thomas,1
2010,Bullcoming v. New Mexico,09-10876,Other,Unknown,1,5-4,4,Ginsburg,1
2010,Bullcoming v. New Mexico,09-10876,Other,Unknown,1,5-4,4,Breyer,0
2010,Bullcoming v. New Mexico,09-10876,Other,Unknown,1,5-4,4,Jr.,0
2010,Bullcoming v. New Mexico,09-10876,Other,Unknown,1,5-4,4,Sotomayor,1
2010,Bullcoming v. New Mexico,09-10876,Other,Unknown,1,5-4,4,Kagan,1
2010,Camreta v. Greene,09-1454,9th Circuit,Unknown,1,7-2,4,Jr.,1
2010,Camreta v. Greene,09-1454,9th Circuit,Unknown,1,7-2,4,Scalia,1
2010,Camreta v. Greene,09-1454,9th Circuit,Unknown,1,7-2,4,Kennedy,0
2010,Camreta v. Greene,09-1454,9th Circuit,Unknown,1,7-2,4,Thomas,0
2010,Camreta v. Greene,09-1454,9th Circuit,Unknown,1,7-2,4,Ginsburg,1
2010,Camreta v. Greene,09-1454,9th Circuit,Unknown,1,7-2,4,Breyer,1
2010,Camreta v. Greene,09-1454,9th Circuit,Unknown,1,7-2,4,Jr.,1
2010,Camreta v. Greene,09-1454,9th Circuit,Unknown,1,7-2,4,Sotomayor,1
2010,Camreta v. Greene,09-1454,9th Circuit,Unknown,1,7-2,4,Kagan,1
2010,Kentucky v. King,09-1272,Other,Unknown,1,8-1,4,Jr.,1
2010,Kentucky v. King,09-1272,Other,Unknown,1,8-1,4,Scalia,1
2010,Kentucky v. King,09-1272,Other,Unknown,1,8-1,4,Kennedy,1
2010,Kentucky v. King,09-1272,Other,Unknown,1,8-1,4,Thomas,1
2010,Kentucky v. King,09-1272,Other,Unknown,1,8-1,4,Ginsburg,0
2010,Kentucky v. King,09-1272,Other,Unknown,1,8-1,4,Breyer,1
2010,Kentucky v. King,09-1272,Other,Unknown,1,8-1,4,Jr.,1
2010,Kentucky v. King,09-1272,Other,Unknown,1,8-1,4,Sotomayor,1
2010,Kentucky v. King,09-1272,Other,Unknown,1,8-1,4,Kagan,1
2010,"J. McIntyre Machinery, Ltd. v. Nicastro",09-1343,Other,Unknown,1,6-3,4,Jr.,1
2010,"J. McIntyre Machinery, Ltd. v. Nicastro",09-1343,Other,Unknown,1,6-3,4,Scalia,1
2010,"J. McIntyre Machinery, Ltd. v. Nicastro",09-1343,Other,Unknown,1,6-3,4,Kennedy,1
2010,"J. McIntyre Machinery, Ltd. v. Nicastro",09-1343,Other,Unknown,1,6-3,4,Thomas,1
2010,"J. McIntyre Machinery, Ltd. v. Nicastro",09-1343,Other,Unknown,1,6-3,4,Ginsburg,0
2010,"J. McIntyre Machinery, Ltd. v. Nicastro",09-1343,Other,Unknown,1,6-3,4,Breyer,1
2010,"J. McIntyre Machinery, Ltd. v. Nicastro",09-1343,Other,Unknown,1,6-3,4,Jr.,1
2010,"J. McIntyre Machinery, Ltd. v. Nicastro",09-1343,Other,Unknown,1,6-3,4,Sotomayor,0
2010,"J. McIntyre Machinery, Ltd. v. Nicastro",09-1343,Other,Unknown,1,6-3,4,Kagan,0
2010,Fox v. Vice,10-114,5th Circuit,Unknown,1,9-0,4,Jr.,1
2010,Fox v. Vice,10-114,5th Circuit,Unknown,1,9-0,4,Scalia,1
2010,Fox v. Vice,10-114,5th Circuit,Unknown,1,9-0,4,Kennedy,1
2010,Fox v. Vice,10-114,5th Circuit,Unknown,1,9-0,4,Thomas,1
2010,Fox v. Vice,10-114,5th Circuit,Unknown,1,9-0,4,Ginsburg,1
2010,Fox v. Vice,10-114,5th Circuit,Unknown,1,9-0,4,Breyer,1
2010,Fox v. Vice,10-114,5th Circuit,Unknown,1,9-0,4,Jr.,1
2010,Fox v. Vice,10-114,5th Circuit,Unknown,1,9-0,4,Sotomayor,1
2010,Fox v. Vice,10-114,5th Circuit,Unknown,1,9-0,4,Kagan,1
2010,Kasten v. Saint-Gobain Performance Plastics Corp.,09-834,7th Circuit,Unknown,1,6-3,4,Jr.,1
2010,Kasten v. Saint-Gobain Performance Plastics Corp.,09-834,7th Circuit,Unknown,1,6-3,4,Scalia,0
2010,Kasten v. Saint-Gobain Performance Plastics Corp.,09-834,7th Circuit,Unknown,1,6-3,4,Kennedy,1
2010,Kasten v. Saint-Gobain Performance Plastics Corp.,09-834,7th Circuit,Unknown,1,6-3,4,Thomas,0
2010,Kasten v. Saint-Gobain Performance Plastics Corp.,09-834,7th Circuit,Unknown,1,6-3,4,Ginsburg,1
2010,Kasten v. Saint-Gobain Performance Plastics Corp.,09-834,7th Circuit,Unknown,1,6-3,4,Breyer,1
2010,Kasten v. Saint-Gobain Performance Plastics Corp.,09-834,7th Circuit,Unknown,1,6-3,4,Jr.,1
2010,Kasten v. Saint-Gobain Performance Plastics Corp.,09-834,7th Circuit,Unknown,1,6-3,4,Sotomayor,1
2010,Kasten v. Saint-Gobain Performance Plastics Corp.,09-834,7th Circuit,Unknown,1,6-3,4,Kagan,0
2010,United States v. Tohono O'odham Nation,09-846,Federal Circuit,Unknown,1,7-2,4,Jr.,1
2010,United States v. Tohono O'odham Nation,09-846,Federal Circuit,Unknown,1,7-2,4,Scalia,1
2010,United States v. Tohono O'odham Nation,09-846,Federal Circuit,Unknown,1,7-2,4,Kennedy,1
2010,United States v. Tohono O'odham Nation,09-846,Federal Circuit,Unknown,1,7-2,4,Thomas,1
2010,United States v. Tohono O'odham Nation,09-846,Federal Circuit,Unknown,1,7-2,4,Ginsburg,0
2010,United States v. Tohono O'odham Nation,09-846,Federal Circuit,Unknown,1,7-2,4,Breyer,1
2010,United States v. Tohono O'odham Nation,09-846,Federal Circuit,Unknown,1,7-2,4,Jr.,1
2010,United States v. Tohono O'odham Nation,09-846,Federal Circuit,Unknown,1,7-2,4,Sotomayor,1
2010,United States v. Tohono O'odham Nation,09-846,Federal Circuit,Unknown,1,7-2,4,Kagan,0
2010,"American Electric Power Co., Inc. v. Connecticut",10-174,2nd Circuit,Unknown,1,8-1,4,Jr.,1
2010,"American Electric Power Co., Inc. v. Connecticut",10-174,2nd Circuit,Unknown,1,8-1,4,Scalia,1
2010,"American Electric Power Co., Inc. v. Connecticut",10-174,2nd Circuit,Unknown,1,8-1,4,Kennedy,1
2010,"American Electric Power Co., Inc. v. Connecticut",10-174,2nd Circuit,Unknown,1,8-1,4,Thomas,1
2010,"American Electric Power Co., Inc. v. Connecticut",10-174,2nd Circuit,Unknown,1,8-1,4,Ginsburg,1
2010,"American Electric Power Co., Inc. v. Connecticut",10-174,2nd Circuit,Unknown,1,8-1,4,Breyer,1
2010,"American Electric Power Co., Inc. v. Connecticut",10-174,2nd Circuit,Unknown,1,8-1,4,Jr.,1
2010,"American Electric Power Co., Inc. v. Connecticut",10-174,2nd Circuit,Unknown,1,8-1,4,Sotomayor,0
2010,"American Electric Power Co., Inc. v. Connecticut",10-174,2nd Circuit,Unknown,1,8-1,4,Kagan,1
2010,"American Electric Power Co., Inc. v. Connecticut",10-174,2nd Circuit,Unknown,1,8-1,4,Jr.,1
2010,"American Electric Power Co., Inc. v. Connecticut",10-174,2nd Circuit,Unknown,1,8-1,4,Scalia,1
2010,"American Electric Power Co., Inc. v. Connecticut",10-174,2nd Circuit,Unknown,1,8-1,4,Kennedy,1
2010,"American Electric Power Co., Inc. v. Connecticut",10-174,2nd Circuit,Unknown,1,8-1,4,Thomas,1
2010,"American Electric Power Co., Inc. v. Connecticut",10-174,2nd Circuit,Unknown,1,8-1,4,Ginsburg,1
2010,"American Electric Power Co., Inc. v. Connecticut",10-174,2nd Circuit,Unknown,1,8-1,4,Breyer,1
2010,"American Electric Power Co., Inc. v. Connecticut",10-174,2nd Circuit,Unknown,1,8-1,4,Jr.,1
2010,"American Electric Power Co., Inc. v. Connecticut",10-174,2nd Circuit,Unknown,1,8-1,4,Sotomayor,0
2010,"American Electric Power Co., Inc. v. Connecticut",10-174,2nd Circuit,Unknown,1,8-1,4,Kagan,1
2010,"Wal-Mart Stores, Inc. v. Dukes",10-277,9th Circuit,Unknown,1,5-4,4,Jr.,1
2010,"Wal-Mart Stores, Inc. v. Dukes",10-277,9th Circuit,Unknown,1,5-4,4,Scalia,1
2010,"Wal-Mart Stores, Inc. v. Dukes",10-277,9th Circuit,Unknown,1,5-4,4,Kennedy,1
2010,"Wal-Mart Stores, Inc. v. Dukes",10-277,9th Circuit,Unknown,1,5-4,4,Thomas,1
2010,"Wal-Mart Stores, Inc. v. Dukes",10-277,9th Circuit,Unknown,1,5-4,4,Ginsburg,0
2010,"Wal-Mart Stores, Inc. v. Dukes",10-277,9th Circuit,Unknown,1,5-4,4,Breyer,0
2010,"Wal-Mart Stores, Inc. v. Dukes",10-277,9th Circuit,Unknown,1,5-4,4,Jr.,1
2010,"Wal-Mart Stores, Inc. v. Dukes",10-277,9th Circuit,Unknown,1,5-4,4,Sotomayor,0
2010,"Wal-Mart Stores, Inc. v. Dukes",10-277,9th Circuit,Unknown,1,5-4,4,Kagan,0
2010,Turner v. Rogers,10-10,Other,Unknown,1,5-4,4,Jr.,0
2010,Turner v. Rogers,10-10,Other,Unknown,1,5-4,4,Scalia,0
2010,Turner v. Rogers,10-10,Other,Unknown,1,5-4,4,Kennedy,1
2010,Turner v. Rogers,10-10,Other,Unknown,1,5-4,4,Thomas,0
2010,Turner v. Rogers,10-10,Other,Unknown,1,5-4,4,Ginsburg,1
2010,Turner v. Rogers,10-10,Other,Unknown,1,5-4,4,Breyer,1
2010,Turner v. Rogers,10-10,Other,Unknown,1,5-4,4,Jr.,0
2010,Turner v. Rogers,10-10,Other,Unknown,1,5-4,4,Sotomayor,1
2010,Turner v. Rogers,10-10,Other,Unknown,1,5-4,4,Kagan,1
2010,Staub v. Proctor Hospital,09-400,7th Circuit,Unknown,1,8-1,4,Jr.,1
2010,Staub v. Proctor Hospital,09-400,7th Circuit,Unknown,1,8-1,4,Scalia,1
2010,Staub v. Proctor Hospital,09-400,7th Circuit,Unknown,1,8-1,4,Kennedy,1
2010,Staub v. Proctor Hospital,09-400,7th Circuit,Unknown,1,8-1,4,Thomas,1
2010,Staub v. Proctor Hospital,09-400,7th Circuit,Unknown,1,8-1,4,Ginsburg,1
2010,Staub v. Proctor Hospital,09-400,7th Circuit,Unknown,1,8-1,4,Breyer,1
2010,Staub v. Proctor Hospital,09-400,7th Circuit,Unknown,1,8-1,4,Jr.,1
2010,Staub v. Proctor Hospital,09-400,7th Circuit,Unknown,1,8-1,4,Sotomayor,1
2010,Staub v. Proctor Hospital,09-400,7th Circuit,Unknown,1,8-1,4,Kagan,0
2010,"Talk America, Inc. v. Michigan Bell Telephone Co.",10-313,6th Circuit,Unknown,1,8-1,4,Jr.,1
2010,"Talk America, Inc. v. Michigan Bell Telephone Co.",10-313,6th Circuit,Unknown,1,8-1,4,Scalia,1
2010,"Talk America, Inc. v. Michigan Bell Telephone Co.",10-313,6th Circuit,Unknown,1,8-1,4,Kennedy,1
2010,"Talk America, Inc. v. Michigan Bell Telephone Co.",10-313,6th Circuit,Unknown,1,8-1,4,Thomas,1
2010,"Talk America, Inc. v. Michigan Bell Telephone Co.",10-313,6th Circuit,Unknown,1,8-1,4,Ginsburg,1
2010,"Talk America, Inc. v. Michigan Bell Telephone Co.",10-313,6th Circuit,Unknown,1,8-1,4,Breyer,1
2010,"Talk America, Inc. v. Michigan Bell Telephone Co.",10-313,6th Circuit,Unknown,1,8-1,4,Jr.,1
2010,"Talk America, Inc. v. Michigan Bell Telephone Co.",10-313,6th Circuit,Unknown,1,8-1,4,Sotomayor,1
2010,"Talk America, Inc. v. Michigan Bell Telephone Co.",10-313,6th Circuit,Unknown,1,8-1,4,Kagan,0
2010,Stern v. Marshall,10-179,9th Circuit,Unknown,1,9-0,4,Jr.,1
2010,Stern v. Marshall,10-179,9th Circuit,Unknown,1,9-0,4,Scalia,1
2010,Stern v. Marshall,10-179,9th Circuit,Unknown,1,9-0,4,Kennedy,1
2010,Stern v. Marshall,10-179,9th Circuit,Unknown,1,9-0,4,Thomas,1
2010,Stern v. Marshall,10-179,9th Circuit,Unknown,1,9-0,4,Ginsburg,1
2010,Stern v. Marshall,10-179,9th Circuit,Unknown,1,9-0,4,Breyer,1
2010,Stern v. Marshall,10-179,9th Circuit,Unknown,1,9-0,4,Jr.,1
2010,Stern v. Marshall,10-179,9th Circuit,Unknown,1,9-0,4,Sotomayor,1
2010,Stern v. Marshall,10-179,9th Circuit,Unknown,1,9-0,4,Kagan,1
2010,Stern v. Marshall,10-179,9th Circuit,Unknown,1,5-4,4,Jr.,1
2010,Stern v. Marshall,10-179,9th Circuit,Unknown,1,5-4,4,Scalia,1
2010,Stern v. Marshall,10-179,9th Circuit,Unknown,1,5-4,4,Kennedy,1
2010,Stern v. Marshall,10-179,9th Circuit,Unknown,1,5-4,4,Thomas,1
2010,Stern v. Marshall,10-179,9th Circuit,Unknown,1,5-4,4,Ginsburg,0
2010,Stern v. Marshall,10-179,9th Circuit,Unknown,1,5-4,4,Breyer,0
2010,Stern v. Marshall,10-179,9th Circuit,Unknown,1,5-4,4,Jr.,1
2010,Stern v. Marshall,10-179,9th Circuit,Unknown,1,5-4,4,Sotomayor,0
2010,Stern v. Marshall,10-179,9th Circuit,Unknown,1,5-4,4,Kagan,0
2010,Arizona Free Enterprise Club's Freedom Club PAC v. Bennett,10-238,9th Circuit,Unknown,1,5-4,4,Jr.,1
2010,Arizona Free Enterprise Club's Freedom Club PAC v. Bennett,10-238,9th Circuit,Unknown,1,5-4,4,Scalia,1
2010,Arizona Free Enterprise Club's Freedom Club PAC v. Bennett,10-238,9th Circuit,Unknown,1,5-4,4,Kennedy,1
2010,Arizona Free Enterprise Club's Freedom Club PAC v. Bennett,10-238,9th Circuit,Unknown,1,5-4,4,Thomas,1
2010,Arizona Free Enterprise Club's Freedom Club PAC v. Bennett,10-238,9th Circuit,Unknown,1,5-4,4,Ginsburg,0
2010,Arizona Free Enterprise Club's Freedom Club PAC v. Bennett,10-238,9th Circuit,Unknown,1,5-4,4,Breyer,0
2010,Arizona Free Enterprise Club's Freedom Club PAC v. Bennett,10-238,9th Circuit,Unknown,1,5-4,4,Jr.,1
2010,Arizona Free Enterprise Club's Freedom Club PAC v. Bennett,10-238,9th Circuit,Unknown,1,5-4,4,Sotomayor,0
2010,Arizona Free Enterprise Club's Freedom Club PAC v. Bennett,10-238,9th Circuit,Unknown,1,5-4,4,Kagan,0
2010,Borough of Duryea v. Guarnieri,09-1476,3rd Circuit,Unknown,1,9-0,4,Jr.,1
2010,Borough of Duryea v. Guarnieri,09-1476,3rd Circuit,Unknown,1,9-0,4,Scalia,1
2010,Borough of Duryea v. Guarnieri,09-1476,3rd Circuit,Unknown,1,9-0,4,Kennedy,1
2010,Borough of Duryea v. Guarnieri,09-1476,3rd Circuit,Unknown,1,9-0,4,Thomas,1
2010,Borough of Duryea v. Guarnieri,09-1476,3rd Circuit,Unknown,1,9-0,4,Ginsburg,1
2010,Borough of Duryea v. Guarnieri,09-1476,3rd Circuit,Unknown,1,9-0,4,Breyer,1
2010,Borough of Duryea v. Guarnieri,09-1476,3rd Circuit,Unknown,1,9-0,4,Jr.,1
2010,Borough of Duryea v. Guarnieri,09-1476,3rd Circuit,Unknown,1,9-0,4,Sotomayor,1
2010,Borough of Duryea v. Guarnieri,09-1476,3rd Circuit,Unknown,1,9-0,4,Kagan,1
2010,United States v. Juvenile Male,09-940,9th Circuit,Unknown,1,5-4,4,Jr.,1
2010,United States v. Juvenile Male,09-940,9th Circuit,Unknown,1,5-4,4,Scalia,1
2010,United States v. Juvenile Male,09-940,9th Circuit,Unknown,1,5-4,4,Kennedy,1
2010,United States v. Juvenile Male,09-940,9th Circuit,Unknown,1,5-4,4,Thomas,1
2010,United States v. Juvenile Male,09-940,9th Circuit,Unknown,1,5-4,4,Ginsburg,0
2010,United States v. Juvenile Male,09-940,9th Circuit,Unknown,1,5-4,4,Breyer,0
2010,United States v. Juvenile Male,09-940,9th Circuit,Unknown,1,5-4,4,Jr.,1
2010,United States v. Juvenile Male,09-940,9th Circuit,Unknown,1,5-4,4,Sotomayor,0
2010,United States v. Juvenile Male,09-940,9th Circuit,Unknown,1,5-4,4,Kagan,0
2010,Skinner v. Switzer,09-9000,5th Circuit,Unknown,1,6-3,4,Jr.,1
2010,Skinner v. Switzer,09-9000,5th Circuit,Unknown,1,6-3,4,Scalia,1
2010,Skinner v. Switzer,09-9000,5th Circuit,Unknown,1,6-3,4,Kennedy,0
2010,Skinner v. Switzer,09-9000,5th Circuit,Unknown,1,6-3,4,Thomas,0
2010,Skinner v. Switzer,09-9000,5th Circuit,Unknown,1,6-3,4,Ginsburg,1
2010,Skinner v. Switzer,09-9000,5th Circuit,Unknown,1,6-3,4,Breyer,1
2010,Skinner v. Switzer,09-9000,5th Circuit,Unknown,1,6-3,4,Jr.,0
2010,Skinner v. Switzer,09-9000,5th Circuit,Unknown,1,6-3,4,Sotomayor,1
2010,Skinner v. Switzer,09-9000,5th Circuit,Unknown,1,6-3,4,Kagan,1
2010,Nevada Commission on Ethics v. Carrigan,10-568,State Supreme Court,Unknown,1,9-0,4,Jr.,1
2010,Nevada Commission on Ethics v. Carrigan,10-568,State Supreme Court,Unknown,1,9-0,4,Scalia,1
2010,Nevada Commission on Ethics v. Carrigan,10-568,State Supreme Court,Unknown,1,9-0,4,Kennedy,1
2010,Nevada Commission on Ethics v. Carrigan,10-568,State Supreme Court,Unknown,1,9-0,4,Thomas,1
2010,Nevada Commission on Ethics v. Carrigan,10-568,State Supreme Court,Unknown,1,9-0,4,Ginsburg,1
2010,Nevada Commission on Ethics v. Carrigan,10-568,State Supreme Court,Unknown,1,9-0,4,Breyer,1
2010,Nevada Commission on Ethics v. Carrigan,10-568,State Supreme Court,Unknown,1,9-0,4,Jr.,1
2010,Nevada Commission on Ethics v. Carrigan,10-568,State Supreme Court,Unknown,1,9-0,4,Sotomayor,1
2010,Nevada Commission on Ethics v. Carrigan,10-568,State Supreme Court,Unknown,1,9-0,4,Kagan,1
2010,Fowler v. United States,10-5443,11th Circuit,Unknown,1,7-2,4,Jr.,1
2010,Fowler v. United States,10-5443,11th Circuit,Unknown,1,7-2,4,Scalia,1
2010,Fowler v. United States,10-5443,11th Circuit,Unknown,1,7-2,4,Kennedy,1
2010,Fowler v. United States,10-5443,11th Circuit,Unknown,1,7-2,4,Thomas,1
2010,Fowler v. United States,10-5443,11th Circuit,Unknown,1,7-2,4,Ginsburg,0
2010,Fowler v. United States,10-5443,11th Circuit,Unknown,1,7-2,4,Breyer,1
2010,Fowler v. United States,10-5443,11th Circuit,Unknown,1,7-2,4,Jr.,0
2010,Fowler v. United States,10-5443,11th Circuit,Unknown,1,7-2,4,Sotomayor,1
2010,Fowler v. United States,10-5443,11th Circuit,Unknown,1,7-2,4,Kagan,1
2010,Cullen v. Pinholster,09-1088,9th Circuit,Unknown,1,5-4,4,Jr.,1
2010,Cullen v. Pinholster,09-1088,9th Circuit,Unknown,1,5-4,4,Scalia,1
2010,Cullen v. Pinholster,09-1088,9th Circuit,Unknown,1,5-4,4,Kennedy,1
2010,Cullen v. Pinholster,09-1088,9th Circuit,Unknown,1,5-4,4,Thomas,1
2010,Cullen v. Pinholster,09-1088,9th Circuit,Unknown,1,5-4,4,Ginsburg,0
2010,Cullen v. Pinholster,09-1088,9th Circuit,Unknown,1,5-4,4,Breyer,0
2010,Cullen v. Pinholster,09-1088,9th Circuit,Unknown,1,5-4,4,Jr.,1
2010,Cullen v. Pinholster,09-1088,9th Circuit,Unknown,1,5-4,4,Sotomayor,0
2010,Cullen v. Pinholster,09-1088,9th Circuit,Unknown,1,5-4,4,Kagan,0
2010,"Janus Capital Group, Inc. v. First Derivative Traders",09-525,4th Circuit,Unknown,1,5-4,4,Jr.,1
2010,"Janus Capital Group, Inc. v. First Derivative Traders",09-525,4th Circuit,Unknown,1,5-4,4,Scalia,1
2010,"Janus Capital Group, Inc. v. First Derivative Traders",09-525,4th Circuit,Unknown,1,5-4,4,Kennedy,1
2010,"Janus Capital Group, Inc. v. First Derivative Traders",09-525,4th Circuit,Unknown,1,5-4,4,Thomas,1
2010,"Janus Capital Group, Inc. v. First Derivative Traders",09-525,4th Circuit,Unknown,1,5-4,4,Ginsburg,0
2010,"Janus Capital Group, Inc. v. First Derivative Traders",09-525,4th Circuit,Unknown,1,5-4,4,Breyer,0
2010,"Janus Capital Group, Inc. v. First Derivative Traders",09-525,4th Circuit,Unknown,1,5-4,4,Jr.,1
2010,"Janus Capital Group, Inc. v. First Derivative Traders",09-525,4th Circuit,Unknown,1,5-4,4,Sotomayor,0
2010,"Janus Capital Group, Inc. v. First Derivative Traders",09-525,4th Circuit,Unknown,1,5-4,4,Kagan,0
2010,AT&T Mobility LLC v. Concepcion,09-893,9th Circuit,Unknown,1,5-4,4,Jr.,1
2010,AT&T Mobility LLC v. Concepcion,09-893,9th Circuit,Unknown,1,5-4,4,Scalia,1
2010,AT&T Mobility LLC v. Concepcion,09-893,9th Circuit,Unknown,1,5-4,4,Kennedy,1
2010,AT&T Mobility LLC v. Concepcion,09-893,9th Circuit,Unknown,1,5-4,4,Thomas,1
2010,AT&T Mobility LLC v. Concepcion,09-893,9th Circuit,Unknown,1,5-4,4,Ginsburg,0
2010,AT&T Mobility LLC v. Concepcion,09-893,9th Circuit,Unknown,1,5-4,4,Breyer,0
2010,AT&T Mobility LLC v. Concepcion,09-893,9th Circuit,Unknown,1,5-4,4,Jr.,1
2010,AT&T Mobility LLC v. Concepcion,09-893,9th Circuit,Unknown,1,5-4,4,Sotomayor,0
2010,AT&T Mobility LLC v. Concepcion,09-893,9th Circuit,Unknown,1,5-4,4,Kagan,0
2010,AT&T Mobility LLC v. Concepcion,09-893,9th Circuit,Unknown,1,5-4,4,Jr.,1
2010,AT&T Mobility LLC v. Concepcion,09-893,9th Circuit,Unknown,1,5-4,4,Scalia,1
2010,AT&T Mobility LLC v. Concepcion,09-893,9th Circuit,Unknown,1,5-4,4,Kennedy,1
2010,AT&T Mobility LLC v. Concepcion,09-893,9th Circuit,Unknown,1,5-4,4,Thomas,1
2010,AT&T Mobility LLC v. Concepcion,09-893,9th Circuit,Unknown,1,5-4,4,Ginsburg,0
2010,AT&T Mobility LLC v. Concepcion,09-893,9th Circuit,Unknown,1,5-4,4,Breyer,0
2010,AT&T Mobility LLC v. Concepcion,09-893,9th Circuit,Unknown,1,5-4,4,Jr.,1
2010,AT&T Mobility LLC v. Concepcion,09-893,9th Circuit,Unknown,1,5-4,4,Sotomayor,0
2010,AT&T Mobility LLC v. Concepcion,09-893,9th Circuit,Unknown,1,5-4,4,Kagan,0
2010,Michigan v. Bryant,09-150,Other,Unknown,1,6-3,4,Jr.,1
2010,Michigan v. Bryant,09-150,Other,Unknown,1,6-3,4,Scalia,0
2010,Michigan v. Bryant,09-150,Other,Unknown,1,6-3,4,Kennedy,1
2010,Michigan v. Bryant,09-150,Other,Unknown,1,6-3,4,Thomas,1
2010,Michigan v. Bryant,09-150,Other,Unknown,1,6-3,4,Ginsburg,0
2010,Michigan v. Bryant,09-150,Other,Unknown,1,6-3,4,Breyer,1
2010,Michigan v. Bryant,09-150,Other,Unknown,1,6-3,4,Jr.,1
2010,Michigan v. Bryant,09-150,Other,Unknown,1,6-3,4,Sotomayor,1
2010,Michigan v. Bryant,09-150,Other,Unknown,1,6-3,4,Kagan,0
2009,Holland v. Florida,09-5327,11th Circuit,Unknown,1,7-2,4,Jr.,1
2009,Holland v. Florida,09-5327,11th Circuit,Unknown,1,7-2,4,Stevens,1
2009,Holland v. Florida,09-5327,11th Circuit,Unknown,1,7-2,4,Scalia,0
2009,Holland v. Florida,09-5327,11th Circuit,Unknown,1,7-2,4,Kennedy,1
2009,Holland v. Florida,09-5327,11th Circuit,Unknown,1,7-2,4,Thomas,0
2009,Holland v. Florida,09-5327,11th Circuit,Unknown,1,7-2,4,Ginsburg,1
2009,Holland v. Florida,09-5327,11th Circuit,Unknown,1,7-2,4,Breyer,1
2009,Holland v. Florida,09-5327,11th Circuit,Unknown,1,7-2,4,Jr.,1
2009,Holland v. Florida,09-5327,11th Circuit,Unknown,1,7-2,4,Sotomayor,1
2009,Astrue v. Ratliff,08-1322,8th Circuit,Unknown,1,9-0,4,Jr.,1
2009,Astrue v. Ratliff,08-1322,8th Circuit,Unknown,1,9-0,4,Stevens,1
2009,Astrue v. Ratliff,08-1322,8th Circuit,Unknown,1,9-0,4,Scalia,1
2009,Astrue v. Ratliff,08-1322,8th Circuit,Unknown,1,9-0,4,Kennedy,1
2009,Astrue v. Ratliff,08-1322,8th Circuit,Unknown,1,9-0,4,Thomas,1
2009,Astrue v. Ratliff,08-1322,8th Circuit,Unknown,1,9-0,4,Ginsburg,1
2009,Astrue v. Ratliff,08-1322,8th Circuit,Unknown,1,9-0,4,Breyer,1
2009,Astrue v. Ratliff,08-1322,8th Circuit,Unknown,1,9-0,4,Jr.,1
2009,Astrue v. Ratliff,08-1322,8th Circuit,Unknown,1,9-0,4,Sotomayor,1
2009,United States v. Comstock,08-1224,4th Circuit,Unknown,1,7-2,4,Jr.,1
2009,United States v. Comstock,08-1224,4th Circuit,Unknown,1,7-2,4,Stevens,1
2009,United States v. Comstock,08-1224,4th Circuit,Unknown,1,7-2,4,Scalia,0
2009,United States v. Comstock,08-1224,4th Circuit,Unknown,1,7-2,4,Kennedy,1
2009,United States v. Comstock,08-1224,4th Circuit,Unknown,1,7-2,4,Thomas,0
2009,United States v. Comstock,08-1224,4th Circuit,Unknown,1,7-2,4,Ginsburg,1
2009,United States v. Comstock,08-1224,4th Circuit,Unknown,1,7-2,4,Breyer,1
2009,United States v. Comstock,08-1224,4th Circuit,Unknown,1,7-2,4,Jr.,1
2009,United States v. Comstock,08-1224,4th Circuit,Unknown,1,7-2,4,Sotomayor,1
2009,Bloate v. United States,08-728,8th Circuit,Unknown,1,7-2,4,Jr.,1
2009,Bloate v. United States,08-728,8th Circuit,Unknown,1,7-2,4,Stevens,1
2009,Bloate v. United States,08-728,8th Circuit,Unknown,1,7-2,4,Scalia,1
2009,Bloate v. United States,08-728,8th Circuit,Unknown,1,7-2,4,Kennedy,1
2009,Bloate v. United States,08-728,8th Circuit,Unknown,1,7-2,4,Thomas,1
2009,Bloate v. United States,08-728,8th Circuit,Unknown,1,7-2,4,Ginsburg,1
2009,Bloate v. United States,08-728,8th Circuit,Unknown,1,7-2,4,Breyer,0
2009,Bloate v. United States,08-728,8th Circuit,Unknown,1,7-2,4,Jr.,0
2009,Bloate v. United States,08-728,8th Circuit,Unknown,1,7-2,4,Sotomayor,1
2009,Holder v. Humanitarian Law Project,08-1498,9th Circuit,Unknown,1,6-3,4,Jr.,1
2009,Holder v. Humanitarian Law Project,08-1498,9th Circuit,Unknown,1,6-3,4,Stevens,1
2009,Holder v. Humanitarian Law Project,08-1498,9th Circuit,Unknown,1,6-3,4,Scalia,1
2009,Holder v. Humanitarian Law Project,08-1498,9th Circuit,Unknown,1,6-3,4,Kennedy,1
2009,Holder v. Humanitarian Law Project,08-1498,9th Circuit,Unknown,1,6-3,4,Thomas,1
2009,Holder v. Humanitarian Law Project,08-1498,9th Circuit,Unknown,1,6-3,4,Ginsburg,0
2009,Holder v. Humanitarian Law Project,08-1498,9th Circuit,Unknown,1,6-3,4,Breyer,0
2009,Holder v. Humanitarian Law Project,08-1498,9th Circuit,Unknown,1,6-3,4,Jr.,1
2009,Holder v. Humanitarian Law Project,08-1498,9th Circuit,Unknown,1,6-3,4,Sotomayor,0
2009,Union Pacific R. Co. v. Locomotive Engineers,08-604,7th Circuit,Unknown,0,9-0,4,Ginsburg,1
2009,Union Pacific R. Co. v. Locomotive Engineers,08-604,7th Circuit,Unknown,0,9-0,4,Jr.,1
2009,Union Pacific R. Co. v. Locomotive Engineers,08-604,7th Circuit,Unknown,0,9-0,4,Stevens,1
2009,Union Pacific R. Co. v. Locomotive Engineers,08-604,7th Circuit,Unknown,0,9-0,4,Scalia,1
2009,Union Pacific R. Co. v. Locomotive Engineers,08-604,7th Circuit,Unknown,0,9-0,4,Kennedy,1
2009,Union Pacific R. Co. v. Locomotive Engineers,08-604,7th Circuit,Unknown,0,9-0,4,Thomas,1
2009,Union Pacific R. Co. v. Locomotive Engineers,08-604,7th Circuit,Unknown,0,9-0,4,Breyer,1
2009,Union Pacific R. Co. v. Locomotive Engineers,08-604,7th Circuit,Unknown,0,9-0,4,Jr.,1
2009,Union Pacific R. Co. v. Locomotive Engineers,08-604,7th Circuit,Unknown,0,9-0,4,Sotomayor,1
2009,Monsanto Co. v. Geertson Seed Farms,09-475,9th Circuit,Unknown,1,7-2,4,Jr.,1
2009,Monsanto Co. v. Geertson Seed Farms,09-475,9th Circuit,Unknown,1,7-2,4,Stevens,0
2009,Monsanto Co. v. Geertson Seed Farms,09-475,9th Circuit,Unknown,1,7-2,4,Scalia,1
2009,Monsanto Co. v. Geertson Seed Farms,09-475,9th Circuit,Unknown,1,7-2,4,Kennedy,1
2009,Monsanto Co. v. Geertson Seed Farms,09-475,9th Circuit,Unknown,1,7-2,4,Thomas,1
2009,Monsanto Co. v. Geertson Seed Farms,09-475,9th Circuit,Unknown,1,7-2,4,Ginsburg,1
2009,Monsanto Co. v. Geertson Seed Farms,09-475,9th Circuit,Unknown,1,7-2,4,Breyer,0
2009,Monsanto Co. v. Geertson Seed Farms,09-475,9th Circuit,Unknown,1,7-2,4,Jr.,1
2009,Monsanto Co. v. Geertson Seed Farms,09-475,9th Circuit,Unknown,1,7-2,4,Sotomayor,1
2009,Reed Elsevier v. Muchnick,08-103,2nd Circuit,Unknown,1,8-1,4,Jr.,1
2009,Reed Elsevier v. Muchnick,08-103,2nd Circuit,Unknown,1,8-1,4,Stevens,1
2009,Reed Elsevier v. Muchnick,08-103,2nd Circuit,Unknown,1,8-1,4,Scalia,1
2009,Reed Elsevier v. Muchnick,08-103,2nd Circuit,Unknown,1,8-1,4,Kennedy,1
2009,Reed Elsevier v. Muchnick,08-103,2nd Circuit,Unknown,1,8-1,4,Thomas,1
2009,Reed Elsevier v. Muchnick,08-103,2nd Circuit,Unknown,1,8-1,4,Ginsburg,1
2009,Reed Elsevier v. Muchnick,08-103,2nd Circuit,Unknown,1,8-1,4,Breyer,1
2009,Reed Elsevier v. Muchnick,08-103,2nd Circuit,Unknown,1,8-1,4,Jr.,1
2009,Reed Elsevier v. Muchnick,08-103,2nd Circuit,Unknown,1,8-1,4,Sotomayor,0
2009,Reed Elsevier v. Muchnick,08-103,2nd Circuit,Unknown,1,8-1,4,Jr.,1
2009,Reed Elsevier v. Muchnick,08-103,2nd Circuit,Unknown,1,8-1,4,Stevens,1
2009,Reed Elsevier v. Muchnick,08-103,2nd Circuit,Unknown,1,8-1,4,Scalia,1
2009,Reed Elsevier v. Muchnick,08-103,2nd Circuit,Unknown,1,8-1,4,Kennedy,1
2009,Reed Elsevier v. Muchnick,08-103,2nd Circuit,Unknown,1,8-1,4,Thomas,1
2009,Reed Elsevier v. Muchnick,08-103,2nd Circuit,Unknown,1,8-1,4,Ginsburg,1
2009,Reed Elsevier v. Muchnick,08-103,2nd Circuit,Unknown,1,8-1,4,Breyer,1
2009,Reed Elsevier v. Muchnick,08-103,2nd Circuit,Unknown,1,8-1,4,Jr.,1
2009,Reed Elsevier v. Muchnick,08-103,2nd Circuit,Unknown,1,8-1,4,Sotomayor,0
2009,Graham v. Florida,08-7412,Other,Unknown,1,6-3,4,Jr.,1
2009,Graham v. Florida,08-7412,Other,Unknown,1,6-3,4,Stevens,1
2009,Graham v. Florida,08-7412,Other,Unknown,1,6-3,4,Scalia,0
2009,Graham v. Florida,08-7412,Other,Unknown,1,6-3,4,Kennedy,1
2009,Graham v. Florida,08-7412,Other,Unknown,1,6-3,4,Thomas,0
2009,Graham v. Florida,08-7412,Other,Unknown,1,6-3,4,Ginsburg,1
2009,Graham v. Florida,08-7412,Other,Unknown,1,6-3,4,Breyer,1
2009,Graham v. Florida,08-7412,Other,Unknown,1,6-3,4,Jr.,0
2009,Graham v. Florida,08-7412,Other,Unknown,1,6-3,4,Sotomayor,1
2009,"Milavetz, Gallop & Milavetz, P.A. v. United States",08-1119,8th Circuit,Unknown,1,9-0,4,Jr.,1
2009,"Milavetz, Gallop & Milavetz, P.A. v. United States",08-1119,8th Circuit,Unknown,1,9-0,4,Stevens,1
2009,"Milavetz, Gallop & Milavetz, P.A. v. United States",08-1119,8th Circuit,Unknown,1,9-0,4,Scalia,1
2009,"Milavetz, Gallop & Milavetz, P.A. v. United States",08-1119,8th Circuit,Unknown,1,9-0,4,Kennedy,1
2009,"Milavetz, Gallop & Milavetz, P.A. v. United States",08-1119,8th Circuit,Unknown,1,9-0,4,Thomas,1
2009,"Milavetz, Gallop & Milavetz, P.A. v. United States",08-1119,8th Circuit,Unknown,1,9-0,4,Ginsburg,1
2009,"Milavetz, Gallop & Milavetz, P.A. v. United States",08-1119,8th Circuit,Unknown,1,9-0,4,Breyer,1
2009,"Milavetz, Gallop & Milavetz, P.A. v. United States",08-1119,8th Circuit,Unknown,1,9-0,4,Jr.,1
2009,"Milavetz, Gallop & Milavetz, P.A. v. United States",08-1119,8th Circuit,Unknown,1,9-0,4,Sotomayor,1
2009,"Milavetz, Gallop & Milavetz, P.A. v. United States",08-1119,8th Circuit,Unknown,1,9-0,4,Jr.,1
2009,"Milavetz, Gallop & Milavetz, P.A. v. United States",08-1119,8th Circuit,Unknown,1,9-0,4,Stevens,1
2009,"Milavetz, Gallop & Milavetz, P.A. v. United States",08-1119,8th Circuit,Unknown,1,9-0,4,Scalia,1
2009,"Milavetz, Gallop & Milavetz, P.A. v. United States",08-1119,8th Circuit,Unknown,1,9-0,4,Kennedy,1
2009,"Milavetz, Gallop & Milavetz, P.A. v. United States",08-1119,8th Circuit,Unknown,1,9-0,4,Thomas,1
2009,"Milavetz, Gallop & Milavetz, P.A. v. United States",08-1119,8th Circuit,Unknown,1,9-0,4,Ginsburg,1
2009,"Milavetz, Gallop & Milavetz, P.A. v. United States",08-1119,8th Circuit,Unknown,1,9-0,4,Breyer,1
2009,"Milavetz, Gallop & Milavetz, P.A. v. United States",08-1119,8th Circuit,Unknown,1,9-0,4,Jr.,1
2009,"Milavetz, Gallop & Milavetz, P.A. v. United States",08-1119,8th Circuit,Unknown,1,9-0,4,Sotomayor,1
2009,"Milavetz, Gallop & Milavetz, P.A. v. United States",08-1119,8th Circuit,Unknown,1,8-1,4,Jr.,1
2009,"Milavetz, Gallop & Milavetz, P.A. v. United States",08-1119,8th Circuit,Unknown,1,8-1,4,Stevens,1
2009,"Milavetz, Gallop & Milavetz, P.A. v. United States",08-1119,8th Circuit,Unknown,1,8-1,4,Kennedy,1
2009,"Milavetz, Gallop & Milavetz, P.A. v. United States",08-1119,8th Circuit,Unknown,1,8-1,4,Ginsburg,1
2009,"Milavetz, Gallop & Milavetz, P.A. v. United States",08-1119,8th Circuit,Unknown,1,8-1,4,Breyer,1
2009,"Milavetz, Gallop & Milavetz, P.A. v. United States",08-1119,8th Circuit,Unknown,1,8-1,4,Jr.,1
2009,"Milavetz, Gallop & Milavetz, P.A. v. United States",08-1119,8th Circuit,Unknown,1,8-1,4,Scalia,1
2009,"Milavetz, Gallop & Milavetz, P.A. v. United States",08-1119,8th Circuit,Unknown,1,8-1,4,Thomas,1
2009,"Rent-A-Center West, Inc. v. Jackson",09-497,9th Circuit,Unknown,1,5-4,4,Jr.,1
2009,"Rent-A-Center West, Inc. v. Jackson",09-497,9th Circuit,Unknown,1,5-4,4,Stevens,0
2009,"Rent-A-Center West, Inc. v. Jackson",09-497,9th Circuit,Unknown,1,5-4,4,Scalia,1
2009,"Rent-A-Center West, Inc. v. Jackson",09-497,9th Circuit,Unknown,1,5-4,4,Kennedy,1
2009,"Rent-A-Center West, Inc. v. Jackson",09-497,9th Circuit,Unknown,1,5-4,4,Thomas,1
2009,"Rent-A-Center West, Inc. v. Jackson",09-497,9th Circuit,Unknown,1,5-4,4,Ginsburg,0
2009,"Rent-A-Center West, Inc. v. Jackson",09-497,9th Circuit,Unknown,1,5-4,4,Breyer,0
2009,"Rent-A-Center West, Inc. v. Jackson",09-497,9th Circuit,Unknown,1,5-4,4,Jr.,1
2009,"Rent-A-Center West, Inc. v. Jackson",09-497,9th Circuit,Unknown,1,5-4,4,Sotomayor,0
2009,New Process Steel v. NLRB,08-1457,7th Circuit,Unknown,1,5-4,4,Jr.,1
2009,New Process Steel v. NLRB,08-1457,7th Circuit,Unknown,1,5-4,4,Stevens,1
2009,New Process Steel v. NLRB,08-1457,7th Circuit,Unknown,1,5-4,4,Scalia,1
2009,New Process Steel v. NLRB,08-1457,7th Circuit,Unknown,1,5-4,4,Kennedy,0
2009,New Process Steel v. NLRB,08-1457,7th Circuit,Unknown,1,5-4,4,Thomas,1
2009,New Process Steel v. NLRB,08-1457,7th Circuit,Unknown,1,5-4,4,Ginsburg,0
2009,New Process Steel v. NLRB,08-1457,7th Circuit,Unknown,1,5-4,4,Breyer,0
2009,New Process Steel v. NLRB,08-1457,7th Circuit,Unknown,1,5-4,4,Jr.,1
2009,New Process Steel v. NLRB,08-1457,7th Circuit,Unknown,1,5-4,4,Sotomayor,0
2009,"Levin v. Commerce Energy, Inc.",09-223,6th Circuit,Unknown,1,9-0,4,Jr.,1
2009,"Levin v. Commerce Energy, Inc.",09-223,6th Circuit,Unknown,1,9-0,4,Stevens,1
2009,"Levin v. Commerce Energy, Inc.",09-223,6th Circuit,Unknown,1,9-0,4,Scalia,1
2009,"Levin v. Commerce Energy, Inc.",09-223,6th Circuit,Unknown,1,9-0,4,Kennedy,1
2009,"Levin v. Commerce Energy, Inc.",09-223,6th Circuit,Unknown,1,9-0,4,Thomas,1
2009,"Levin v. Commerce Energy, Inc.",09-223,6th Circuit,Unknown,1,9-0,4,Ginsburg,1
2009,"Levin v. Commerce Energy, Inc.",09-223,6th Circuit,Unknown,1,9-0,4,Breyer,1
2009,"Levin v. Commerce Energy, Inc.",09-223,6th Circuit,Unknown,1,9-0,4,Jr.,1
2009,"Levin v. Commerce Energy, Inc.",09-223,6th Circuit,Unknown,1,9-0,4,Sotomayor,1
2009,Briscoe v. Virginia,07-11191,State Supreme Court,Unknown,1,9-0,4,Jr.,1
2009,Briscoe v. Virginia,07-11191,State Supreme Court,Unknown,1,9-0,4,Stevens,1
2009,Briscoe v. Virginia,07-11191,State Supreme Court,Unknown,1,9-0,4,Scalia,1
2009,Briscoe v. Virginia,07-11191,State Supreme Court,Unknown,1,9-0,4,Kennedy,1
2009,Briscoe v. Virginia,07-11191,State Supreme Court,Unknown,1,9-0,4,Thomas,1
2009,Briscoe v. Virginia,07-11191,State Supreme Court,Unknown,1,9-0,4,Ginsburg,1
2009,Briscoe v. Virginia,07-11191,State Supreme Court,Unknown,1,9-0,4,Breyer,1
2009,Briscoe v. Virginia,07-11191,State Supreme Court,Unknown,1,9-0,4,Jr.,1
2009,Briscoe v. Virginia,07-11191,State Supreme Court,Unknown,1,9-0,4,Sotomayor,1
2009,Florida v. Powell,08-1175,Other,Unknown,1,7-2,4,Jr.,1
2009,Florida v. Powell,08-1175,Other,Unknown,1,7-2,4,Stevens,0
2009,Florida v. Powell,08-1175,Other,Unknown,1,7-2,4,Scalia,1
2009,Florida v. Powell,08-1175,Other,Unknown,1,7-2,4,Kennedy,1
2009,Florida v. Powell,08-1175,Other,Unknown,1,7-2,4,Thomas,1
2009,Florida v. Powell,08-1175,Other,Unknown,1,7-2,4,Ginsburg,1
2009,Florida v. Powell,08-1175,Other,Unknown,1,7-2,4,Breyer,0
2009,Florida v. Powell,08-1175,Other,Unknown,1,7-2,4,Jr.,1
2009,Florida v. Powell,08-1175,Other,Unknown,1,7-2,4,Sotomayor,1
2009,Wilkins v. Gaddy,08-10914,4th Circuit,Unknown,1,9-0,4,Jr.,1
2009,Wilkins v. Gaddy,08-10914,4th Circuit,Unknown,1,9-0,4,Stevens,1
2009,Wilkins v. Gaddy,08-10914,4th Circuit,Unknown,1,9-0,4,Scalia,1
2009,Wilkins v. Gaddy,08-10914,4th Circuit,Unknown,1,9-0,4,Kennedy,1
2009,Wilkins v. Gaddy,08-10914,4th Circuit,Unknown,1,9-0,4,Thomas,1
2009,Wilkins v. Gaddy,08-10914,4th Circuit,Unknown,1,9-0,4,Ginsburg,1
2009,Wilkins v. Gaddy,08-10914,4th Circuit,Unknown,1,9-0,4,Breyer,1
2009,Wilkins v. Gaddy,08-10914,4th Circuit,Unknown,1,9-0,4,Jr.,1
2009,Wilkins v. Gaddy,08-10914,4th Circuit,Unknown,1,9-0,4,Sotomayor,1
2009,Perdue v. Kenny A.,08-970,11th Circuit,Unknown,1,5-4,4,Jr.,1
2009,Perdue v. Kenny A.,08-970,11th Circuit,Unknown,1,5-4,4,Stevens,0
2009,Perdue v. Kenny A.,08-970,11th Circuit,Unknown,1,5-4,4,Scalia,1
2009,Perdue v. Kenny A.,08-970,11th Circuit,Unknown,1,5-4,4,Kennedy,1
2009,Perdue v. Kenny A.,08-970,11th Circuit,Unknown,1,5-4,4,Thomas,1
2009,Perdue v. Kenny A.,08-970,11th Circuit,Unknown,1,5-4,4,Ginsburg,0
2009,Perdue v. Kenny A.,08-970,11th Circuit,Unknown,1,5-4,4,Breyer,0
2009,Perdue v. Kenny A.,08-970,11th Circuit,Unknown,1,5-4,4,Jr.,1
2009,Perdue v. Kenny A.,08-970,11th Circuit,Unknown,1,5-4,4,Sotomayor,0
2009,Jefferson v. Upton,09-8852,11th Circuit,Unknown,1,7-2,4,Jr.,1
2009,Jefferson v. Upton,09-8852,11th Circuit,Unknown,1,7-2,4,Stevens,1
2009,Jefferson v. Upton,09-8852,11th Circuit,Unknown,1,7-2,4,Scalia,0
2009,Jefferson v. Upton,09-8852,11th Circuit,Unknown,1,7-2,4,Kennedy,1
2009,Jefferson v. Upton,09-8852,11th Circuit,Unknown,1,7-2,4,Thomas,0
2009,Jefferson v. Upton,09-8852,11th Circuit,Unknown,1,7-2,4,Ginsburg,1
2009,Jefferson v. Upton,09-8852,11th Circuit,Unknown,1,7-2,4,Breyer,1
2009,Jefferson v. Upton,09-8852,11th Circuit,Unknown,1,7-2,4,Jr.,1
2009,Jefferson v. Upton,09-8852,11th Circuit,Unknown,1,7-2,4,Sotomayor,1
2009,Stolt-Nielsen v. Animalfeeds International Corp.,08-1198,2nd Circuit,Unknown,1,5-4,4,Jr.,1
2009,Stolt-Nielsen v. Animalfeeds International Corp.,08-1198,2nd Circuit,Unknown,1,5-4,4,Stevens,0
2009,Stolt-Nielsen v. Animalfeeds International Corp.,08-1198,2nd Circuit,Unknown,1,5-4,4,Scalia,1
2009,Stolt-Nielsen v. Animalfeeds International Corp.,08-1198,2nd Circuit,Unknown,1,5-4,4,Kennedy,1
2009,Stolt-Nielsen v. Animalfeeds International Corp.,08-1198,2nd Circuit,Unknown,1,5-4,4,Thomas,1
2009,Stolt-Nielsen v. Animalfeeds International Corp.,08-1198,2nd Circuit,Unknown,1,5-4,4,Ginsburg,0
2009,Stolt-Nielsen v. Animalfeeds International Corp.,08-1198,2nd Circuit,Unknown,1,5-4,4,Breyer,0
2009,Stolt-Nielsen v. Animalfeeds International Corp.,08-1198,2nd Circuit,Unknown,1,5-4,4,Jr.,1
2009,Stolt-Nielsen v. Animalfeeds International Corp.,08-1198,2nd Circuit,Unknown,1,5-4,4,Sotomayor,0
2009,Salazar v. Buono,08-472,9th Circuit,Unknown,1,5-4,4,Jr.,1
2009,Salazar v. Buono,08-472,9th Circuit,Unknown,1,5-4,4,Stevens,0
2009,Salazar v. Buono,08-472,9th Circuit,Unknown,1,5-4,4,Scalia,1
2009,Salazar v. Buono,08-472,9th Circuit,Unknown,1,5-4,4,Kennedy,1
2009,Salazar v. Buono,08-472,9th Circuit,Unknown,1,5-4,4,Thomas,1
2009,Salazar v. Buono,08-472,9th Circuit,Unknown,1,5-4,4,Ginsburg,0
2009,Salazar v. Buono,08-472,9th Circuit,Unknown,1,5-4,4,Breyer,0
2009,Salazar v. Buono,08-472,9th Circuit,Unknown,1,5-4,4,Jr.,1
2009,Salazar v. Buono,08-472,9th Circuit,Unknown,1,5-4,4,Sotomayor,0
2009,Smith v. Spisak,08-724,6th Circuit,Unknown,1,9-0,4,Breyer,1
2009,Smith v. Spisak,08-724,6th Circuit,Unknown,1,9-0,4,Jr.,1
2009,Smith v. Spisak,08-724,6th Circuit,Unknown,1,9-0,4,Scalia,1
2009,Smith v. Spisak,08-724,6th Circuit,Unknown,1,9-0,4,Kennedy,1
2009,Smith v. Spisak,08-724,6th Circuit,Unknown,1,9-0,4,Thomas,1
2009,Smith v. Spisak,08-724,6th Circuit,Unknown,1,9-0,4,Ginsburg,1
2009,Smith v. Spisak,08-724,6th Circuit,Unknown,1,9-0,4,Jr.,1
2009,Smith v. Spisak,08-724,6th Circuit,Unknown,1,9-0,4,Sotomayor,1
2009,Smith v. Spisak,08-724,6th Circuit,Unknown,1,9-0,4,Stevens,1
2009,Padilla v. Kentucky,08-651,Other,Unknown,1,7-2,4,Jr.,1
2009,Padilla v. Kentucky,08-651,Other,Unknown,1,7-2,4,Stevens,1
2009,Padilla v. Kentucky,08-651,Other,Unknown,1,7-2,4,Scalia,0
2009,Padilla v. Kentucky,08-651,Other,Unknown,1,7-2,4,Kennedy,1
2009,Padilla v. Kentucky,08-651,Other,Unknown,1,7-2,4,Thomas,0
2009,Padilla v. Kentucky,08-651,Other,Unknown,1,7-2,4,Ginsburg,1
2009,Padilla v. Kentucky,08-651,Other,Unknown,1,7-2,4,Breyer,1
2009,Padilla v. Kentucky,08-651,Other,Unknown,1,7-2,4,Jr.,1
2009,Padilla v. Kentucky,08-651,Other,Unknown,1,7-2,4,Sotomayor,1
2009,Jones v. Harris Associates L.P.,08-586,7th Circuit,Unknown,1,9-0,4,Jr.,1
2009,Jones v. Harris Associates L.P.,08-586,7th Circuit,Unknown,1,9-0,4,Stevens,1
2009,Jones v. Harris Associates L.P.,08-586,7th Circuit,Unknown,1,9-0,4,Scalia,1
2009,Jones v. Harris Associates L.P.,08-586,7th Circuit,Unknown,1,9-0,4,Kennedy,1
2009,Jones v. Harris Associates L.P.,08-586,7th Circuit,Unknown,1,9-0,4,Thomas,1
2009,Jones v. Harris Associates L.P.,08-586,7th Circuit,Unknown,1,9-0,4,Ginsburg,1
2009,Jones v. Harris Associates L.P.,08-586,7th Circuit,Unknown,1,9-0,4,Breyer,1
2009,Jones v. Harris Associates L.P.,08-586,7th Circuit,Unknown,1,9-0,4,Jr.,1
2009,Jones v. Harris Associates L.P.,08-586,7th Circuit,Unknown,1,9-0,4,Sotomayor,1
2009,Thaler v. Haynes,09-273,5th Circuit,Unknown,1,9-0,4,Jr.,1
2009,Thaler v. Haynes,09-273,5th Circuit,Unknown,1,9-0,4,Stevens,1
2009,Thaler v. Haynes,09-273,5th Circuit,Unknown,1,9-0,4,Scalia,1
2009,Thaler v. Haynes,09-273,5th Circuit,Unknown,1,9-0,4,Kennedy,1
2009,Thaler v. Haynes,09-273,5th Circuit,Unknown,1,9-0,4,Thomas,1
2009,Thaler v. Haynes,09-273,5th Circuit,Unknown,1,9-0,4,Ginsburg,1
2009,Thaler v. Haynes,09-273,5th Circuit,Unknown,1,9-0,4,Breyer,1
2009,Thaler v. Haynes,09-273,5th Circuit,Unknown,1,9-0,4,Jr.,1
2009,Thaler v. Haynes,09-273,5th Circuit,Unknown,1,9-0,4,Sotomayor,1
2009,Carachuri-Rosendo v. Holder,09-60,5th Circuit,Unknown,1,9-0,4,Jr.,1
2009,Carachuri-Rosendo v. Holder,09-60,5th Circuit,Unknown,1,9-0,4,Stevens,1
2009,Carachuri-Rosendo v. Holder,09-60,5th Circuit,Unknown,1,9-0,4,Scalia,1
2009,Carachuri-Rosendo v. Holder,09-60,5th Circuit,Unknown,1,9-0,4,Kennedy,1
2009,Carachuri-Rosendo v. Holder,09-60,5th Circuit,Unknown,1,9-0,4,Thomas,1
2009,Carachuri-Rosendo v. Holder,09-60,5th Circuit,Unknown,1,9-0,4,Ginsburg,1
2009,Carachuri-Rosendo v. Holder,09-60,5th Circuit,Unknown,1,9-0,4,Breyer,1
2009,Carachuri-Rosendo v. Holder,09-60,5th Circuit,Unknown,1,9-0,4,Jr.,1
2009,Carachuri-Rosendo v. Holder,09-60,5th Circuit,Unknown,1,9-0,4,Sotomayor,1
2009,Beard v. Kindler,08-992,3rd Circuit,Unknown,1,8-1,4,Jr.,1
2009,Beard v. Kindler,08-992,3rd Circuit,Unknown,1,8-1,4,Stevens,1
2009,Beard v. Kindler,08-992,3rd Circuit,Unknown,1,8-1,4,Scalia,1
2009,Beard v. Kindler,08-992,3rd Circuit,Unknown,1,8-1,4,Kennedy,1
2009,Beard v. Kindler,08-992,3rd Circuit,Unknown,1,8-1,4,Thomas,1
2009,Beard v. Kindler,08-992,3rd Circuit,Unknown,1,8-1,4,Ginsburg,1
2009,Beard v. Kindler,08-992,3rd Circuit,Unknown,1,8-1,4,Breyer,1
2009,Beard v. Kindler,08-992,3rd Circuit,Unknown,1,8-1,4,Sotomayor,1
2009,United States v. Marcus,08-1341,2nd Circuit,Unknown,1,7-2,4,Jr.,1
2009,United States v. Marcus,08-1341,2nd Circuit,Unknown,1,7-2,4,Stevens,0
2009,United States v. Marcus,08-1341,2nd Circuit,Unknown,1,7-2,4,Scalia,1
2009,United States v. Marcus,08-1341,2nd Circuit,Unknown,1,7-2,4,Kennedy,1
2009,United States v. Marcus,08-1341,2nd Circuit,Unknown,1,7-2,4,Thomas,1
2009,United States v. Marcus,08-1341,2nd Circuit,Unknown,1,7-2,4,Ginsburg,1
2009,United States v. Marcus,08-1341,2nd Circuit,Unknown,1,7-2,4,Breyer,1
2009,United States v. Marcus,08-1341,2nd Circuit,Unknown,1,7-2,4,Jr.,1
2009,United States v. Marcus,08-1341,2nd Circuit,Unknown,1,7-2,4,Sotomayor,0
2009,Black v. United States,08-876,7th Circuit,Unknown,1,9-0,4,Jr.,1
2009,Black v. United States,08-876,7th Circuit,Unknown,1,9-0,4,Stevens,1
2009,Black v. United States,08-876,7th Circuit,Unknown,1,9-0,4,Scalia,1
2009,Black v. United States,08-876,7th Circuit,Unknown,1,9-0,4,Kennedy,1
2009,Black v. United States,08-876,7th Circuit,Unknown,1,9-0,4,Thomas,1
2009,Black v. United States,08-876,7th Circuit,Unknown,1,9-0,4,Ginsburg,1
2009,Black v. United States,08-876,7th Circuit,Unknown,1,9-0,4,Breyer,1
2009,Black v. United States,08-876,7th Circuit,Unknown,1,9-0,4,Jr.,1
2009,Black v. United States,08-876,7th Circuit,Unknown,1,9-0,4,Sotomayor,1
2009,Magwood v. Patterson,09-158,11th Circuit,Unknown,1,5-4,4,Jr.,0
2009,Magwood v. Patterson,09-158,11th Circuit,Unknown,1,5-4,4,Stevens,1
2009,Magwood v. Patterson,09-158,11th Circuit,Unknown,1,5-4,4,Scalia,1
2009,Magwood v. Patterson,09-158,11th Circuit,Unknown,1,5-4,4,Kennedy,0
2009,Magwood v. Patterson,09-158,11th Circuit,Unknown,1,5-4,4,Thomas,1
2009,Magwood v. Patterson,09-158,11th Circuit,Unknown,1,5-4,4,Ginsburg,0
2009,Magwood v. Patterson,09-158,11th Circuit,Unknown,1,5-4,4,Breyer,1
2009,Magwood v. Patterson,09-158,11th Circuit,Unknown,1,5-4,4,Jr.,0
2009,Magwood v. Patterson,09-158,11th Circuit,Unknown,1,5-4,4,Sotomayor,1
2009,Hardt v. Reliance Standard Life Ins. Co.,09-448,4th Circuit,Unknown,1,9-0,4,Jr.,1
2009,Hardt v. Reliance Standard Life Ins. Co.,09-448,4th Circuit,Unknown,1,9-0,4,Stevens,1
2009,Hardt v. Reliance Standard Life Ins. Co.,09-448,4th Circuit,Unknown,1,9-0,4,Scalia,1
2009,Hardt v. Reliance Standard Life Ins. Co.,09-448,4th Circuit,Unknown,1,9-0,4,Kennedy,1
2009,Hardt v. Reliance Standard Life Ins. Co.,09-448,4th Circuit,Unknown,1,9-0,4,Thomas,1
2009,Hardt v. Reliance Standard Life Ins. Co.,09-448,4th Circuit,Unknown,1,9-0,4,Ginsburg,1
2009,Hardt v. Reliance Standard Life Ins. Co.,09-448,4th Circuit,Unknown,1,9-0,4,Breyer,1
2009,Hardt v. Reliance Standard Life Ins. Co.,09-448,4th Circuit,Unknown,1,9-0,4,Jr.,1
2009,Hardt v. Reliance Standard Life Ins. Co.,09-448,4th Circuit,Unknown,1,9-0,4,Sotomayor,1
2009,"Mohawk Industries, Inc. v. Carpenter",08-678,11th Circuit,Unknown,0,9-0,4,Sotomayor,1
2009,"Mohawk Industries, Inc. v. Carpenter",08-678,11th Circuit,Unknown,0,9-0,4,Jr.,1
2009,"Mohawk Industries, Inc. v. Carpenter",08-678,11th Circuit,Unknown,0,9-0,4,Stevens,1
2009,"Mohawk Industries, Inc. v. Carpenter",08-678,11th Circuit,Unknown,0,9-0,4,Kennedy,1
2009,"Mohawk Industries, Inc. v. Carpenter",08-678,11th Circuit,Unknown,0,9-0,4,Ginsburg,1
2009,"Mohawk Industries, Inc. v. Carpenter",08-678,11th Circuit,Unknown,0,9-0,4,Breyer,1
2009,"Mohawk Industries, Inc. v. Carpenter",08-678,11th Circuit,Unknown,0,9-0,4,Jr.,1
2009,"Mohawk Industries, Inc. v. Carpenter",08-678,11th Circuit,Unknown,0,9-0,4,Thomas,1
2009,"Mohawk Industries, Inc. v. Carpenter",08-678,11th Circuit,Unknown,0,9-0,4,Scalia,1
2009,"Krupski v. Costa Crociere, S.p.A.",09-337,11th Circuit,Unknown,1,9-0,4,Jr.,1
2009,"Krupski v. Costa Crociere, S.p.A.",09-337,11th Circuit,Unknown,1,9-0,4,Stevens,1
2009,"Krupski v. Costa Crociere, S.p.A.",09-337,11th Circuit,Unknown,1,9-0,4,Scalia,1
2009,"Krupski v. Costa Crociere, S.p.A.",09-337,11th Circuit,Unknown,1,9-0,4,Kennedy,1
2009,"Krupski v. Costa Crociere, S.p.A.",09-337,11th Circuit,Unknown,1,9-0,4,Thomas,1
2009,"Krupski v. Costa Crociere, S.p.A.",09-337,11th Circuit,Unknown,1,9-0,4,Ginsburg,1
2009,"Krupski v. Costa Crociere, S.p.A.",09-337,11th Circuit,Unknown,1,9-0,4,Breyer,1
2009,"Krupski v. Costa Crociere, S.p.A.",09-337,11th Circuit,Unknown,1,9-0,4,Jr.,1
2009,"Krupski v. Costa Crociere, S.p.A.",09-337,11th Circuit,Unknown,1,9-0,4,Sotomayor,1
2009,Kawasaki Kisen Kaisha Ltd. v. Regal-Beloit Corp.,08-1553,9th Circuit,Unknown,1,6-3,4,Jr.,1
2009,Kawasaki Kisen Kaisha Ltd. v. Regal-Beloit Corp.,08-1553,9th Circuit,Unknown,1,6-3,4,Stevens,0
2009,Kawasaki Kisen Kaisha Ltd. v. Regal-Beloit Corp.,08-1553,9th Circuit,Unknown,1,6-3,4,Scalia,1
2009,Kawasaki Kisen Kaisha Ltd. v. Regal-Beloit Corp.,08-1553,9th Circuit,Unknown,1,6-3,4,Kennedy,1
2009,Kawasaki Kisen Kaisha Ltd. v. Regal-Beloit Corp.,08-1553,9th Circuit,Unknown,1,6-3,4,Thomas,1
2009,Kawasaki Kisen Kaisha Ltd. v. Regal-Beloit Corp.,08-1553,9th Circuit,Unknown,1,6-3,4,Ginsburg,0
2009,Kawasaki Kisen Kaisha Ltd. v. Regal-Beloit Corp.,08-1553,9th Circuit,Unknown,1,6-3,4,Breyer,1
2009,Kawasaki Kisen Kaisha Ltd. v. Regal-Beloit Corp.,08-1553,9th Circuit,Unknown,1,6-3,4,Jr.,1
2009,Kawasaki Kisen Kaisha Ltd. v. Regal-Beloit Corp.,08-1553,9th Circuit,Unknown,1,6-3,4,Sotomayor,0
2009,Hemi Group LLC v. City of New York,08-969,2nd Circuit,Unknown,1,5-4,4,Jr.,1
2009,Hemi Group LLC v. City of New York,08-969,2nd Circuit,Unknown,1,5-4,4,Stevens,0
2009,Hemi Group LLC v. City of New York,08-969,2nd Circuit,Unknown,1,5-4,4,Scalia,1
2009,Hemi Group LLC v. City of New York,08-969,2nd Circuit,Unknown,1,5-4,4,Kennedy,0
2009,Hemi Group LLC v. City of New York,08-969,2nd Circuit,Unknown,1,5-4,4,Thomas,1
2009,Hemi Group LLC v. City of New York,08-969,2nd Circuit,Unknown,1,5-4,4,Ginsburg,1
2009,Hemi Group LLC v. City of New York,08-969,2nd Circuit,Unknown,1,5-4,4,Breyer,0
2009,Hemi Group LLC v. City of New York,08-969,2nd Circuit,Unknown,1,5-4,4,Jr.,1
2009,Hemi Group LLC v. City of New York,08-969,2nd Circuit,Unknown,1,5-4,4,Sotomayor,0
2009,Hui v. Castaneda,08-1529,9th Circuit,Unknown,1,9-0,4,Jr.,1
2009,Hui v. Castaneda,08-1529,9th Circuit,Unknown,1,9-0,4,Stevens,1
2009,Hui v. Castaneda,08-1529,9th Circuit,Unknown,1,9-0,4,Scalia,1
2009,Hui v. Castaneda,08-1529,9th Circuit,Unknown,1,9-0,4,Kennedy,1
2009,Hui v. Castaneda,08-1529,9th Circuit,Unknown,1,9-0,4,Thomas,1
2009,Hui v. Castaneda,08-1529,9th Circuit,Unknown,1,9-0,4,Ginsburg,1
2009,Hui v. Castaneda,08-1529,9th Circuit,Unknown,1,9-0,4,Breyer,1
2009,Hui v. Castaneda,08-1529,9th Circuit,Unknown,1,9-0,4,Jr.,1
2009,Hui v. Castaneda,08-1529,9th Circuit,Unknown,1,9-0,4,Sotomayor,1
2009,"Shady Grove Orthopedic Associates, P.A. v. Allstate Insurance Co.",08-1008,2nd Circuit,Unknown,1,5-4,4,Jr.,1
2009,"Shady Grove Orthopedic Associates, P.A. v. Allstate Insurance Co.",08-1008,2nd Circuit,Unknown,1,5-4,4,Stevens,1
2009,"Shady Grove Orthopedic Associates, P.A. v. Allstate Insurance Co.",08-1008,2nd Circuit,Unknown,1,5-4,4,Scalia,1
2009,"Shady Grove Orthopedic Associates, P.A. v. Allstate Insurance Co.",08-1008,2nd Circuit,Unknown,1,5-4,4,Kennedy,0
2009,"Shady Grove Orthopedic Associates, P.A. v. Allstate Insurance Co.",08-1008,2nd Circuit,Unknown,1,5-4,4,Thomas,1
2009,"Shady Grove Orthopedic Associates, P.A. v. Allstate Insurance Co.",08-1008,2nd Circuit,Unknown,1,5-4,4,Ginsburg,0
2009,"Shady Grove Orthopedic Associates, P.A. v. Allstate Insurance Co.",08-1008,2nd Circuit,Unknown,1,5-4,4,Breyer,0
2009,"Shady Grove Orthopedic Associates, P.A. v. Allstate Insurance Co.",08-1008,2nd Circuit,Unknown,1,5-4,4,Jr.,0
2009,"Shady Grove Orthopedic Associates, P.A. v. Allstate Insurance Co.",08-1008,2nd Circuit,Unknown,1,5-4,4,Sotomayor,1
2009,Conkright v. Frommert,08-810,2nd Circuit,Unknown,1,5-4,4,Jr.,1
2009,Conkright v. Frommert,08-810,2nd Circuit,Unknown,1,5-4,4,Stevens,0
2009,Conkright v. Frommert,08-810,2nd Circuit,Unknown,1,5-4,4,Scalia,1
2009,Conkright v. Frommert,08-810,2nd Circuit,Unknown,1,5-4,4,Kennedy,1
2009,Conkright v. Frommert,08-810,2nd Circuit,Unknown,1,5-4,4,Thomas,1
2009,Conkright v. Frommert,08-810,2nd Circuit,Unknown,1,5-4,4,Ginsburg,0
2009,Conkright v. Frommert,08-810,2nd Circuit,Unknown,1,5-4,4,Breyer,0
2009,Conkright v. Frommert,08-810,2nd Circuit,Unknown,1,5-4,4,Jr.,1
2009,Conkright v. Frommert,08-810,2nd Circuit,Unknown,1,5-4,4,Sotomayor,0
2009,Graham County Soil and Water Conservation District v. United States,08-304,4th Circuit,Unknown,1,7-2,4,Jr.,1
2009,Graham County Soil and Water Conservation District v. United States,08-304,4th Circuit,Unknown,1,7-2,4,Stevens,1
2009,Graham County Soil and Water Conservation District v. United States,08-304,4th Circuit,Unknown,1,7-2,4,Scalia,1
2009,Graham County Soil and Water Conservation District v. United States,08-304,4th Circuit,Unknown,1,7-2,4,Kennedy,1
2009,Graham County Soil and Water Conservation District v. United States,08-304,4th Circuit,Unknown,1,7-2,4,Thomas,1
2009,Graham County Soil and Water Conservation District v. United States,08-304,4th Circuit,Unknown,1,7-2,4,Ginsburg,1
2009,Graham County Soil and Water Conservation District v. United States,08-304,4th Circuit,Unknown,1,7-2,4,Breyer,0
2009,Graham County Soil and Water Conservation District v. United States,08-304,4th Circuit,Unknown,1,7-2,4,Jr.,1
2009,Graham County Soil and Water Conservation District v. United States,08-304,4th Circuit,Unknown,1,7-2,4,Sotomayor,0
2009,Schwab v. Reilly,08-538,3rd Circuit,Unknown,1,6-3,4,Jr.,0
2009,Schwab v. Reilly,08-538,3rd Circuit,Unknown,1,6-3,4,Stevens,1
2009,Schwab v. Reilly,08-538,3rd Circuit,Unknown,1,6-3,4,Scalia,1
2009,Schwab v. Reilly,08-538,3rd Circuit,Unknown,1,6-3,4,Kennedy,1
2009,Schwab v. Reilly,08-538,3rd Circuit,Unknown,1,6-3,4,Thomas,1
2009,Schwab v. Reilly,08-538,3rd Circuit,Unknown,1,6-3,4,Ginsburg,0
2009,Schwab v. Reilly,08-538,3rd Circuit,Unknown,1,6-3,4,Breyer,0
2009,Schwab v. Reilly,08-538,3rd Circuit,Unknown,1,6-3,4,Jr.,1
2009,Schwab v. Reilly,08-538,3rd Circuit,Unknown,1,6-3,4,Sotomayor,1
2009,Kiyemba v. Obama,08-1234,Other,Unknown,1,9-0,4,Jr.,1
2009,Kiyemba v. Obama,08-1234,Other,Unknown,1,9-0,4,Stevens,1
2009,Kiyemba v. Obama,08-1234,Other,Unknown,1,9-0,4,Scalia,1
2009,Kiyemba v. Obama,08-1234,Other,Unknown,1,9-0,4,Kennedy,1
2009,Kiyemba v. Obama,08-1234,Other,Unknown,1,9-0,4,Thomas,1
2009,Kiyemba v. Obama,08-1234,Other,Unknown,1,9-0,4,Ginsburg,1
2009,Kiyemba v. Obama,08-1234,Other,Unknown,1,9-0,4,Breyer,1
2009,Kiyemba v. Obama,08-1234,Other,Unknown,1,9-0,4,Jr.,1
2009,Kiyemba v. Obama,08-1234,Other,Unknown,1,9-0,4,Sotomayor,1
2009,McDonald v. Chicago,08-1521,7th Circuit,Unknown,1,5-4,4,Jr.,1
2009,McDonald v. Chicago,08-1521,7th Circuit,Unknown,1,5-4,4,Stevens,0
2009,McDonald v. Chicago,08-1521,7th Circuit,Unknown,1,5-4,4,Scalia,1
2009,McDonald v. Chicago,08-1521,7th Circuit,Unknown,1,5-4,4,Kennedy,1
2009,McDonald v. Chicago,08-1521,7th Circuit,Unknown,1,5-4,4,Thomas,1
2009,McDonald v. Chicago,08-1521,7th Circuit,Unknown,1,5-4,4,Ginsburg,0
2009,McDonald v. Chicago,08-1521,7th Circuit,Unknown,1,5-4,4,Breyer,0
2009,McDonald v. Chicago,08-1521,7th Circuit,Unknown,1,5-4,4,Jr.,1
2009,McDonald v. Chicago,08-1521,7th Circuit,Unknown,1,5-4,4,Sotomayor,0
2009,Maryland v. Shatzer,08-680,Other,Unknown,1,9-0,4,Jr.,1
2009,Maryland v. Shatzer,08-680,Other,Unknown,1,9-0,4,Stevens,1
2009,Maryland v. Shatzer,08-680,Other,Unknown,1,9-0,4,Scalia,1
2009,Maryland v. Shatzer,08-680,Other,Unknown,1,9-0,4,Kennedy,1
2009,Maryland v. Shatzer,08-680,Other,Unknown,1,9-0,4,Thomas,1
2009,Maryland v. Shatzer,08-680,Other,Unknown,1,9-0,4,Ginsburg,1
2009,Maryland v. Shatzer,08-680,Other,Unknown,1,9-0,4,Breyer,1
2009,Maryland v. Shatzer,08-680,Other,Unknown,1,9-0,4,Jr.,1
2009,Maryland v. Shatzer,08-680,Other,Unknown,1,9-0,4,Sotomayor,1
2009,Granite Rock Co. v. International Brotherhood of Teamsters,08-1214,9th Circuit,Unknown,1,7-2,4,Jr.,1
2009,Granite Rock Co. v. International Brotherhood of Teamsters,08-1214,9th Circuit,Unknown,1,7-2,4,Stevens,0
2009,Granite Rock Co. v. International Brotherhood of Teamsters,08-1214,9th Circuit,Unknown,1,7-2,4,Scalia,1
2009,Granite Rock Co. v. International Brotherhood of Teamsters,08-1214,9th Circuit,Unknown,1,7-2,4,Kennedy,1
2009,Granite Rock Co. v. International Brotherhood of Teamsters,08-1214,9th Circuit,Unknown,1,7-2,4,Thomas,1
2009,Granite Rock Co. v. International Brotherhood of Teamsters,08-1214,9th Circuit,Unknown,1,7-2,4,Ginsburg,1
2009,Granite Rock Co. v. International Brotherhood of Teamsters,08-1214,9th Circuit,Unknown,1,7-2,4,Breyer,1
2009,Granite Rock Co. v. International Brotherhood of Teamsters,08-1214,9th Circuit,Unknown,1,7-2,4,Jr.,1
2009,Granite Rock Co. v. International Brotherhood of Teamsters,08-1214,9th Circuit,Unknown,1,7-2,4,Sotomayor,0
2009,Berghuis v. Thompkins,08-1470,6th Circuit,Unknown,1,5-4,4,Jr.,1
2009,Berghuis v. Thompkins,08-1470,6th Circuit,Unknown,1,5-4,4,Stevens,0
2009,Berghuis v. Thompkins,08-1470,6th Circuit,Unknown,1,5-4,4,Scalia,1
2009,Berghuis v. Thompkins,08-1470,6th Circuit,Unknown,1,5-4,4,Kennedy,1
2009,Berghuis v. Thompkins,08-1470,6th Circuit,Unknown,1,5-4,4,Thomas,1
2009,Berghuis v. Thompkins,08-1470,6th Circuit,Unknown,1,5-4,4,Ginsburg,0
2009,Berghuis v. Thompkins,08-1470,6th Circuit,Unknown,1,5-4,4,Breyer,0
2009,Berghuis v. Thompkins,08-1470,6th Circuit,Unknown,1,5-4,4,Jr.,1
2009,Berghuis v. Thompkins,08-1470,6th Circuit,Unknown,1,5-4,4,Sotomayor,0
2009,Kucana v. Holder,08-911,7th Circuit,Unknown,1,9-0,4,Jr.,1
2009,Kucana v. Holder,08-911,7th Circuit,Unknown,1,9-0,4,Stevens,1
2009,Kucana v. Holder,08-911,7th Circuit,Unknown,1,9-0,4,Scalia,1
2009,Kucana v. Holder,08-911,7th Circuit,Unknown,1,9-0,4,Kennedy,1
2009,Kucana v. Holder,08-911,7th Circuit,Unknown,1,9-0,4,Thomas,1
2009,Kucana v. Holder,08-911,7th Circuit,Unknown,1,9-0,4,Ginsburg,1
2009,Kucana v. Holder,08-911,7th Circuit,Unknown,1,9-0,4,Breyer,1
2009,Kucana v. Holder,08-911,7th Circuit,Unknown,1,9-0,4,Jr.,1
2009,Kucana v. Holder,08-911,7th Circuit,Unknown,1,9-0,4,Sotomayor,1
2009,Free Enterprise Fund v. Public Company Oversight Board,08-861,Other,Unknown,1,5-4,4,Jr.,1
2009,Free Enterprise Fund v. Public Company Oversight Board,08-861,Other,Unknown,1,5-4,4,Stevens,0
2009,Free Enterprise Fund v. Public Company Oversight Board,08-861,Other,Unknown,1,5-4,4,Scalia,1
2009,Free Enterprise Fund v. Public Company Oversight Board,08-861,Other,Unknown,1,5-4,4,Kennedy,1
2009,Free Enterprise Fund v. Public Company Oversight Board,08-861,Other,Unknown,1,5-4,4,Thomas,1
2009,Free Enterprise Fund v. Public Company Oversight Board,08-861,Other,Unknown,1,5-4,4,Ginsburg,0
2009,Free Enterprise Fund v. Public Company Oversight Board,08-861,Other,Unknown,1,5-4,4,Breyer,0
2009,Free Enterprise Fund v. Public Company Oversight Board,08-861,Other,Unknown,1,5-4,4,Jr.,1
2009,Free Enterprise Fund v. Public Company Oversight Board,08-861,Other,Unknown,1,5-4,4,Sotomayor,0
2009,Free Enterprise Fund v. Public Company Oversight Board,08-861,Other,Unknown,1,5-4,4,Jr.,1
2009,Free Enterprise Fund v. Public Company Oversight Board,08-861,Other,Unknown,1,5-4,4,Stevens,0
2009,Free Enterprise Fund v. Public Company Oversight Board,08-861,Other,Unknown,1,5-4,4,Scalia,1
2009,Free Enterprise Fund v. Public Company Oversight Board,08-861,Other,Unknown,1,5-4,4,Kennedy,1
2009,Free Enterprise Fund v. Public Company Oversight Board,08-861,Other,Unknown,1,5-4,4,Thomas,1
2009,Free Enterprise Fund v. Public Company Oversight Board,08-861,Other,Unknown,1,5-4,4,Ginsburg,0
2009,Free Enterprise Fund v. Public Company Oversight Board,08-861,Other,Unknown,1,5-4,4,Breyer,0
2009,Free Enterprise Fund v. Public Company Oversight Board,08-861,Other,Unknown,1,5-4,4,Jr.,1
2009,Free Enterprise Fund v. Public Company Oversight Board,08-861,Other,Unknown,1,5-4,4,Sotomayor,0
2009,Berghuis v. Smith,08-1402,6th Circuit,Unknown,1,9-0,4,Jr.,1
2009,Berghuis v. Smith,08-1402,6th Circuit,Unknown,1,9-0,4,Stevens,1
2009,Berghuis v. Smith,08-1402,6th Circuit,Unknown,1,9-0,4,Scalia,1
2009,Berghuis v. Smith,08-1402,6th Circuit,Unknown,1,9-0,4,Kennedy,1
2009,Berghuis v. Smith,08-1402,6th Circuit,Unknown,1,9-0,4,Thomas,1
2009,Berghuis v. Smith,08-1402,6th Circuit,Unknown,1,9-0,4,Ginsburg,1
2009,Berghuis v. Smith,08-1402,6th Circuit,Unknown,1,9-0,4,Breyer,1
2009,Berghuis v. Smith,08-1402,6th Circuit,Unknown,1,9-0,4,Jr.,1
2009,Berghuis v. Smith,08-1402,6th Circuit,Unknown,1,9-0,4,Sotomayor,1
2009,Lewis v. Chicago,08-974,7th Circuit,Unknown,1,9-0,4,Jr.,1
2009,Lewis v. Chicago,08-974,7th Circuit,Unknown,1,9-0,4,Stevens,1
2009,Lewis v. Chicago,08-974,7th Circuit,Unknown,1,9-0,4,Scalia,1
2009,Lewis v. Chicago,08-974,7th Circuit,Unknown,1,9-0,4,Kennedy,1
2009,Lewis v. Chicago,08-974,7th Circuit,Unknown,1,9-0,4,Thomas,1
2009,Lewis v. Chicago,08-974,7th Circuit,Unknown,1,9-0,4,Ginsburg,1
2009,Lewis v. Chicago,08-974,7th Circuit,Unknown,1,9-0,4,Breyer,1
2009,Lewis v. Chicago,08-974,7th Circuit,Unknown,1,9-0,4,Jr.,1
2009,Lewis v. Chicago,08-974,7th Circuit,Unknown,1,9-0,4,Sotomayor,1
2009,Carr v. United States,08-1301,7th Circuit,Unknown,1,6-3,4,Jr.,1
2009,Carr v. United States,08-1301,7th Circuit,Unknown,1,6-3,4,Stevens,1
2009,Carr v. United States,08-1301,7th Circuit,Unknown,1,6-3,4,Scalia,1
2009,Carr v. United States,08-1301,7th Circuit,Unknown,1,6-3,4,Kennedy,1
2009,Carr v. United States,08-1301,7th Circuit,Unknown,1,6-3,4,Thomas,0
2009,Carr v. United States,08-1301,7th Circuit,Unknown,1,6-3,4,Ginsburg,0
2009,Carr v. United States,08-1301,7th Circuit,Unknown,1,6-3,4,Breyer,1
2009,Carr v. United States,08-1301,7th Circuit,Unknown,1,6-3,4,Jr.,0
2009,Carr v. United States,08-1301,7th Circuit,Unknown,1,6-3,4,Sotomayor,1
2009,City of Ontario v. Quon,08-1332,9th Circuit,Unknown,1,9-0,4,Jr.,1
2009,City of Ontario v. Quon,08-1332,9th Circuit,Unknown,1,9-0,4,Stevens,1
2009,City of Ontario v. Quon,08-1332,9th Circuit,Unknown,1,9-0,4,Scalia,1
2009,City of Ontario v. Quon,08-1332,9th Circuit,Unknown,1,9-0,4,Kennedy,1
2009,City of Ontario v. Quon,08-1332,9th Circuit,Unknown,1,9-0,4,Thomas,1
2009,City of Ontario v. Quon,08-1332,9th Circuit,Unknown,1,9-0,4,Ginsburg,1
2009,City of Ontario v. Quon,08-1332,9th Circuit,Unknown,1,9-0,4,Breyer,1
2009,City of Ontario v. Quon,08-1332,9th Circuit,Unknown,1,9-0,4,Jr.,1
2009,City of Ontario v. Quon,08-1332,9th Circuit,Unknown,1,9-0,4,Sotomayor,1
2009,Renico v. Lett,09-338,6th Circuit,Unknown,1,6-3,4,Jr.,1
2009,Renico v. Lett,09-338,6th Circuit,Unknown,1,6-3,4,Stevens,0
2009,Renico v. Lett,09-338,6th Circuit,Unknown,1,6-3,4,Scalia,1
2009,Renico v. Lett,09-338,6th Circuit,Unknown,1,6-3,4,Kennedy,1
2009,Renico v. Lett,09-338,6th Circuit,Unknown,1,6-3,4,Thomas,1
2009,Renico v. Lett,09-338,6th Circuit,Unknown,1,6-3,4,Ginsburg,1
2009,Renico v. Lett,09-338,6th Circuit,Unknown,1,6-3,4,Breyer,0
2009,Renico v. Lett,09-338,6th Circuit,Unknown,1,6-3,4,Jr.,1
2009,Renico v. Lett,09-338,6th Circuit,Unknown,1,6-3,4,Sotomayor,0
2009,Skilling v. United States,08-1394,5th Circuit,Unknown,1,9-0,4,Jr.,1
2009,Skilling v. United States,08-1394,5th Circuit,Unknown,1,9-0,4,Stevens,1
2009,Skilling v. United States,08-1394,5th Circuit,Unknown,1,9-0,4,Scalia,1
2009,Skilling v. United States,08-1394,5th Circuit,Unknown,1,9-0,4,Kennedy,1
2009,Skilling v. United States,08-1394,5th Circuit,Unknown,1,9-0,4,Thomas,1
2009,Skilling v. United States,08-1394,5th Circuit,Unknown,1,9-0,4,Ginsburg,1
2009,Skilling v. United States,08-1394,5th Circuit,Unknown,1,9-0,4,Breyer,1
2009,Skilling v. United States,08-1394,5th Circuit,Unknown,1,9-0,4,Jr.,1
2009,Skilling v. United States,08-1394,5th Circuit,Unknown,1,9-0,4,Sotomayor,1
2009,Skilling v. United States,08-1394,5th Circuit,Unknown,1,6-3,4,Jr.,1
2009,Skilling v. United States,08-1394,5th Circuit,Unknown,1,6-3,4,Stevens,0
2009,Skilling v. United States,08-1394,5th Circuit,Unknown,1,6-3,4,Scalia,1
2009,Skilling v. United States,08-1394,5th Circuit,Unknown,1,6-3,4,Kennedy,1
2009,Skilling v. United States,08-1394,5th Circuit,Unknown,1,6-3,4,Thomas,1
2009,Skilling v. United States,08-1394,5th Circuit,Unknown,1,6-3,4,Ginsburg,1
2009,Skilling v. United States,08-1394,5th Circuit,Unknown,1,6-3,4,Breyer,0
2009,Skilling v. United States,08-1394,5th Circuit,Unknown,1,6-3,4,Jr.,1
2009,Skilling v. United States,08-1394,5th Circuit,Unknown,1,6-3,4,Sotomayor,0
2009,Johnson v. United States,08-6925,11th Circuit,Unknown,1,7-2,4,Jr.,1
2009,Johnson v. United States,08-6925,11th Circuit,Unknown,1,7-2,4,Stevens,1
2009,Johnson v. United States,08-6925,11th Circuit,Unknown,1,7-2,4,Scalia,1
2009,Johnson v. United States,08-6925,11th Circuit,Unknown,1,7-2,4,Kennedy,1
2009,Johnson v. United States,08-6925,11th Circuit,Unknown,1,7-2,4,Thomas,0
2009,Johnson v. United States,08-6925,11th Circuit,Unknown,1,7-2,4,Ginsburg,1
2009,Johnson v. United States,08-6925,11th Circuit,Unknown,1,7-2,4,Breyer,1
2009,Johnson v. United States,08-6925,11th Circuit,Unknown,1,7-2,4,Jr.,0
2009,Johnson v. United States,08-6925,11th Circuit,Unknown,1,7-2,4,Sotomayor,1
2009,American Needle Inc. v. National Football League,08-661,7th Circuit,Unknown,1,9-0,4,Jr.,1
2009,American Needle Inc. v. National Football League,08-661,7th Circuit,Unknown,1,9-0,4,Stevens,1
2009,American Needle Inc. v. National Football League,08-661,7th Circuit,Unknown,1,9-0,4,Scalia,1
2009,American Needle Inc. v. National Football League,08-661,7th Circuit,Unknown,1,9-0,4,Kennedy,1
2009,American Needle Inc. v. National Football League,08-661,7th Circuit,Unknown,1,9-0,4,Thomas,1
2009,American Needle Inc. v. National Football League,08-661,7th Circuit,Unknown,1,9-0,4,Ginsburg,1
2009,American Needle Inc. v. National Football League,08-661,7th Circuit,Unknown,1,9-0,4,Breyer,1
2009,American Needle Inc. v. National Football League,08-661,7th Circuit,Unknown,1,9-0,4,Jr.,1
2009,American Needle Inc. v. National Football League,08-661,7th Circuit,Unknown,1,9-0,4,Sotomayor,1
2009,"Jerman v. Carlisle, McNellie, Rini, Kramer, & Ulrich LPA",08-1200,6th Circuit,Unknown,1,7-2,4,Jr.,1
2009,"Jerman v. Carlisle, McNellie, Rini, Kramer, & Ulrich LPA",08-1200,6th Circuit,Unknown,1,7-2,4,Stevens,1
2009,"Jerman v. Carlisle, McNellie, Rini, Kramer, & Ulrich LPA",08-1200,6th Circuit,Unknown,1,7-2,4,Scalia,1
2009,"Jerman v. Carlisle, McNellie, Rini, Kramer, & Ulrich LPA",08-1200,6th Circuit,Unknown,1,7-2,4,Kennedy,0
2009,"Jerman v. Carlisle, McNellie, Rini, Kramer, & Ulrich LPA",08-1200,6th Circuit,Unknown,1,7-2,4,Thomas,1
2009,"Jerman v. Carlisle, McNellie, Rini, Kramer, & Ulrich LPA",08-1200,6th Circuit,Unknown,1,7-2,4,Ginsburg,1
2009,"Jerman v. Carlisle, McNellie, Rini, Kramer, & Ulrich LPA",08-1200,6th Circuit,Unknown,1,7-2,4,Breyer,1
2009,"Jerman v. Carlisle, McNellie, Rini, Kramer, & Ulrich LPA",08-1200,6th Circuit,Unknown,1,7-2,4,Jr.,0
2009,"Jerman v. Carlisle, McNellie, Rini, Kramer, & Ulrich LPA",08-1200,6th Circuit,Unknown,1,7-2,4,Sotomayor,1
2009,Hertz Corp. v. Friend,08-1107,9th Circuit,Unknown,1,9-0,4,Jr.,1
2009,Hertz Corp. v. Friend,08-1107,9th Circuit,Unknown,1,9-0,4,Stevens,1
2009,Hertz Corp. v. Friend,08-1107,9th Circuit,Unknown,1,9-0,4,Scalia,1
2009,Hertz Corp. v. Friend,08-1107,9th Circuit,Unknown,1,9-0,4,Kennedy,1
2009,Hertz Corp. v. Friend,08-1107,9th Circuit,Unknown,1,9-0,4,Thomas,1
2009,Hertz Corp. v. Friend,08-1107,9th Circuit,Unknown,1,9-0,4,Ginsburg,1
2009,Hertz Corp. v. Friend,08-1107,9th Circuit,Unknown,1,9-0,4,Breyer,1
2009,Hertz Corp. v. Friend,08-1107,9th Circuit,Unknown,1,9-0,4,Jr.,1
2009,Hertz Corp. v. Friend,08-1107,9th Circuit,Unknown,1,9-0,4,Sotomayor,1
2009,Christian Legal Society Chapter v. Martinez,08-1371,9th Circuit,Unknown,0,5-4,4,Jr.,0
2009,Christian Legal Society Chapter v. Martinez,08-1371,9th Circuit,Unknown,0,5-4,4,Stevens,1
2009,Christian Legal Society Chapter v. Martinez,08-1371,9th Circuit,Unknown,0,5-4,4,Scalia,0
2009,Christian Legal Society Chapter v. Martinez,08-1371,9th Circuit,Unknown,0,5-4,4,Kennedy,1
2009,Christian Legal Society Chapter v. Martinez,08-1371,9th Circuit,Unknown,0,5-4,4,Thomas,0
2009,Christian Legal Society Chapter v. Martinez,08-1371,9th Circuit,Unknown,0,5-4,4,Ginsburg,1
2009,Christian Legal Society Chapter v. Martinez,08-1371,9th Circuit,Unknown,0,5-4,4,Breyer,1
2009,Christian Legal Society Chapter v. Martinez,08-1371,9th Circuit,Unknown,0,5-4,4,Jr.,0
2009,Christian Legal Society Chapter v. Martinez,08-1371,9th Circuit,Unknown,0,5-4,4,Sotomayor,1
2008,14 Penn Plaza LLC v. Pyett,07-581,2nd Circuit,Unknown,1,5-4,5,Jr.,1
2008,14 Penn Plaza LLC v. Pyett,07-581,2nd Circuit,Unknown,1,5-4,5,Stevens,0
2008,14 Penn Plaza LLC v. Pyett,07-581,2nd Circuit,Unknown,1,5-4,5,Scalia,1
2008,14 Penn Plaza LLC v. Pyett,07-581,2nd Circuit,Unknown,1,5-4,5,Kennedy,1
2008,14 Penn Plaza LLC v. Pyett,07-581,2nd Circuit,Unknown,1,5-4,5,Souter,0
2008,14 Penn Plaza LLC v. Pyett,07-581,2nd Circuit,Unknown,1,5-4,5,Thomas,1
2008,14 Penn Plaza LLC v. Pyett,07-581,2nd Circuit,Unknown,1,5-4,5,Ginsburg,0
2008,14 Penn Plaza LLC v. Pyett,07-581,2nd Circuit,Unknown,1,5-4,5,Breyer,0
2008,14 Penn Plaza LLC v. Pyett,07-581,2nd Circuit,Unknown,1,5-4,5,Jr.,1
2008,"Pearson, et al. v. Callahan",07-751,10th Circuit,Unknown,1,9-0,5,Jr.,1
2008,"Pearson, et al. v. Callahan",07-751,10th Circuit,Unknown,1,9-0,5,Stevens,1
2008,"Pearson, et al. v. Callahan",07-751,10th Circuit,Unknown,1,9-0,5,Scalia,1
2008,"Pearson, et al. v. Callahan",07-751,10th Circuit,Unknown,1,9-0,5,Kennedy,1
2008,"Pearson, et al. v. Callahan",07-751,10th Circuit,Unknown,1,9-0,5,Souter,1
2008,"Pearson, et al. v. Callahan",07-751,10th Circuit,Unknown,1,9-0,5,Thomas,1
2008,"Pearson, et al. v. Callahan",07-751,10th Circuit,Unknown,1,9-0,5,Ginsburg,1
2008,"Pearson, et al. v. Callahan",07-751,10th Circuit,Unknown,1,9-0,5,Breyer,1
2008,"Pearson, et al. v. Callahan",07-751,10th Circuit,Unknown,1,9-0,5,Jr.,1
2008,Republic of Iraq v. Beaty,07-1090,Other,Unknown,1,9-0,5,Jr.,1
2008,Republic of Iraq v. Beaty,07-1090,Other,Unknown,1,9-0,5,Stevens,1
2008,Republic of Iraq v. Beaty,07-1090,Other,Unknown,1,9-0,5,Scalia,1
2008,Republic of Iraq v. Beaty,07-1090,Other,Unknown,1,9-0,5,Kennedy,1
2008,Republic of Iraq v. Beaty,07-1090,Other,Unknown,1,9-0,5,Souter,1
2008,Republic of Iraq v. Beaty,07-1090,Other,Unknown,1,9-0,5,Thomas,1
2008,Republic of Iraq v. Beaty,07-1090,Other,Unknown,1,9-0,5,Ginsburg,1
2008,Republic of Iraq v. Beaty,07-1090,Other,Unknown,1,9-0,5,Breyer,1
2008,Republic of Iraq v. Beaty,07-1090,Other,Unknown,1,9-0,5,Jr.,1
2008,"Winter v. Natural Resources Defense Council, Inc.",07-1239,9th Circuit,Unknown,1,5-4,5,Jr.,1
2008,"Winter v. Natural Resources Defense Council, Inc.",07-1239,9th Circuit,Unknown,1,5-4,5,Stevens,0
2008,"Winter v. Natural Resources Defense Council, Inc.",07-1239,9th Circuit,Unknown,1,5-4,5,Scalia,1
2008,"Winter v. Natural Resources Defense Council, Inc.",07-1239,9th Circuit,Unknown,1,5-4,5,Kennedy,1
2008,"Winter v. Natural Resources Defense Council, Inc.",07-1239,9th Circuit,Unknown,1,5-4,5,Souter,0
2008,"Winter v. Natural Resources Defense Council, Inc.",07-1239,9th Circuit,Unknown,1,5-4,5,Thomas,1
2008,"Winter v. Natural Resources Defense Council, Inc.",07-1239,9th Circuit,Unknown,1,5-4,5,Ginsburg,0
2008,"Winter v. Natural Resources Defense Council, Inc.",07-1239,9th Circuit,Unknown,1,5-4,5,Breyer,0
2008,"Winter v. Natural Resources Defense Council, Inc.",07-1239,9th Circuit,Unknown,1,5-4,5,Jr.,1
2008,"Polar Tankers, Inc. v. City of Valdez",08-310,Other,Unknown,1,7-2,5,Jr.,1
2008,"Polar Tankers, Inc. v. City of Valdez",08-310,Other,Unknown,1,7-2,5,Stevens,0
2008,"Polar Tankers, Inc. v. City of Valdez",08-310,Other,Unknown,1,7-2,5,Scalia,1
2008,"Polar Tankers, Inc. v. City of Valdez",08-310,Other,Unknown,1,7-2,5,Kennedy,1
2008,"Polar Tankers, Inc. v. City of Valdez",08-310,Other,Unknown,1,7-2,5,Souter,0
2008,"Polar Tankers, Inc. v. City of Valdez",08-310,Other,Unknown,1,7-2,5,Thomas,1
2008,"Polar Tankers, Inc. v. City of Valdez",08-310,Other,Unknown,1,7-2,5,Ginsburg,1
2008,"Polar Tankers, Inc. v. City of Valdez",08-310,Other,Unknown,1,7-2,5,Breyer,1
2008,"Polar Tankers, Inc. v. City of Valdez",08-310,Other,Unknown,1,7-2,5,Jr.,1
2008,Caperton v. A. T. Massey Coal Co.,08-22,State Supreme Court,Unknown,1,5-4,5,Jr.,0
2008,Caperton v. A. T. Massey Coal Co.,08-22,State Supreme Court,Unknown,1,5-4,5,Stevens,1
2008,Caperton v. A. T. Massey Coal Co.,08-22,State Supreme Court,Unknown,1,5-4,5,Scalia,0
2008,Caperton v. A. T. Massey Coal Co.,08-22,State Supreme Court,Unknown,1,5-4,5,Kennedy,1
2008,Caperton v. A. T. Massey Coal Co.,08-22,State Supreme Court,Unknown,1,5-4,5,Souter,1
2008,Caperton v. A. T. Massey Coal Co.,08-22,State Supreme Court,Unknown,1,5-4,5,Thomas,0
2008,Caperton v. A. T. Massey Coal Co.,08-22,State Supreme Court,Unknown,1,5-4,5,Ginsburg,1
2008,Caperton v. A. T. Massey Coal Co.,08-22,State Supreme Court,Unknown,1,5-4,5,Breyer,1
2008,Caperton v. A. T. Massey Coal Co.,08-22,State Supreme Court,Unknown,1,5-4,5,Jr.,0
2008,Kansas v. Colorado,105-orig,Other,Unknown,1,9-0,5,Jr.,1
2008,Kansas v. Colorado,105-orig,Other,Unknown,1,9-0,5,Stevens,1
2008,Kansas v. Colorado,105-orig,Other,Unknown,1,9-0,5,Jr.,1
2008,Kansas v. Colorado,105-orig,Other,Unknown,1,9-0,5,Scalia,1
2008,Kansas v. Colorado,105-orig,Other,Unknown,1,9-0,5,Kennedy,1
2008,Kansas v. Colorado,105-orig,Other,Unknown,1,9-0,5,Souter,1
2008,Kansas v. Colorado,105-orig,Other,Unknown,1,9-0,5,Thomas,1
2008,Kansas v. Colorado,105-orig,Other,Unknown,1,9-0,5,Ginsburg,1
2008,Kansas v. Colorado,105-orig,Other,Unknown,1,9-0,5,Breyer,1
2008,Ashcroft v. Iqbal,07-1015,2nd Circuit,Unknown,1,5-4,5,Jr.,1
2008,Ashcroft v. Iqbal,07-1015,2nd Circuit,Unknown,1,5-4,5,Stevens,0
2008,Ashcroft v. Iqbal,07-1015,2nd Circuit,Unknown,1,5-4,5,Scalia,1
2008,Ashcroft v. Iqbal,07-1015,2nd Circuit,Unknown,1,5-4,5,Kennedy,1
2008,Ashcroft v. Iqbal,07-1015,2nd Circuit,Unknown,1,5-4,5,Souter,0
2008,Ashcroft v. Iqbal,07-1015,2nd Circuit,Unknown,1,5-4,5,Thomas,1
2008,Ashcroft v. Iqbal,07-1015,2nd Circuit,Unknown,1,5-4,5,Ginsburg,0
2008,Ashcroft v. Iqbal,07-1015,2nd Circuit,Unknown,1,5-4,5,Breyer,0
2008,Ashcroft v. Iqbal,07-1015,2nd Circuit,Unknown,1,5-4,5,Jr.,1
2008,Corley v. United States,07-10441,4th Circuit,Unknown,1,5-4,5,Jr.,0
2008,Corley v. United States,07-10441,4th Circuit,Unknown,1,5-4,5,Stevens,1
2008,Corley v. United States,07-10441,4th Circuit,Unknown,1,5-4,5,Scalia,0
2008,Corley v. United States,07-10441,4th Circuit,Unknown,1,5-4,5,Kennedy,1
2008,Corley v. United States,07-10441,4th Circuit,Unknown,1,5-4,5,Souter,1
2008,Corley v. United States,07-10441,4th Circuit,Unknown,1,5-4,5,Thomas,0
2008,Corley v. United States,07-10441,4th Circuit,Unknown,1,5-4,5,Ginsburg,1
2008,Corley v. United States,07-10441,4th Circuit,Unknown,1,5-4,5,Breyer,1
2008,Corley v. United States,07-10441,4th Circuit,Unknown,1,5-4,5,Jr.,0
2008,Flores-Figueroa v. United States,08-108,8th Circuit,Unknown,1,9-0,5,Jr.,1
2008,Flores-Figueroa v. United States,08-108,8th Circuit,Unknown,1,9-0,5,Stevens,1
2008,Flores-Figueroa v. United States,08-108,8th Circuit,Unknown,1,9-0,5,Scalia,1
2008,Flores-Figueroa v. United States,08-108,8th Circuit,Unknown,1,9-0,5,Kennedy,1
2008,Flores-Figueroa v. United States,08-108,8th Circuit,Unknown,1,9-0,5,Souter,1
2008,Flores-Figueroa v. United States,08-108,8th Circuit,Unknown,1,9-0,5,Thomas,1
2008,Flores-Figueroa v. United States,08-108,8th Circuit,Unknown,1,9-0,5,Ginsburg,1
2008,Flores-Figueroa v. United States,08-108,8th Circuit,Unknown,1,9-0,5,Breyer,1
2008,Flores-Figueroa v. United States,08-108,8th Circuit,Unknown,1,9-0,5,Jr.,1
2008,Fitzgerald v. Barnstable School Committee,07-1125,1st Circuit,Unknown,1,9-0,5,Jr.,1
2008,Fitzgerald v. Barnstable School Committee,07-1125,1st Circuit,Unknown,1,9-0,5,Stevens,1
2008,Fitzgerald v. Barnstable School Committee,07-1125,1st Circuit,Unknown,1,9-0,5,Scalia,1
2008,Fitzgerald v. Barnstable School Committee,07-1125,1st Circuit,Unknown,1,9-0,5,Kennedy,1
2008,Fitzgerald v. Barnstable School Committee,07-1125,1st Circuit,Unknown,1,9-0,5,Souter,1
2008,Fitzgerald v. Barnstable School Committee,07-1125,1st Circuit,Unknown,1,9-0,5,Thomas,1
2008,Fitzgerald v. Barnstable School Committee,07-1125,1st Circuit,Unknown,1,9-0,5,Ginsburg,1
2008,Fitzgerald v. Barnstable School Committee,07-1125,1st Circuit,Unknown,1,9-0,5,Breyer,1
2008,Fitzgerald v. Barnstable School Committee,07-1125,1st Circuit,Unknown,1,9-0,5,Jr.,1
2008,AT&T Corp. v. Hulteen,07-543,9th Circuit,Unknown,1,7-2,5,Jr.,1
2008,AT&T Corp. v. Hulteen,07-543,9th Circuit,Unknown,1,7-2,5,Stevens,1
2008,AT&T Corp. v. Hulteen,07-543,9th Circuit,Unknown,1,7-2,5,Scalia,1
2008,AT&T Corp. v. Hulteen,07-543,9th Circuit,Unknown,1,7-2,5,Kennedy,1
2008,AT&T Corp. v. Hulteen,07-543,9th Circuit,Unknown,1,7-2,5,Souter,1
2008,AT&T Corp. v. Hulteen,07-543,9th Circuit,Unknown,1,7-2,5,Thomas,1
2008,AT&T Corp. v. Hulteen,07-543,9th Circuit,Unknown,1,7-2,5,Ginsburg,0
2008,AT&T Corp. v. Hulteen,07-543,9th Circuit,Unknown,1,7-2,5,Breyer,0
2008,AT&T Corp. v. Hulteen,07-543,9th Circuit,Unknown,1,7-2,5,Jr.,1
2008,Carcieri v. Salazar,07-526,1st Circuit,Unknown,1,6-3,5,Jr.,1
2008,Carcieri v. Salazar,07-526,1st Circuit,Unknown,1,6-3,5,Stevens,0
2008,Carcieri v. Salazar,07-526,1st Circuit,Unknown,1,6-3,5,Scalia,1
2008,Carcieri v. Salazar,07-526,1st Circuit,Unknown,1,6-3,5,Kennedy,1
2008,Carcieri v. Salazar,07-526,1st Circuit,Unknown,1,6-3,5,Souter,0
2008,Carcieri v. Salazar,07-526,1st Circuit,Unknown,1,6-3,5,Thomas,1
2008,Carcieri v. Salazar,07-526,1st Circuit,Unknown,1,6-3,5,Ginsburg,0
2008,Carcieri v. Salazar,07-526,1st Circuit,Unknown,1,6-3,5,Breyer,1
2008,Carcieri v. Salazar,07-526,1st Circuit,Unknown,1,6-3,5,Jr.,1
2008,Horne v. Flores,08-289,9th Circuit,Unknown,1,5-4,5,Jr.,1
2008,Horne v. Flores,08-289,9th Circuit,Unknown,1,5-4,5,Stevens,0
2008,Horne v. Flores,08-289,9th Circuit,Unknown,1,5-4,5,Scalia,1
2008,Horne v. Flores,08-289,9th Circuit,Unknown,1,5-4,5,Kennedy,1
2008,Horne v. Flores,08-289,9th Circuit,Unknown,1,5-4,5,Souter,0
2008,Horne v. Flores,08-289,9th Circuit,Unknown,1,5-4,5,Thomas,1
2008,Horne v. Flores,08-289,9th Circuit,Unknown,1,5-4,5,Ginsburg,0
2008,Horne v. Flores,08-289,9th Circuit,Unknown,1,5-4,5,Breyer,0
2008,Horne v. Flores,08-289,9th Circuit,Unknown,1,5-4,5,Jr.,1
2008,Horne v. Flores,08-289,9th Circuit,Unknown,1,5-4,5,Jr.,1
2008,Horne v. Flores,08-289,9th Circuit,Unknown,1,5-4,5,Stevens,0
2008,Horne v. Flores,08-289,9th Circuit,Unknown,1,5-4,5,Scalia,1
2008,Horne v. Flores,08-289,9th Circuit,Unknown,1,5-4,5,Kennedy,1
2008,Horne v. Flores,08-289,9th Circuit,Unknown,1,5-4,5,Souter,0
2008,Horne v. Flores,08-289,9th Circuit,Unknown,1,5-4,5,Thomas,1
2008,Horne v. Flores,08-289,9th Circuit,Unknown,1,5-4,5,Ginsburg,0
2008,Horne v. Flores,08-289,9th Circuit,Unknown,1,5-4,5,Breyer,0
2008,Horne v. Flores,08-289,9th Circuit,Unknown,1,5-4,5,Jr.,1
2008,Horne v. Flores,08-289,9th Circuit,Unknown,1,5-4,5,Jr.,1
2008,Horne v. Flores,08-289,9th Circuit,Unknown,1,5-4,5,Jr.,1
2008,Horne v. Flores,08-289,9th Circuit,Unknown,1,5-4,5,Scalia,1
2008,Horne v. Flores,08-289,9th Circuit,Unknown,1,5-4,5,Kennedy,1
2008,Horne v. Flores,08-289,9th Circuit,Unknown,1,5-4,5,Thomas,1
2008,Horne v. Flores,08-289,9th Circuit,Unknown,1,5-4,5,Breyer,0
2008,Horne v. Flores,08-289,9th Circuit,Unknown,1,5-4,5,Stevens,0
2008,Horne v. Flores,08-289,9th Circuit,Unknown,1,5-4,5,Souter,0
2008,Horne v. Flores,08-289,9th Circuit,Unknown,1,5-4,5,Ginsburg,0
2008,Kansas v. Ventris,07-1356,Other,Unknown,1,7-2,5,Jr.,1
2008,Kansas v. Ventris,07-1356,Other,Unknown,1,7-2,5,Stevens,0
2008,Kansas v. Ventris,07-1356,Other,Unknown,1,7-2,5,Scalia,1
2008,Kansas v. Ventris,07-1356,Other,Unknown,1,7-2,5,Kennedy,1
2008,Kansas v. Ventris,07-1356,Other,Unknown,1,7-2,5,Souter,1
2008,Kansas v. Ventris,07-1356,Other,Unknown,1,7-2,5,Thomas,1
2008,Kansas v. Ventris,07-1356,Other,Unknown,1,7-2,5,Ginsburg,0
2008,Kansas v. Ventris,07-1356,Other,Unknown,1,7-2,5,Breyer,1
2008,Kansas v. Ventris,07-1356,Other,Unknown,1,7-2,5,Jr.,1
2008,Moore v. United States,07-10689,8th Circuit,Unknown,1,9-0,5,Jr.,1
2008,Moore v. United States,07-10689,8th Circuit,Unknown,1,9-0,5,Stevens,1
2008,Moore v. United States,07-10689,8th Circuit,Unknown,1,9-0,5,Scalia,1
2008,Moore v. United States,07-10689,8th Circuit,Unknown,1,9-0,5,Kennedy,1
2008,Moore v. United States,07-10689,8th Circuit,Unknown,1,9-0,5,Souter,1
2008,Moore v. United States,07-10689,8th Circuit,Unknown,1,9-0,5,Thomas,1
2008,Moore v. United States,07-10689,8th Circuit,Unknown,1,9-0,5,Ginsburg,1
2008,Moore v. United States,07-10689,8th Circuit,Unknown,1,9-0,5,Breyer,1
2008,Moore v. United States,07-10689,8th Circuit,Unknown,1,9-0,5,Jr.,1
2008,Chambers v. United States,06-11206,7th Circuit,Unknown,1,9-0,5,Jr.,1
2008,Chambers v. United States,06-11206,7th Circuit,Unknown,1,9-0,5,Stevens,1
2008,Chambers v. United States,06-11206,7th Circuit,Unknown,1,9-0,5,Scalia,1
2008,Chambers v. United States,06-11206,7th Circuit,Unknown,1,9-0,5,Kennedy,1
2008,Chambers v. United States,06-11206,7th Circuit,Unknown,1,9-0,5,Souter,1
2008,Chambers v. United States,06-11206,7th Circuit,Unknown,1,9-0,5,Thomas,1
2008,Chambers v. United States,06-11206,7th Circuit,Unknown,1,9-0,5,Ginsburg,1
2008,Chambers v. United States,06-11206,7th Circuit,Unknown,1,9-0,5,Breyer,1
2008,Chambers v. United States,06-11206,7th Circuit,Unknown,1,9-0,5,Jr.,1
2008,Melendez-Diaz v. Massachusetts,07-591,Other,Unknown,1,5-4,5,Jr.,0
2008,Melendez-Diaz v. Massachusetts,07-591,Other,Unknown,1,5-4,5,Stevens,1
2008,Melendez-Diaz v. Massachusetts,07-591,Other,Unknown,1,5-4,5,Scalia,1
2008,Melendez-Diaz v. Massachusetts,07-591,Other,Unknown,1,5-4,5,Kennedy,0
2008,Melendez-Diaz v. Massachusetts,07-591,Other,Unknown,1,5-4,5,Souter,1
2008,Melendez-Diaz v. Massachusetts,07-591,Other,Unknown,1,5-4,5,Thomas,1
2008,Melendez-Diaz v. Massachusetts,07-591,Other,Unknown,1,5-4,5,Ginsburg,1
2008,Melendez-Diaz v. Massachusetts,07-591,Other,Unknown,1,5-4,5,Breyer,0
2008,Melendez-Diaz v. Massachusetts,07-591,Other,Unknown,1,5-4,5,Jr.,0
2008,Ricci v. DeStefano,07-1428,2nd Circuit,Unknown,1,5-4,5,Jr.,1
2008,Ricci v. DeStefano,07-1428,2nd Circuit,Unknown,1,5-4,5,Stevens,0
2008,Ricci v. DeStefano,07-1428,2nd Circuit,Unknown,1,5-4,5,Scalia,1
2008,Ricci v. DeStefano,07-1428,2nd Circuit,Unknown,1,5-4,5,Kennedy,1
2008,Ricci v. DeStefano,07-1428,2nd Circuit,Unknown,1,5-4,5,Souter,0
2008,Ricci v. DeStefano,07-1428,2nd Circuit,Unknown,1,5-4,5,Thomas,1
2008,Ricci v. DeStefano,07-1428,2nd Circuit,Unknown,1,5-4,5,Ginsburg,0
2008,Ricci v. DeStefano,07-1428,2nd Circuit,Unknown,1,5-4,5,Breyer,0
2008,Ricci v. DeStefano,07-1428,2nd Circuit,Unknown,1,5-4,5,Jr.,1
2008,Harbison v. Bell,07-8521,6th Circuit,Unknown,1,7-2,5,Jr.,1
2008,Harbison v. Bell,07-8521,6th Circuit,Unknown,1,7-2,5,Stevens,1
2008,Harbison v. Bell,07-8521,6th Circuit,Unknown,1,7-2,5,Scalia,0
2008,Harbison v. Bell,07-8521,6th Circuit,Unknown,1,7-2,5,Kennedy,1
2008,Harbison v. Bell,07-8521,6th Circuit,Unknown,1,7-2,5,Souter,1
2008,Harbison v. Bell,07-8521,6th Circuit,Unknown,1,7-2,5,Thomas,1
2008,Harbison v. Bell,07-8521,6th Circuit,Unknown,1,7-2,5,Ginsburg,1
2008,Harbison v. Bell,07-8521,6th Circuit,Unknown,1,7-2,5,Breyer,1
2008,Harbison v. Bell,07-8521,6th Circuit,Unknown,1,7-2,5,Jr.,0
2008,Spears v. United States,08-5721,8th Circuit,Unknown,1,5-4,5,Jr.,0
2008,Spears v. United States,08-5721,8th Circuit,Unknown,1,5-4,5,Stevens,1
2008,Spears v. United States,08-5721,8th Circuit,Unknown,1,5-4,5,Scalia,1
2008,Spears v. United States,08-5721,8th Circuit,Unknown,1,5-4,5,Kennedy,0
2008,Spears v. United States,08-5721,8th Circuit,Unknown,1,5-4,5,Souter,1
2008,Spears v. United States,08-5721,8th Circuit,Unknown,1,5-4,5,Thomas,0
2008,Spears v. United States,08-5721,8th Circuit,Unknown,1,5-4,5,Ginsburg,1
2008,Spears v. United States,08-5721,8th Circuit,Unknown,1,5-4,5,Breyer,1
2008,Spears v. United States,08-5721,8th Circuit,Unknown,1,5-4,5,Jr.,0
2008,Northwest Austin Municipal Util. Dist. No. One v. Holder,08-322,Other,Unknown,1,8-1,5,Jr.,1
2008,Northwest Austin Municipal Util. Dist. No. One v. Holder,08-322,Other,Unknown,1,8-1,5,Stevens,1
2008,Northwest Austin Municipal Util. Dist. No. One v. Holder,08-322,Other,Unknown,1,8-1,5,Scalia,1
2008,Northwest Austin Municipal Util. Dist. No. One v. Holder,08-322,Other,Unknown,1,8-1,5,Kennedy,1
2008,Northwest Austin Municipal Util. Dist. No. One v. Holder,08-322,Other,Unknown,1,8-1,5,Souter,1
2008,Northwest Austin Municipal Util. Dist. No. One v. Holder,08-322,Other,Unknown,1,8-1,5,Thomas,0
2008,Northwest Austin Municipal Util. Dist. No. One v. Holder,08-322,Other,Unknown,1,8-1,5,Ginsburg,1
2008,Northwest Austin Municipal Util. Dist. No. One v. Holder,08-322,Other,Unknown,1,8-1,5,Breyer,1
2008,Northwest Austin Municipal Util. Dist. No. One v. Holder,08-322,Other,Unknown,1,8-1,5,Jr.,1
2008,Travelers Indemnity Co. v. Bailey,08-295,2nd Circuit,Unknown,1,7-2,5,Jr.,1
2008,Travelers Indemnity Co. v. Bailey,08-295,2nd Circuit,Unknown,1,7-2,5,Stevens,0
2008,Travelers Indemnity Co. v. Bailey,08-295,2nd Circuit,Unknown,1,7-2,5,Scalia,1
2008,Travelers Indemnity Co. v. Bailey,08-295,2nd Circuit,Unknown,1,7-2,5,Kennedy,1
2008,Travelers Indemnity Co. v. Bailey,08-295,2nd Circuit,Unknown,1,7-2,5,Souter,1
2008,Travelers Indemnity Co. v. Bailey,08-295,2nd Circuit,Unknown,1,7-2,5,Thomas,1
2008,Travelers Indemnity Co. v. Bailey,08-295,2nd Circuit,Unknown,1,7-2,5,Ginsburg,0
2008,Travelers Indemnity Co. v. Bailey,08-295,2nd Circuit,Unknown,1,7-2,5,Breyer,1
2008,Travelers Indemnity Co. v. Bailey,08-295,2nd Circuit,Unknown,1,7-2,5,Jr.,1
2008,United States v. Eurodif S.A.,07-1059,Federal Circuit,Unknown,1,9-0,5,Jr.,1
2008,United States v. Eurodif S.A.,07-1059,Federal Circuit,Unknown,1,9-0,5,Stevens,1
2008,United States v. Eurodif S.A.,07-1059,Federal Circuit,Unknown,1,9-0,5,Scalia,1
2008,United States v. Eurodif S.A.,07-1059,Federal Circuit,Unknown,1,9-0,5,Kennedy,1
2008,United States v. Eurodif S.A.,07-1059,Federal Circuit,Unknown,1,9-0,5,Souter,1
2008,United States v. Eurodif S.A.,07-1059,Federal Circuit,Unknown,1,9-0,5,Thomas,1
2008,United States v. Eurodif S.A.,07-1059,Federal Circuit,Unknown,1,9-0,5,Ginsburg,1
2008,United States v. Eurodif S.A.,07-1059,Federal Circuit,Unknown,1,9-0,5,Breyer,1
2008,United States v. Eurodif S.A.,07-1059,Federal Circuit,Unknown,1,9-0,5,Jr.,1
2008,Negusie v. Holder,07-499,5th Circuit,Unknown,1,8-1,5,Jr.,1
2008,Negusie v. Holder,07-499,5th Circuit,Unknown,1,8-1,5,Stevens,1
2008,Negusie v. Holder,07-499,5th Circuit,Unknown,1,8-1,5,Scalia,1
2008,Negusie v. Holder,07-499,5th Circuit,Unknown,1,8-1,5,Kennedy,1
2008,Negusie v. Holder,07-499,5th Circuit,Unknown,1,8-1,5,Souter,1
2008,Negusie v. Holder,07-499,5th Circuit,Unknown,1,8-1,5,Thomas,0
2008,Negusie v. Holder,07-499,5th Circuit,Unknown,1,8-1,5,Ginsburg,1
2008,Negusie v. Holder,07-499,5th Circuit,Unknown,1,8-1,5,Breyer,1
2008,Negusie v. Holder,07-499,5th Circuit,Unknown,1,8-1,5,Jr.,1
2008,Negusie v. Holder,07-499,5th Circuit,Unknown,1,6-3,5,Jr.,1
2008,Negusie v. Holder,07-499,5th Circuit,Unknown,1,6-3,5,Stevens,0
2008,Negusie v. Holder,07-499,5th Circuit,Unknown,1,6-3,5,Scalia,1
2008,Negusie v. Holder,07-499,5th Circuit,Unknown,1,6-3,5,Kennedy,1
2008,Negusie v. Holder,07-499,5th Circuit,Unknown,1,6-3,5,Souter,1
2008,Negusie v. Holder,07-499,5th Circuit,Unknown,1,6-3,5,Thomas,0
2008,Negusie v. Holder,07-499,5th Circuit,Unknown,1,6-3,5,Ginsburg,1
2008,Negusie v. Holder,07-499,5th Circuit,Unknown,1,6-3,5,Breyer,0
2008,Negusie v. Holder,07-499,5th Circuit,Unknown,1,6-3,5,Jr.,1
2008,"CSX Transportation, Inc. v. Hensley",08-1034,Other,Unknown,1,7-2,5,Jr.,1
2008,"CSX Transportation, Inc. v. Hensley",08-1034,Other,Unknown,1,7-2,5,Stevens,0
2008,"CSX Transportation, Inc. v. Hensley",08-1034,Other,Unknown,1,7-2,5,Scalia,1
2008,"CSX Transportation, Inc. v. Hensley",08-1034,Other,Unknown,1,7-2,5,Kennedy,1
2008,"CSX Transportation, Inc. v. Hensley",08-1034,Other,Unknown,1,7-2,5,Souter,1
2008,"CSX Transportation, Inc. v. Hensley",08-1034,Other,Unknown,1,7-2,5,Thomas,1
2008,"CSX Transportation, Inc. v. Hensley",08-1034,Other,Unknown,1,7-2,5,Ginsburg,0
2008,"CSX Transportation, Inc. v. Hensley",08-1034,Other,Unknown,1,7-2,5,Breyer,1
2008,"CSX Transportation, Inc. v. Hensley",08-1034,Other,Unknown,1,7-2,5,Jr.,1
2008,Arizona v. Johnson,07-1122,Other,Unknown,1,9-0,5,Jr.,1
2008,Arizona v. Johnson,07-1122,Other,Unknown,1,9-0,5,Stevens,1
2008,Arizona v. Johnson,07-1122,Other,Unknown,1,9-0,5,Scalia,1
2008,Arizona v. Johnson,07-1122,Other,Unknown,1,9-0,5,Kennedy,1
2008,Arizona v. Johnson,07-1122,Other,Unknown,1,9-0,5,Souter,1
2008,Arizona v. Johnson,07-1122,Other,Unknown,1,9-0,5,Thomas,1
2008,Arizona v. Johnson,07-1122,Other,Unknown,1,9-0,5,Ginsburg,1
2008,Arizona v. Johnson,07-1122,Other,Unknown,1,9-0,5,Breyer,1
2008,Arizona v. Johnson,07-1122,Other,Unknown,1,9-0,5,Jr.,1
2008,Jimenez v. Quarterman,07-6984,5th Circuit,Unknown,1,9-0,5,Jr.,1
2008,Jimenez v. Quarterman,07-6984,5th Circuit,Unknown,1,9-0,5,Stevens,1
2008,Jimenez v. Quarterman,07-6984,5th Circuit,Unknown,1,9-0,5,Scalia,1
2008,Jimenez v. Quarterman,07-6984,5th Circuit,Unknown,1,9-0,5,Kennedy,1
2008,Jimenez v. Quarterman,07-6984,5th Circuit,Unknown,1,9-0,5,Souter,1
2008,Jimenez v. Quarterman,07-6984,5th Circuit,Unknown,1,9-0,5,Thomas,1
2008,Jimenez v. Quarterman,07-6984,5th Circuit,Unknown,1,9-0,5,Ginsburg,1
2008,Jimenez v. Quarterman,07-6984,5th Circuit,Unknown,1,9-0,5,Breyer,1
2008,Jimenez v. Quarterman,07-6984,5th Circuit,Unknown,1,9-0,5,Jr.,1
2008,Ministry of Defense and Support for Armed Forces of Islamic Republic of Iran v. Elahi,07-615,9th Circuit,Unknown,1,6-3,5,Jr.,1
2008,Ministry of Defense and Support for Armed Forces of Islamic Republic of Iran v. Elahi,07-615,9th Circuit,Unknown,1,6-3,5,Stevens,1
2008,Ministry of Defense and Support for Armed Forces of Islamic Republic of Iran v. Elahi,07-615,9th Circuit,Unknown,1,6-3,5,Scalia,1
2008,Ministry of Defense and Support for Armed Forces of Islamic Republic of Iran v. Elahi,07-615,9th Circuit,Unknown,1,6-3,5,Kennedy,0
2008,Ministry of Defense and Support for Armed Forces of Islamic Republic of Iran v. Elahi,07-615,9th Circuit,Unknown,1,6-3,5,Souter,0
2008,Ministry of Defense and Support for Armed Forces of Islamic Republic of Iran v. Elahi,07-615,9th Circuit,Unknown,1,6-3,5,Thomas,1
2008,Ministry of Defense and Support for Armed Forces of Islamic Republic of Iran v. Elahi,07-615,9th Circuit,Unknown,1,6-3,5,Ginsburg,0
2008,Ministry of Defense and Support for Armed Forces of Islamic Republic of Iran v. Elahi,07-615,9th Circuit,Unknown,1,6-3,5,Breyer,1
2008,Ministry of Defense and Support for Armed Forces of Islamic Republic of Iran v. Elahi,07-615,9th Circuit,Unknown,1,6-3,5,Jr.,1
2008,Waddington v. Sarausad,07-772,9th Circuit,Unknown,1,6-3,5,Jr.,1
2008,Waddington v. Sarausad,07-772,9th Circuit,Unknown,1,6-3,5,Stevens,0
2008,Waddington v. Sarausad,07-772,9th Circuit,Unknown,1,6-3,5,Scalia,1
2008,Waddington v. Sarausad,07-772,9th Circuit,Unknown,1,6-3,5,Kennedy,1
2008,Waddington v. Sarausad,07-772,9th Circuit,Unknown,1,6-3,5,Souter,0
2008,Waddington v. Sarausad,07-772,9th Circuit,Unknown,1,6-3,5,Thomas,1
2008,Waddington v. Sarausad,07-772,9th Circuit,Unknown,1,6-3,5,Ginsburg,0
2008,Waddington v. Sarausad,07-772,9th Circuit,Unknown,1,6-3,5,Breyer,1
2008,Waddington v. Sarausad,07-772,9th Circuit,Unknown,1,6-3,5,Jr.,1
2008,United States v. Hayes,07-608,4th Circuit,Unknown,1,7-2,5,Jr.,0
2008,United States v. Hayes,07-608,4th Circuit,Unknown,1,7-2,5,Stevens,1
2008,United States v. Hayes,07-608,4th Circuit,Unknown,1,7-2,5,Scalia,0
2008,United States v. Hayes,07-608,4th Circuit,Unknown,1,7-2,5,Kennedy,1
2008,United States v. Hayes,07-608,4th Circuit,Unknown,1,7-2,5,Souter,1
2008,United States v. Hayes,07-608,4th Circuit,Unknown,1,7-2,5,Thomas,1
2008,United States v. Hayes,07-608,4th Circuit,Unknown,1,7-2,5,Ginsburg,1
2008,United States v. Hayes,07-608,4th Circuit,Unknown,1,7-2,5,Breyer,1
2008,United States v. Hayes,07-608,4th Circuit,Unknown,1,7-2,5,Jr.,1
2008,Safford Unified School District v. Redding,08-479,9th Circuit,Unknown,1,8-1,5,Jr.,1
2008,Safford Unified School District v. Redding,08-479,9th Circuit,Unknown,1,8-1,5,Stevens,1
2008,Safford Unified School District v. Redding,08-479,9th Circuit,Unknown,1,8-1,5,Scalia,1
2008,Safford Unified School District v. Redding,08-479,9th Circuit,Unknown,1,8-1,5,Kennedy,1
2008,Safford Unified School District v. Redding,08-479,9th Circuit,Unknown,1,8-1,5,Souter,1
2008,Safford Unified School District v. Redding,08-479,9th Circuit,Unknown,1,8-1,5,Thomas,0
2008,Safford Unified School District v. Redding,08-479,9th Circuit,Unknown,1,8-1,5,Ginsburg,1
2008,Safford Unified School District v. Redding,08-479,9th Circuit,Unknown,1,8-1,5,Breyer,1
2008,Safford Unified School District v. Redding,08-479,9th Circuit,Unknown,1,8-1,5,Jr.,1
2008,Pleasant Grove City v. Summum,07-665,10th Circuit,Unknown,1,9-0,5,Jr.,1
2008,Pleasant Grove City v. Summum,07-665,10th Circuit,Unknown,1,9-0,5,Stevens,1
2008,Pleasant Grove City v. Summum,07-665,10th Circuit,Unknown,1,9-0,5,Scalia,1
2008,Pleasant Grove City v. Summum,07-665,10th Circuit,Unknown,1,9-0,5,Kennedy,1
2008,Pleasant Grove City v. Summum,07-665,10th Circuit,Unknown,1,9-0,5,Souter,1
2008,Pleasant Grove City v. Summum,07-665,10th Circuit,Unknown,1,9-0,5,Thomas,1
2008,Pleasant Grove City v. Summum,07-665,10th Circuit,Unknown,1,9-0,5,Ginsburg,1
2008,Pleasant Grove City v. Summum,07-665,10th Circuit,Unknown,1,9-0,5,Breyer,1
2008,Pleasant Grove City v. Summum,07-665,10th Circuit,Unknown,1,9-0,5,Jr.,1
2008,Shinseki v. Sanders,07-1209,Federal Circuit,Unknown,1,6-3,5,Jr.,1
2008,Shinseki v. Sanders,07-1209,Federal Circuit,Unknown,1,6-3,5,Stevens,0
2008,Shinseki v. Sanders,07-1209,Federal Circuit,Unknown,1,6-3,5,Scalia,1
2008,Shinseki v. Sanders,07-1209,Federal Circuit,Unknown,1,6-3,5,Kennedy,1
2008,Shinseki v. Sanders,07-1209,Federal Circuit,Unknown,1,6-3,5,Souter,0
2008,Shinseki v. Sanders,07-1209,Federal Circuit,Unknown,1,6-3,5,Thomas,1
2008,Shinseki v. Sanders,07-1209,Federal Circuit,Unknown,1,6-3,5,Ginsburg,0
2008,Shinseki v. Sanders,07-1209,Federal Circuit,Unknown,1,6-3,5,Breyer,1
2008,Shinseki v. Sanders,07-1209,Federal Circuit,Unknown,1,6-3,5,Jr.,1
2008,"Crawford v. Nashville and Davidson County, TN",06-1595,6th Circuit,Unknown,1,9-0,5,Jr.,1
2008,"Crawford v. Nashville and Davidson County, TN",06-1595,6th Circuit,Unknown,1,9-0,5,Stevens,1
2008,"Crawford v. Nashville and Davidson County, TN",06-1595,6th Circuit,Unknown,1,9-0,5,Scalia,1
2008,"Crawford v. Nashville and Davidson County, TN",06-1595,6th Circuit,Unknown,1,9-0,5,Kennedy,1
2008,"Crawford v. Nashville and Davidson County, TN",06-1595,6th Circuit,Unknown,1,9-0,5,Souter,1
2008,"Crawford v. Nashville and Davidson County, TN",06-1595,6th Circuit,Unknown,1,9-0,5,Thomas,1
2008,"Crawford v. Nashville and Davidson County, TN",06-1595,6th Circuit,Unknown,1,9-0,5,Ginsburg,1
2008,"Crawford v. Nashville and Davidson County, TN",06-1595,6th Circuit,Unknown,1,9-0,5,Breyer,1
2008,"Crawford v. Nashville and Davidson County, TN",06-1595,6th Circuit,Unknown,1,9-0,5,Jr.,1
2008,Citizens United v. Federal Election Commission,08-205,Other,Unknown,0,5-4,5,Jr.,0
2008,Citizens United v. Federal Election Commission,08-205,Other,Unknown,0,5-4,5,Stevens,1
2008,Citizens United v. Federal Election Commission,08-205,Other,Unknown,0,5-4,5,Scalia,0
2008,Citizens United v. Federal Election Commission,08-205,Other,Unknown,0,5-4,5,Kennedy,1
2008,Citizens United v. Federal Election Commission,08-205,Other,Unknown,0,5-4,5,Thomas,0
2008,Citizens United v. Federal Election Commission,08-205,Other,Unknown,0,5-4,5,Ginsburg,1
2008,Citizens United v. Federal Election Commission,08-205,Other,Unknown,0,5-4,5,Breyer,1
2008,Citizens United v. Federal Election Commission,08-205,Other,Unknown,0,5-4,5,Jr.,0
2008,Citizens United v. Federal Election Commission,08-205,Other,Unknown,0,5-4,5,Sotomayor,1
2008,Citizens United v. Federal Election Commission,08-205,Other,Unknown,0,5-4,5,Jr.,1
2008,Citizens United v. Federal Election Commission,08-205,Other,Unknown,0,5-4,5,Stevens,0
2008,Citizens United v. Federal Election Commission,08-205,Other,Unknown,0,5-4,5,Scalia,1
2008,Citizens United v. Federal Election Commission,08-205,Other,Unknown,0,5-4,5,Kennedy,1
2008,Citizens United v. Federal Election Commission,08-205,Other,Unknown,0,5-4,5,Thomas,1
2008,Citizens United v. Federal Election Commission,08-205,Other,Unknown,0,5-4,5,Ginsburg,0
2008,Citizens United v. Federal Election Commission,08-205,Other,Unknown,0,5-4,5,Breyer,0
2008,Citizens United v. Federal Election Commission,08-205,Other,Unknown,0,5-4,5,Jr.,1
2008,Citizens United v. Federal Election Commission,08-205,Other,Unknown,0,5-4,5,Sotomayor,0
2008,Burlington N. & Santa Fe Ry. Co. v. United States,07-1601,9th Circuit,Unknown,1,8-1,5,Jr.,1
2008,Burlington N. & Santa Fe Ry. Co. v. United States,07-1601,9th Circuit,Unknown,1,8-1,5,Stevens,1
2008,Burlington N. & Santa Fe Ry. Co. v. United States,07-1601,9th Circuit,Unknown,1,8-1,5,Scalia,1
2008,Burlington N. & Santa Fe Ry. Co. v. United States,07-1601,9th Circuit,Unknown,1,8-1,5,Kennedy,1
2008,Burlington N. & Santa Fe Ry. Co. v. United States,07-1601,9th Circuit,Unknown,1,8-1,5,Souter,1
2008,Burlington N. & Santa Fe Ry. Co. v. United States,07-1601,9th Circuit,Unknown,1,8-1,5,Thomas,1
2008,Burlington N. & Santa Fe Ry. Co. v. United States,07-1601,9th Circuit,Unknown,1,8-1,5,Ginsburg,0
2008,Burlington N. & Santa Fe Ry. Co. v. United States,07-1601,9th Circuit,Unknown,1,8-1,5,Breyer,1
2008,Burlington N. & Santa Fe Ry. Co. v. United States,07-1601,9th Circuit,Unknown,1,8-1,5,Jr.,1
2008,Arthur Andersen LLP v. Carlisle,08-146,6th Circuit,Unknown,1,6-3,5,Jr.,0
2008,Arthur Andersen LLP v. Carlisle,08-146,6th Circuit,Unknown,1,6-3,5,Stevens,0
2008,Arthur Andersen LLP v. Carlisle,08-146,6th Circuit,Unknown,1,6-3,5,Scalia,1
2008,Arthur Andersen LLP v. Carlisle,08-146,6th Circuit,Unknown,1,6-3,5,Kennedy,1
2008,Arthur Andersen LLP v. Carlisle,08-146,6th Circuit,Unknown,1,6-3,5,Souter,0
2008,Arthur Andersen LLP v. Carlisle,08-146,6th Circuit,Unknown,1,6-3,5,Thomas,1
2008,Arthur Andersen LLP v. Carlisle,08-146,6th Circuit,Unknown,1,6-3,5,Ginsburg,1
2008,Arthur Andersen LLP v. Carlisle,08-146,6th Circuit,Unknown,1,6-3,5,Breyer,1
2008,Arthur Andersen LLP v. Carlisle,08-146,6th Circuit,Unknown,1,6-3,5,Jr.,1
2008,Vaden v. Discover Bank,07-773,4th Circuit,Unknown,1,5-4,5,Jr.,0
2008,Vaden v. Discover Bank,07-773,4th Circuit,Unknown,1,5-4,5,Stevens,0
2008,Vaden v. Discover Bank,07-773,4th Circuit,Unknown,1,5-4,5,Scalia,1
2008,Vaden v. Discover Bank,07-773,4th Circuit,Unknown,1,5-4,5,Kennedy,1
2008,Vaden v. Discover Bank,07-773,4th Circuit,Unknown,1,5-4,5,Souter,1
2008,Vaden v. Discover Bank,07-773,4th Circuit,Unknown,1,5-4,5,Thomas,1
2008,Vaden v. Discover Bank,07-773,4th Circuit,Unknown,1,5-4,5,Ginsburg,1
2008,Vaden v. Discover Bank,07-773,4th Circuit,Unknown,1,5-4,5,Breyer,0
2008,Vaden v. Discover Bank,07-773,4th Circuit,Unknown,1,5-4,5,Jr.,0
2008,Vaden v. Discover Bank,07-773,4th Circuit,Unknown,1,9-0,5,Jr.,1
2008,Vaden v. Discover Bank,07-773,4th Circuit,Unknown,1,9-0,5,Stevens,1
2008,Vaden v. Discover Bank,07-773,4th Circuit,Unknown,1,9-0,5,Scalia,1
2008,Vaden v. Discover Bank,07-773,4th Circuit,Unknown,1,9-0,5,Kennedy,1
2008,Vaden v. Discover Bank,07-773,4th Circuit,Unknown,1,9-0,5,Souter,1
2008,Vaden v. Discover Bank,07-773,4th Circuit,Unknown,1,9-0,5,Thomas,1
2008,Vaden v. Discover Bank,07-773,4th Circuit,Unknown,1,9-0,5,Ginsburg,1
2008,Vaden v. Discover Bank,07-773,4th Circuit,Unknown,1,9-0,5,Breyer,1
2008,Vaden v. Discover Bank,07-773,4th Circuit,Unknown,1,9-0,5,Jr.,1
2008,Summers v. Earth Island Institute,07-463,9th Circuit,Unknown,1,5-4,5,Jr.,1
2008,Summers v. Earth Island Institute,07-463,9th Circuit,Unknown,1,5-4,5,Stevens,0
2008,Summers v. Earth Island Institute,07-463,9th Circuit,Unknown,1,5-4,5,Scalia,1
2008,Summers v. Earth Island Institute,07-463,9th Circuit,Unknown,1,5-4,5,Kennedy,1
2008,Summers v. Earth Island Institute,07-463,9th Circuit,Unknown,1,5-4,5,Souter,0
2008,Summers v. Earth Island Institute,07-463,9th Circuit,Unknown,1,5-4,5,Thomas,1
2008,Summers v. Earth Island Institute,07-463,9th Circuit,Unknown,1,5-4,5,Ginsburg,0
2008,Summers v. Earth Island Institute,07-463,9th Circuit,Unknown,1,5-4,5,Breyer,0
2008,Summers v. Earth Island Institute,07-463,9th Circuit,Unknown,1,5-4,5,Jr.,1
2008,Pacific Bell Telephone Co. v. LinkLine Communications,07-512,9th Circuit,Unknown,1,9-0,5,Jr.,1
2008,Pacific Bell Telephone Co. v. LinkLine Communications,07-512,9th Circuit,Unknown,1,9-0,5,Stevens,1
2008,Pacific Bell Telephone Co. v. LinkLine Communications,07-512,9th Circuit,Unknown,1,9-0,5,Scalia,1
2008,Pacific Bell Telephone Co. v. LinkLine Communications,07-512,9th Circuit,Unknown,1,9-0,5,Kennedy,1
2008,Pacific Bell Telephone Co. v. LinkLine Communications,07-512,9th Circuit,Unknown,1,9-0,5,Souter,1
2008,Pacific Bell Telephone Co. v. LinkLine Communications,07-512,9th Circuit,Unknown,1,9-0,5,Thomas,1
2008,Pacific Bell Telephone Co. v. LinkLine Communications,07-512,9th Circuit,Unknown,1,9-0,5,Ginsburg,1
2008,Pacific Bell Telephone Co. v. LinkLine Communications,07-512,9th Circuit,Unknown,1,9-0,5,Breyer,1
2008,Pacific Bell Telephone Co. v. LinkLine Communications,07-512,9th Circuit,Unknown,1,9-0,5,Jr.,1
2008,Bobby v. Bies,08-598,6th Circuit,Unknown,1,9-0,5,Jr.,1
2008,Bobby v. Bies,08-598,6th Circuit,Unknown,1,9-0,5,Stevens,1
2008,Bobby v. Bies,08-598,6th Circuit,Unknown,1,9-0,5,Scalia,1
2008,Bobby v. Bies,08-598,6th Circuit,Unknown,1,9-0,5,Kennedy,1
2008,Bobby v. Bies,08-598,6th Circuit,Unknown,1,9-0,5,Souter,1
2008,Bobby v. Bies,08-598,6th Circuit,Unknown,1,9-0,5,Thomas,1
2008,Bobby v. Bies,08-598,6th Circuit,Unknown,1,9-0,5,Ginsburg,1
2008,Bobby v. Bies,08-598,6th Circuit,Unknown,1,9-0,5,Breyer,1
2008,Bobby v. Bies,08-598,6th Circuit,Unknown,1,9-0,5,Jr.,1
2008,Van de Kamp v. Goldstein,07-854,9th Circuit,Unknown,1,9-0,5,Jr.,1
2008,Van de Kamp v. Goldstein,07-854,9th Circuit,Unknown,1,9-0,5,Stevens,1
2008,Van de Kamp v. Goldstein,07-854,9th Circuit,Unknown,1,9-0,5,Scalia,1
2008,Van de Kamp v. Goldstein,07-854,9th Circuit,Unknown,1,9-0,5,Kennedy,1
2008,Van de Kamp v. Goldstein,07-854,9th Circuit,Unknown,1,9-0,5,Souter,1
2008,Van de Kamp v. Goldstein,07-854,9th Circuit,Unknown,1,9-0,5,Thomas,1
2008,Van de Kamp v. Goldstein,07-854,9th Circuit,Unknown,1,9-0,5,Ginsburg,1
2008,Van de Kamp v. Goldstein,07-854,9th Circuit,Unknown,1,9-0,5,Breyer,1
2008,Van de Kamp v. Goldstein,07-854,9th Circuit,Unknown,1,9-0,5,Jr.,1
2008,"Entergy Corp. v. Riverkeeper, Inc.",07-588,2nd Circuit,Unknown,1,5-4,5,Jr.,1
2008,"Entergy Corp. v. Riverkeeper, Inc.",07-588,2nd Circuit,Unknown,1,5-4,5,Stevens,0
2008,"Entergy Corp. v. Riverkeeper, Inc.",07-588,2nd Circuit,Unknown,1,5-4,5,Scalia,1
2008,"Entergy Corp. v. Riverkeeper, Inc.",07-588,2nd Circuit,Unknown,1,5-4,5,Kennedy,1
2008,"Entergy Corp. v. Riverkeeper, Inc.",07-588,2nd Circuit,Unknown,1,5-4,5,Souter,0
2008,"Entergy Corp. v. Riverkeeper, Inc.",07-588,2nd Circuit,Unknown,1,5-4,5,Thomas,1
2008,"Entergy Corp. v. Riverkeeper, Inc.",07-588,2nd Circuit,Unknown,1,5-4,5,Ginsburg,0
2008,"Entergy Corp. v. Riverkeeper, Inc.",07-588,2nd Circuit,Unknown,1,5-4,5,Breyer,0
2008,"Entergy Corp. v. Riverkeeper, Inc.",07-588,2nd Circuit,Unknown,1,5-4,5,Jr.,1
2008,Cone v. Bell,07-1114,6th Circuit,Unknown,1,7-2,5,Jr.,1
2008,Cone v. Bell,07-1114,6th Circuit,Unknown,1,7-2,5,Stevens,1
2008,Cone v. Bell,07-1114,6th Circuit,Unknown,1,7-2,5,Scalia,0
2008,Cone v. Bell,07-1114,6th Circuit,Unknown,1,7-2,5,Kennedy,1
2008,Cone v. Bell,07-1114,6th Circuit,Unknown,1,7-2,5,Souter,1
2008,Cone v. Bell,07-1114,6th Circuit,Unknown,1,7-2,5,Thomas,0
2008,Cone v. Bell,07-1114,6th Circuit,Unknown,1,7-2,5,Ginsburg,1
2008,Cone v. Bell,07-1114,6th Circuit,Unknown,1,7-2,5,Breyer,1
2008,Cone v. Bell,07-1114,6th Circuit,Unknown,1,7-2,5,Jr.,1
2008,"Altria Group, Inc. v. Good",07-562,1st Circuit,Unknown,0,5-4,5,Jr.,0
2008,"Altria Group, Inc. v. Good",07-562,1st Circuit,Unknown,0,5-4,5,Stevens,1
2008,"Altria Group, Inc. v. Good",07-562,1st Circuit,Unknown,0,5-4,5,Scalia,0
2008,"Altria Group, Inc. v. Good",07-562,1st Circuit,Unknown,0,5-4,5,Kennedy,1
2008,"Altria Group, Inc. v. Good",07-562,1st Circuit,Unknown,0,5-4,5,Souter,1
2008,"Altria Group, Inc. v. Good",07-562,1st Circuit,Unknown,0,5-4,5,Thomas,0
2008,"Altria Group, Inc. v. Good",07-562,1st Circuit,Unknown,0,5-4,5,Ginsburg,1
2008,"Altria Group, Inc. v. Good",07-562,1st Circuit,Unknown,0,5-4,5,Breyer,1
2008,"Altria Group, Inc. v. Good",07-562,1st Circuit,Unknown,0,5-4,5,Jr.,0
2008,"Altria Group, Inc. v. Good",07-562,1st Circuit,Unknown,0,5-4,5,Jr.,0
2008,"Altria Group, Inc. v. Good",07-562,1st Circuit,Unknown,0,5-4,5,Stevens,1
2008,"Altria Group, Inc. v. Good",07-562,1st Circuit,Unknown,0,5-4,5,Scalia,0
2008,"Altria Group, Inc. v. Good",07-562,1st Circuit,Unknown,0,5-4,5,Kennedy,1
2008,"Altria Group, Inc. v. Good",07-562,1st Circuit,Unknown,0,5-4,5,Souter,1
2008,"Altria Group, Inc. v. Good",07-562,1st Circuit,Unknown,0,5-4,5,Thomas,0
2008,"Altria Group, Inc. v. Good",07-562,1st Circuit,Unknown,0,5-4,5,Ginsburg,1
2008,"Altria Group, Inc. v. Good",07-562,1st Circuit,Unknown,0,5-4,5,Breyer,1
2008,"Altria Group, Inc. v. Good",07-562,1st Circuit,Unknown,0,5-4,5,Jr.,0
2008,Abuelhawa v. United States,08-192,4th Circuit,Unknown,1,9-0,5,Jr.,1
2008,Abuelhawa v. United States,08-192,4th Circuit,Unknown,1,9-0,5,Stevens,1
2008,Abuelhawa v. United States,08-192,4th Circuit,Unknown,1,9-0,5,Scalia,1
2008,Abuelhawa v. United States,08-192,4th Circuit,Unknown,1,9-0,5,Kennedy,1
2008,Abuelhawa v. United States,08-192,4th Circuit,Unknown,1,9-0,5,Souter,1
2008,Abuelhawa v. United States,08-192,4th Circuit,Unknown,1,9-0,5,Thomas,1
2008,Abuelhawa v. United States,08-192,4th Circuit,Unknown,1,9-0,5,Ginsburg,1
2008,Abuelhawa v. United States,08-192,4th Circuit,Unknown,1,9-0,5,Breyer,1
2008,Abuelhawa v. United States,08-192,4th Circuit,Unknown,1,9-0,5,Jr.,1
2008,Vermont v. Brillon,08-88,Other,Unknown,1,7-2,5,Jr.,1
2008,Vermont v. Brillon,08-88,Other,Unknown,1,7-2,5,Stevens,0
2008,Vermont v. Brillon,08-88,Other,Unknown,1,7-2,5,Scalia,1
2008,Vermont v. Brillon,08-88,Other,Unknown,1,7-2,5,Kennedy,1
2008,Vermont v. Brillon,08-88,Other,Unknown,1,7-2,5,Souter,1
2008,Vermont v. Brillon,08-88,Other,Unknown,1,7-2,5,Thomas,1
2008,Vermont v. Brillon,08-88,Other,Unknown,1,7-2,5,Ginsburg,1
2008,Vermont v. Brillon,08-88,Other,Unknown,1,7-2,5,Breyer,0
2008,Vermont v. Brillon,08-88,Other,Unknown,1,7-2,5,Jr.,1
2008,Ysursa v. Pocatello Education Association,07-869,9th Circuit,Unknown,1,6-3,5,Jr.,1
2008,Ysursa v. Pocatello Education Association,07-869,9th Circuit,Unknown,1,6-3,5,Stevens,0
2008,Ysursa v. Pocatello Education Association,07-869,9th Circuit,Unknown,1,6-3,5,Scalia,1
2008,Ysursa v. Pocatello Education Association,07-869,9th Circuit,Unknown,1,6-3,5,Kennedy,1
2008,Ysursa v. Pocatello Education Association,07-869,9th Circuit,Unknown,1,6-3,5,Souter,0
2008,Ysursa v. Pocatello Education Association,07-869,9th Circuit,Unknown,1,6-3,5,Thomas,1
2008,Ysursa v. Pocatello Education Association,07-869,9th Circuit,Unknown,1,6-3,5,Ginsburg,1
2008,Ysursa v. Pocatello Education Association,07-869,9th Circuit,Unknown,1,6-3,5,Breyer,0
2008,Ysursa v. Pocatello Education Association,07-869,9th Circuit,Unknown,1,6-3,5,Jr.,1
2008,"Cuomo v. Clearing House Assn., L. L. C.",08-453,2nd Circuit,Unknown,0,9-0,5,Jr.,1
2008,"Cuomo v. Clearing House Assn., L. L. C.",08-453,2nd Circuit,Unknown,0,9-0,5,Stevens,1
2008,"Cuomo v. Clearing House Assn., L. L. C.",08-453,2nd Circuit,Unknown,0,9-0,5,Scalia,1
2008,"Cuomo v. Clearing House Assn., L. L. C.",08-453,2nd Circuit,Unknown,0,9-0,5,Kennedy,1
2008,"Cuomo v. Clearing House Assn., L. L. C.",08-453,2nd Circuit,Unknown,0,9-0,5,Souter,1
2008,"Cuomo v. Clearing House Assn., L. L. C.",08-453,2nd Circuit,Unknown,0,9-0,5,Thomas,1
2008,"Cuomo v. Clearing House Assn., L. L. C.",08-453,2nd Circuit,Unknown,0,9-0,5,Ginsburg,1
2008,"Cuomo v. Clearing House Assn., L. L. C.",08-453,2nd Circuit,Unknown,0,9-0,5,Breyer,1
2008,"Cuomo v. Clearing House Assn., L. L. C.",08-453,2nd Circuit,Unknown,0,9-0,5,Jr.,1
2008,"Cuomo v. Clearing House Assn., L. L. C.",08-453,2nd Circuit,Unknown,0,5-4,5,Jr.,0
2008,"Cuomo v. Clearing House Assn., L. L. C.",08-453,2nd Circuit,Unknown,0,5-4,5,Stevens,1
2008,"Cuomo v. Clearing House Assn., L. L. C.",08-453,2nd Circuit,Unknown,0,5-4,5,Scalia,1
2008,"Cuomo v. Clearing House Assn., L. L. C.",08-453,2nd Circuit,Unknown,0,5-4,5,Kennedy,0
2008,"Cuomo v. Clearing House Assn., L. L. C.",08-453,2nd Circuit,Unknown,0,5-4,5,Souter,1
2008,"Cuomo v. Clearing House Assn., L. L. C.",08-453,2nd Circuit,Unknown,0,5-4,5,Thomas,0
2008,"Cuomo v. Clearing House Assn., L. L. C.",08-453,2nd Circuit,Unknown,0,5-4,5,Ginsburg,1
2008,"Cuomo v. Clearing House Assn., L. L. C.",08-453,2nd Circuit,Unknown,0,5-4,5,Breyer,1
2008,"Cuomo v. Clearing House Assn., L. L. C.",08-453,2nd Circuit,Unknown,0,5-4,5,Jr.,0
2008,United States v. Navajo Nation,07-1410,Federal Circuit,Unknown,1,9-0,5,Jr.,1
2008,United States v. Navajo Nation,07-1410,Federal Circuit,Unknown,1,9-0,5,Stevens,1
2008,United States v. Navajo Nation,07-1410,Federal Circuit,Unknown,1,9-0,5,Scalia,1
2008,United States v. Navajo Nation,07-1410,Federal Circuit,Unknown,1,9-0,5,Kennedy,1
2008,United States v. Navajo Nation,07-1410,Federal Circuit,Unknown,1,9-0,5,Souter,1
2008,United States v. Navajo Nation,07-1410,Federal Circuit,Unknown,1,9-0,5,Thomas,1
2008,United States v. Navajo Nation,07-1410,Federal Circuit,Unknown,1,9-0,5,Ginsburg,1
2008,United States v. Navajo Nation,07-1410,Federal Circuit,Unknown,1,9-0,5,Breyer,1
2008,United States v. Navajo Nation,07-1410,Federal Circuit,Unknown,1,9-0,5,Jr.,1
2008,Yeager v. United States,08-67,5th Circuit,Unknown,1,6-3,5,Jr.,1
2008,Yeager v. United States,08-67,5th Circuit,Unknown,1,6-3,5,Stevens,1
2008,Yeager v. United States,08-67,5th Circuit,Unknown,1,6-3,5,Scalia,0
2008,Yeager v. United States,08-67,5th Circuit,Unknown,1,6-3,5,Kennedy,1
2008,Yeager v. United States,08-67,5th Circuit,Unknown,1,6-3,5,Souter,1
2008,Yeager v. United States,08-67,5th Circuit,Unknown,1,6-3,5,Thomas,0
2008,Yeager v. United States,08-67,5th Circuit,Unknown,1,6-3,5,Ginsburg,1
2008,Yeager v. United States,08-67,5th Circuit,Unknown,1,6-3,5,Breyer,1
2008,Yeager v. United States,08-67,5th Circuit,Unknown,1,6-3,5,Jr.,0
2008,Knowles v. Mirzayance,07-1315,9th Circuit,Unknown,1,9-0,5,Jr.,1
2008,Knowles v. Mirzayance,07-1315,9th Circuit,Unknown,1,9-0,5,Stevens,1
2008,Knowles v. Mirzayance,07-1315,9th Circuit,Unknown,1,9-0,5,Scalia,1
2008,Knowles v. Mirzayance,07-1315,9th Circuit,Unknown,1,9-0,5,Kennedy,1
2008,Knowles v. Mirzayance,07-1315,9th Circuit,Unknown,1,9-0,5,Souter,1
2008,Knowles v. Mirzayance,07-1315,9th Circuit,Unknown,1,9-0,5,Thomas,1
2008,Knowles v. Mirzayance,07-1315,9th Circuit,Unknown,1,9-0,5,Ginsburg,1
2008,Knowles v. Mirzayance,07-1315,9th Circuit,Unknown,1,9-0,5,Breyer,1
2008,Knowles v. Mirzayance,07-1315,9th Circuit,Unknown,1,9-0,5,Jr.,1
2008,Haywood v. Drown,07-10374,Other,Unknown,1,5-4,5,Jr.,0
2008,Haywood v. Drown,07-10374,Other,Unknown,1,5-4,5,Stevens,1
2008,Haywood v. Drown,07-10374,Other,Unknown,1,5-4,5,Scalia,0
2008,Haywood v. Drown,07-10374,Other,Unknown,1,5-4,5,Kennedy,1
2008,Haywood v. Drown,07-10374,Other,Unknown,1,5-4,5,Souter,1
2008,Haywood v. Drown,07-10374,Other,Unknown,1,5-4,5,Thomas,0
2008,Haywood v. Drown,07-10374,Other,Unknown,1,5-4,5,Ginsburg,1
2008,Haywood v. Drown,07-10374,Other,Unknown,1,5-4,5,Breyer,1
2008,Haywood v. Drown,07-10374,Other,Unknown,1,5-4,5,Jr.,0
2008,Nken v. Holder,08-681,4th Circuit,Unknown,1,7-2,5,Jr.,1
2008,Nken v. Holder,08-681,4th Circuit,Unknown,1,7-2,5,Stevens,1
2008,Nken v. Holder,08-681,4th Circuit,Unknown,1,7-2,5,Scalia,1
2008,Nken v. Holder,08-681,4th Circuit,Unknown,1,7-2,5,Kennedy,1
2008,Nken v. Holder,08-681,4th Circuit,Unknown,1,7-2,5,Souter,1
2008,Nken v. Holder,08-681,4th Circuit,Unknown,1,7-2,5,Thomas,0
2008,Nken v. Holder,08-681,4th Circuit,Unknown,1,7-2,5,Ginsburg,1
2008,Nken v. Holder,08-681,4th Circuit,Unknown,1,7-2,5,Breyer,1
2008,Nken v. Holder,08-681,4th Circuit,Unknown,1,7-2,5,Jr.,0
2008,Oregon v. Ice,07-901,Other,Unknown,1,5-4,5,Jr.,0
2008,Oregon v. Ice,07-901,Other,Unknown,1,5-4,5,Stevens,1
2008,Oregon v. Ice,07-901,Other,Unknown,1,5-4,5,Scalia,0
2008,Oregon v. Ice,07-901,Other,Unknown,1,5-4,5,Kennedy,1
2008,Oregon v. Ice,07-901,Other,Unknown,1,5-4,5,Souter,0
2008,Oregon v. Ice,07-901,Other,Unknown,1,5-4,5,Thomas,0
2008,Oregon v. Ice,07-901,Other,Unknown,1,5-4,5,Ginsburg,1
2008,Oregon v. Ice,07-901,Other,Unknown,1,5-4,5,Breyer,1
2008,Oregon v. Ice,07-901,Other,Unknown,1,5-4,5,Jr.,1
2008,Nelson v. United States,08-5657,4th Circuit,Unknown,1,9-0,5,Jr.,1
2008,Nelson v. United States,08-5657,4th Circuit,Unknown,1,9-0,5,Stevens,1
2008,Nelson v. United States,08-5657,4th Circuit,Unknown,1,9-0,5,Scalia,1
2008,Nelson v. United States,08-5657,4th Circuit,Unknown,1,9-0,5,Kennedy,1
2008,Nelson v. United States,08-5657,4th Circuit,Unknown,1,9-0,5,Souter,1
2008,Nelson v. United States,08-5657,4th Circuit,Unknown,1,9-0,5,Thomas,1
2008,Nelson v. United States,08-5657,4th Circuit,Unknown,1,9-0,5,Ginsburg,1
2008,Nelson v. United States,08-5657,4th Circuit,Unknown,1,9-0,5,Breyer,1
2008,Nelson v. United States,08-5657,4th Circuit,Unknown,1,9-0,5,Jr.,1
2008,Hedgpeth v. Pulido,07-544,9th Circuit,Unknown,1,6-3,5,Jr.,1
2008,Hedgpeth v. Pulido,07-544,9th Circuit,Unknown,1,6-3,5,Stevens,0
2008,Hedgpeth v. Pulido,07-544,9th Circuit,Unknown,1,6-3,5,Scalia,1
2008,Hedgpeth v. Pulido,07-544,9th Circuit,Unknown,1,6-3,5,Kennedy,1
2008,Hedgpeth v. Pulido,07-544,9th Circuit,Unknown,1,6-3,5,Souter,0
2008,Hedgpeth v. Pulido,07-544,9th Circuit,Unknown,1,6-3,5,Thomas,1
2008,Hedgpeth v. Pulido,07-544,9th Circuit,Unknown,1,6-3,5,Ginsburg,0
2008,Hedgpeth v. Pulido,07-544,9th Circuit,Unknown,1,6-3,5,Breyer,1
2008,Hedgpeth v. Pulido,07-544,9th Circuit,Unknown,1,6-3,5,Jr.,1
2008,District Attorney's Office for the Third Judicial District v. Osborne,08-6,9th Circuit,Unknown,1,5-4,5,Jr.,1
2008,District Attorney's Office for the Third Judicial District v. Osborne,08-6,9th Circuit,Unknown,1,5-4,5,Stevens,0
2008,District Attorney's Office for the Third Judicial District v. Osborne,08-6,9th Circuit,Unknown,1,5-4,5,Scalia,1
2008,District Attorney's Office for the Third Judicial District v. Osborne,08-6,9th Circuit,Unknown,1,5-4,5,Kennedy,1
2008,District Attorney's Office for the Third Judicial District v. Osborne,08-6,9th Circuit,Unknown,1,5-4,5,Souter,0
2008,District Attorney's Office for the Third Judicial District v. Osborne,08-6,9th Circuit,Unknown,1,5-4,5,Thomas,1
2008,District Attorney's Office for the Third Judicial District v. Osborne,08-6,9th Circuit,Unknown,1,5-4,5,Ginsburg,0
2008,District Attorney's Office for the Third Judicial District v. Osborne,08-6,9th Circuit,Unknown,1,5-4,5,Breyer,0
2008,District Attorney's Office for the Third Judicial District v. Osborne,08-6,9th Circuit,Unknown,1,5-4,5,Jr.,1
2007,Danforth v. Minnesota,06-8273,Other,Unknown,1,7-2,5,Stevens,1
2007,Danforth v. Minnesota,06-8273,Other,Unknown,1,7-2,5,Scalia,1
2007,Danforth v. Minnesota,06-8273,Other,Unknown,1,7-2,5,Kennedy,0
2007,Danforth v. Minnesota,06-8273,Other,Unknown,1,7-2,5,Souter,1
2007,Danforth v. Minnesota,06-8273,Other,Unknown,1,7-2,5,Thomas,1
2007,Danforth v. Minnesota,06-8273,Other,Unknown,1,7-2,5,Ginsburg,1
2007,Danforth v. Minnesota,06-8273,Other,Unknown,1,7-2,5,Breyer,1
2007,Danforth v. Minnesota,06-8273,Other,Unknown,1,7-2,5,Jr.,0
2007,Danforth v. Minnesota,06-8273,Other,Unknown,1,7-2,5,Jr.,1
2007,"Allison Engine Co., Inc. v. United States ex rel. Sanders",07-214,6th Circuit,Unknown,1,9-0,5,Stevens,1
2007,"Allison Engine Co., Inc. v. United States ex rel. Sanders",07-214,6th Circuit,Unknown,1,9-0,5,Scalia,1
2007,"Allison Engine Co., Inc. v. United States ex rel. Sanders",07-214,6th Circuit,Unknown,1,9-0,5,Kennedy,1
2007,"Allison Engine Co., Inc. v. United States ex rel. Sanders",07-214,6th Circuit,Unknown,1,9-0,5,Souter,1
2007,"Allison Engine Co., Inc. v. United States ex rel. Sanders",07-214,6th Circuit,Unknown,1,9-0,5,Thomas,1
2007,"Allison Engine Co., Inc. v. United States ex rel. Sanders",07-214,6th Circuit,Unknown,1,9-0,5,Ginsburg,1
2007,"Allison Engine Co., Inc. v. United States ex rel. Sanders",07-214,6th Circuit,Unknown,1,9-0,5,Breyer,1
2007,"Allison Engine Co., Inc. v. United States ex rel. Sanders",07-214,6th Circuit,Unknown,1,9-0,5,Jr.,1
2007,"Allison Engine Co., Inc. v. United States ex rel. Sanders",07-214,6th Circuit,Unknown,1,9-0,5,Jr.,1
2007,"LaRue v. DeWolff, Boberg & Associates, Inc.",06-856,4th Circuit,Unknown,1,9-0,5,Stevens,1
2007,"LaRue v. DeWolff, Boberg & Associates, Inc.",06-856,4th Circuit,Unknown,1,9-0,5,Scalia,1
2007,"LaRue v. DeWolff, Boberg & Associates, Inc.",06-856,4th Circuit,Unknown,1,9-0,5,Kennedy,1
2007,"LaRue v. DeWolff, Boberg & Associates, Inc.",06-856,4th Circuit,Unknown,1,9-0,5,Souter,1
2007,"LaRue v. DeWolff, Boberg & Associates, Inc.",06-856,4th Circuit,Unknown,1,9-0,5,Thomas,1
2007,"LaRue v. DeWolff, Boberg & Associates, Inc.",06-856,4th Circuit,Unknown,1,9-0,5,Ginsburg,1
2007,"LaRue v. DeWolff, Boberg & Associates, Inc.",06-856,4th Circuit,Unknown,1,9-0,5,Breyer,1
2007,"LaRue v. DeWolff, Boberg & Associates, Inc.",06-856,4th Circuit,Unknown,1,9-0,5,Jr.,1
2007,"LaRue v. DeWolff, Boberg & Associates, Inc.",06-856,4th Circuit,Unknown,1,9-0,5,Jr.,1
2007,Boulware v. United States,06-1509,9th Circuit,Unknown,1,9-0,5,Stevens,1
2007,Boulware v. United States,06-1509,9th Circuit,Unknown,1,9-0,5,Scalia,1
2007,Boulware v. United States,06-1509,9th Circuit,Unknown,1,9-0,5,Kennedy,1
2007,Boulware v. United States,06-1509,9th Circuit,Unknown,1,9-0,5,Souter,1
2007,Boulware v. United States,06-1509,9th Circuit,Unknown,1,9-0,5,Thomas,1
2007,Boulware v. United States,06-1509,9th Circuit,Unknown,1,9-0,5,Ginsburg,1
2007,Boulware v. United States,06-1509,9th Circuit,Unknown,1,9-0,5,Breyer,1
2007,Boulware v. United States,06-1509,9th Circuit,Unknown,1,9-0,5,Jr.,1
2007,Boulware v. United States,06-1509,9th Circuit,Unknown,1,9-0,5,Jr.,1
2007,United States v. Ressam,07-455,9th Circuit,Unknown,1,8-1,5,Stevens,1
2007,United States v. Ressam,07-455,9th Circuit,Unknown,1,8-1,5,Scalia,1
2007,United States v. Ressam,07-455,9th Circuit,Unknown,1,8-1,5,Kennedy,1
2007,United States v. Ressam,07-455,9th Circuit,Unknown,1,8-1,5,Souter,1
2007,United States v. Ressam,07-455,9th Circuit,Unknown,1,8-1,5,Thomas,1
2007,United States v. Ressam,07-455,9th Circuit,Unknown,1,8-1,5,Ginsburg,1
2007,United States v. Ressam,07-455,9th Circuit,Unknown,1,8-1,5,Breyer,0
2007,United States v. Ressam,07-455,9th Circuit,Unknown,1,8-1,5,Jr.,1
2007,United States v. Ressam,07-455,9th Circuit,Unknown,1,8-1,5,Jr.,1
2007,Davis v. Federal Election Commission,07-320,Other,Unknown,1,5-4,5,Stevens,0
2007,Davis v. Federal Election Commission,07-320,Other,Unknown,1,5-4,5,Scalia,1
2007,Davis v. Federal Election Commission,07-320,Other,Unknown,1,5-4,5,Kennedy,1
2007,Davis v. Federal Election Commission,07-320,Other,Unknown,1,5-4,5,Souter,0
2007,Davis v. Federal Election Commission,07-320,Other,Unknown,1,5-4,5,Thomas,1
2007,Davis v. Federal Election Commission,07-320,Other,Unknown,1,5-4,5,Ginsburg,0
2007,Davis v. Federal Election Commission,07-320,Other,Unknown,1,5-4,5,Breyer,0
2007,Davis v. Federal Election Commission,07-320,Other,Unknown,1,5-4,5,Jr.,1
2007,Davis v. Federal Election Commission,07-320,Other,Unknown,1,5-4,5,Jr.,1
2007,Rothgery v. Gillespie County,07-440,5th Circuit,Unknown,1,8-1,5,Jr.,1
2007,Rothgery v. Gillespie County,07-440,5th Circuit,Unknown,1,8-1,5,Stevens,1
2007,Rothgery v. Gillespie County,07-440,5th Circuit,Unknown,1,8-1,5,Scalia,1
2007,Rothgery v. Gillespie County,07-440,5th Circuit,Unknown,1,8-1,5,Kennedy,1
2007,Rothgery v. Gillespie County,07-440,5th Circuit,Unknown,1,8-1,5,Souter,1
2007,Rothgery v. Gillespie County,07-440,5th Circuit,Unknown,1,8-1,5,Thomas,0
2007,Rothgery v. Gillespie County,07-440,5th Circuit,Unknown,1,8-1,5,Ginsburg,1
2007,Rothgery v. Gillespie County,07-440,5th Circuit,Unknown,1,8-1,5,Breyer,1
2007,Rothgery v. Gillespie County,07-440,5th Circuit,Unknown,1,8-1,5,Jr.,1
2007,Kentucky Retirement Systems v. EEOC,06-1037,6th Circuit,Unknown,1,5-4,5,Stevens,1
2007,Kentucky Retirement Systems v. EEOC,06-1037,6th Circuit,Unknown,1,5-4,5,Scalia,0
2007,Kentucky Retirement Systems v. EEOC,06-1037,6th Circuit,Unknown,1,5-4,5,Kennedy,0
2007,Kentucky Retirement Systems v. EEOC,06-1037,6th Circuit,Unknown,1,5-4,5,Souter,1
2007,Kentucky Retirement Systems v. EEOC,06-1037,6th Circuit,Unknown,1,5-4,5,Thomas,1
2007,Kentucky Retirement Systems v. EEOC,06-1037,6th Circuit,Unknown,1,5-4,5,Ginsburg,0
2007,Kentucky Retirement Systems v. EEOC,06-1037,6th Circuit,Unknown,1,5-4,5,Breyer,1
2007,Kentucky Retirement Systems v. EEOC,06-1037,6th Circuit,Unknown,1,5-4,5,Jr.,1
2007,Kentucky Retirement Systems v. EEOC,06-1037,6th Circuit,Unknown,1,5-4,5,Jr.,0
2007,Meacham v. Knolls Atomic Power Laboratory,06-1505,2nd Circuit,Unknown,1,7-2,5,Stevens,1
2007,Meacham v. Knolls Atomic Power Laboratory,06-1505,2nd Circuit,Unknown,1,7-2,5,Scalia,1
2007,Meacham v. Knolls Atomic Power Laboratory,06-1505,2nd Circuit,Unknown,1,7-2,5,Kennedy,1
2007,Meacham v. Knolls Atomic Power Laboratory,06-1505,2nd Circuit,Unknown,1,7-2,5,Souter,1
2007,Meacham v. Knolls Atomic Power Laboratory,06-1505,2nd Circuit,Unknown,1,7-2,5,Thomas,0
2007,Meacham v. Knolls Atomic Power Laboratory,06-1505,2nd Circuit,Unknown,1,7-2,5,Ginsburg,1
2007,Meacham v. Knolls Atomic Power Laboratory,06-1505,2nd Circuit,Unknown,1,7-2,5,Breyer,0
2007,Meacham v. Knolls Atomic Power Laboratory,06-1505,2nd Circuit,Unknown,1,7-2,5,Jr.,1
2007,Meacham v. Knolls Atomic Power Laboratory,06-1505,2nd Circuit,Unknown,1,7-2,5,Jr.,1
2007,Plains Commerce Bank v. Long Family Land & Cattle Co.,07-411,8th Circuit,Unknown,1,5-4,5,Stevens,0
2007,Plains Commerce Bank v. Long Family Land & Cattle Co.,07-411,8th Circuit,Unknown,1,5-4,5,Scalia,1
2007,Plains Commerce Bank v. Long Family Land & Cattle Co.,07-411,8th Circuit,Unknown,1,5-4,5,Kennedy,1
2007,Plains Commerce Bank v. Long Family Land & Cattle Co.,07-411,8th Circuit,Unknown,1,5-4,5,Souter,0
2007,Plains Commerce Bank v. Long Family Land & Cattle Co.,07-411,8th Circuit,Unknown,1,5-4,5,Thomas,1
2007,Plains Commerce Bank v. Long Family Land & Cattle Co.,07-411,8th Circuit,Unknown,1,5-4,5,Ginsburg,0
2007,Plains Commerce Bank v. Long Family Land & Cattle Co.,07-411,8th Circuit,Unknown,1,5-4,5,Breyer,0
2007,Plains Commerce Bank v. Long Family Land & Cattle Co.,07-411,8th Circuit,Unknown,1,5-4,5,Jr.,1
2007,Plains Commerce Bank v. Long Family Land & Cattle Co.,07-411,8th Circuit,Unknown,1,5-4,5,Jr.,1
2007,Kimbrough v. United States,06-6330,4th Circuit,Unknown,1,7-2,5,Stevens,1
2007,Kimbrough v. United States,06-6330,4th Circuit,Unknown,1,7-2,5,Scalia,1
2007,Kimbrough v. United States,06-6330,4th Circuit,Unknown,1,7-2,5,Kennedy,1
2007,Kimbrough v. United States,06-6330,4th Circuit,Unknown,1,7-2,5,Souter,1
2007,Kimbrough v. United States,06-6330,4th Circuit,Unknown,1,7-2,5,Thomas,0
2007,Kimbrough v. United States,06-6330,4th Circuit,Unknown,1,7-2,5,Ginsburg,1
2007,Kimbrough v. United States,06-6330,4th Circuit,Unknown,1,7-2,5,Breyer,1
2007,Kimbrough v. United States,06-6330,4th Circuit,Unknown,1,7-2,5,Jr.,1
2007,Kimbrough v. United States,06-6330,4th Circuit,Unknown,1,7-2,5,Jr.,0
2007,Snyder v. Louisiana,06-10119,Other,Unknown,1,7-2,5,Stevens,1
2007,Snyder v. Louisiana,06-10119,Other,Unknown,1,7-2,5,Scalia,0
2007,Snyder v. Louisiana,06-10119,Other,Unknown,1,7-2,5,Kennedy,1
2007,Snyder v. Louisiana,06-10119,Other,Unknown,1,7-2,5,Souter,1
2007,Snyder v. Louisiana,06-10119,Other,Unknown,1,7-2,5,Thomas,0
2007,Snyder v. Louisiana,06-10119,Other,Unknown,1,7-2,5,Ginsburg,1
2007,Snyder v. Louisiana,06-10119,Other,Unknown,1,7-2,5,Breyer,1
2007,Snyder v. Louisiana,06-10119,Other,Unknown,1,7-2,5,Jr.,1
2007,Snyder v. Louisiana,06-10119,Other,Unknown,1,7-2,5,Jr.,1
2007,Begay v. United States,06-11543,10th Circuit,Unknown,1,6-3,5,Jr.,1
2007,Begay v. United States,06-11543,10th Circuit,Unknown,1,6-3,5,Stevens,1
2007,Begay v. United States,06-11543,10th Circuit,Unknown,1,6-3,5,Scalia,1
2007,Begay v. United States,06-11543,10th Circuit,Unknown,1,6-3,5,Kennedy,1
2007,Begay v. United States,06-11543,10th Circuit,Unknown,1,6-3,5,Souter,0
2007,Begay v. United States,06-11543,10th Circuit,Unknown,1,6-3,5,Thomas,0
2007,Begay v. United States,06-11543,10th Circuit,Unknown,1,6-3,5,Ginsburg,1
2007,Begay v. United States,06-11543,10th Circuit,Unknown,1,6-3,5,Breyer,1
2007,Begay v. United States,06-11543,10th Circuit,Unknown,1,6-3,5,Jr.,0
2007,Medellin v. Texas,06-984,State Supreme Court,Unknown,0,6-3,5,Stevens,1
2007,Medellin v. Texas,06-984,State Supreme Court,Unknown,0,6-3,5,Scalia,1
2007,Medellin v. Texas,06-984,State Supreme Court,Unknown,0,6-3,5,Kennedy,1
2007,Medellin v. Texas,06-984,State Supreme Court,Unknown,0,6-3,5,Souter,0
2007,Medellin v. Texas,06-984,State Supreme Court,Unknown,0,6-3,5,Thomas,1
2007,Medellin v. Texas,06-984,State Supreme Court,Unknown,0,6-3,5,Ginsburg,0
2007,Medellin v. Texas,06-984,State Supreme Court,Unknown,0,6-3,5,Breyer,0
2007,Medellin v. Texas,06-984,State Supreme Court,Unknown,0,6-3,5,Jr.,1
2007,Medellin v. Texas,06-984,State Supreme Court,Unknown,0,6-3,5,Jr.,1
2007,Wright v. Van Patten,07-212,7th Circuit,Unknown,1,9-0,5,Stevens,1
2007,Wright v. Van Patten,07-212,7th Circuit,Unknown,1,9-0,5,Scalia,1
2007,Wright v. Van Patten,07-212,7th Circuit,Unknown,1,9-0,5,Kennedy,1
2007,Wright v. Van Patten,07-212,7th Circuit,Unknown,1,9-0,5,Souter,1
2007,Wright v. Van Patten,07-212,7th Circuit,Unknown,1,9-0,5,Thomas,1
2007,Wright v. Van Patten,07-212,7th Circuit,Unknown,1,9-0,5,Ginsburg,1
2007,Wright v. Van Patten,07-212,7th Circuit,Unknown,1,9-0,5,Breyer,1
2007,Wright v. Van Patten,07-212,7th Circuit,Unknown,1,9-0,5,Jr.,1
2007,Wright v. Van Patten,07-212,7th Circuit,Unknown,1,9-0,5,Jr.,1
2007,Exxon Shipping Co. v. Baker,07-219,9th Circuit,Unknown,1,5-4,5,Jr.,1
2007,Exxon Shipping Co. v. Baker,07-219,9th Circuit,Unknown,1,5-4,5,Stevens,0
2007,Exxon Shipping Co. v. Baker,07-219,9th Circuit,Unknown,1,5-4,5,Scalia,1
2007,Exxon Shipping Co. v. Baker,07-219,9th Circuit,Unknown,1,5-4,5,Kennedy,1
2007,Exxon Shipping Co. v. Baker,07-219,9th Circuit,Unknown,1,5-4,5,Souter,1
2007,Exxon Shipping Co. v. Baker,07-219,9th Circuit,Unknown,1,5-4,5,Thomas,1
2007,Exxon Shipping Co. v. Baker,07-219,9th Circuit,Unknown,1,5-4,5,Ginsburg,0
2007,Exxon Shipping Co. v. Baker,07-219,9th Circuit,Unknown,1,5-4,5,Breyer,0
2007,Exxon Shipping Co. v. Baker,07-219,9th Circuit,Unknown,1,5-4,5,Jr.,0
2007,"Florida Department of Revenue v. Piccadilly Cafeterias, Inc.",07-312,11th Circuit,Unknown,1,7-2,5,Stevens,0
2007,"Florida Department of Revenue v. Piccadilly Cafeterias, Inc.",07-312,11th Circuit,Unknown,1,7-2,5,Scalia,1
2007,"Florida Department of Revenue v. Piccadilly Cafeterias, Inc.",07-312,11th Circuit,Unknown,1,7-2,5,Kennedy,1
2007,"Florida Department of Revenue v. Piccadilly Cafeterias, Inc.",07-312,11th Circuit,Unknown,1,7-2,5,Souter,1
2007,"Florida Department of Revenue v. Piccadilly Cafeterias, Inc.",07-312,11th Circuit,Unknown,1,7-2,5,Thomas,1
2007,"Florida Department of Revenue v. Piccadilly Cafeterias, Inc.",07-312,11th Circuit,Unknown,1,7-2,5,Ginsburg,1
2007,"Florida Department of Revenue v. Piccadilly Cafeterias, Inc.",07-312,11th Circuit,Unknown,1,7-2,5,Breyer,0
2007,"Florida Department of Revenue v. Piccadilly Cafeterias, Inc.",07-312,11th Circuit,Unknown,1,7-2,5,Jr.,1
2007,"Florida Department of Revenue v. Piccadilly Cafeterias, Inc.",07-312,11th Circuit,Unknown,1,7-2,5,Jr.,1
2007,Dada v. Mukasey,06-1181,5th Circuit,Unknown,1,5-4,5,Stevens,1
2007,Dada v. Mukasey,06-1181,5th Circuit,Unknown,1,5-4,5,Scalia,0
2007,Dada v. Mukasey,06-1181,5th Circuit,Unknown,1,5-4,5,Kennedy,1
2007,Dada v. Mukasey,06-1181,5th Circuit,Unknown,1,5-4,5,Souter,1
2007,Dada v. Mukasey,06-1181,5th Circuit,Unknown,1,5-4,5,Thomas,0
2007,Dada v. Mukasey,06-1181,5th Circuit,Unknown,1,5-4,5,Ginsburg,1
2007,Dada v. Mukasey,06-1181,5th Circuit,Unknown,1,5-4,5,Breyer,1
2007,Dada v. Mukasey,06-1181,5th Circuit,Unknown,1,5-4,5,Jr.,0
2007,Dada v. Mukasey,06-1181,5th Circuit,Unknown,1,5-4,5,Jr.,0
2007,Sprint/United Management Co. v. Mendelsohn,06-1221,10th Circuit,Unknown,1,9-0,5,Stevens,1
2007,Sprint/United Management Co. v. Mendelsohn,06-1221,10th Circuit,Unknown,1,9-0,5,Scalia,1
2007,Sprint/United Management Co. v. Mendelsohn,06-1221,10th Circuit,Unknown,1,9-0,5,Kennedy,1
2007,Sprint/United Management Co. v. Mendelsohn,06-1221,10th Circuit,Unknown,1,9-0,5,Souter,1
2007,Sprint/United Management Co. v. Mendelsohn,06-1221,10th Circuit,Unknown,1,9-0,5,Thomas,1
2007,Sprint/United Management Co. v. Mendelsohn,06-1221,10th Circuit,Unknown,1,9-0,5,Ginsburg,1
2007,Sprint/United Management Co. v. Mendelsohn,06-1221,10th Circuit,Unknown,1,9-0,5,Breyer,1
2007,Sprint/United Management Co. v. Mendelsohn,06-1221,10th Circuit,Unknown,1,9-0,5,Jr.,1
2007,Sprint/United Management Co. v. Mendelsohn,06-1221,10th Circuit,Unknown,1,9-0,5,Jr.,1
2007,United States v. Clintwood Elkhorn Mining Co.,07-308,Federal Circuit,Unknown,1,9-0,5,Stevens,1
2007,United States v. Clintwood Elkhorn Mining Co.,07-308,Federal Circuit,Unknown,1,9-0,5,Scalia,1
2007,United States v. Clintwood Elkhorn Mining Co.,07-308,Federal Circuit,Unknown,1,9-0,5,Kennedy,1
2007,United States v. Clintwood Elkhorn Mining Co.,07-308,Federal Circuit,Unknown,1,9-0,5,Souter,1
2007,United States v. Clintwood Elkhorn Mining Co.,07-308,Federal Circuit,Unknown,1,9-0,5,Thomas,1
2007,United States v. Clintwood Elkhorn Mining Co.,07-308,Federal Circuit,Unknown,1,9-0,5,Ginsburg,1
2007,United States v. Clintwood Elkhorn Mining Co.,07-308,Federal Circuit,Unknown,1,9-0,5,Breyer,1
2007,United States v. Clintwood Elkhorn Mining Co.,07-308,Federal Circuit,Unknown,1,9-0,5,Jr.,1
2007,United States v. Clintwood Elkhorn Mining Co.,07-308,Federal Circuit,Unknown,1,9-0,5,Jr.,1
2007,Gonzalez v. United States,06-11612,5th Circuit,Unknown,0,8-1,5,Jr.,1
2007,Gonzalez v. United States,06-11612,5th Circuit,Unknown,0,8-1,5,Stevens,1
2007,Gonzalez v. United States,06-11612,5th Circuit,Unknown,0,8-1,5,Scalia,1
2007,Gonzalez v. United States,06-11612,5th Circuit,Unknown,0,8-1,5,Kennedy,1
2007,Gonzalez v. United States,06-11612,5th Circuit,Unknown,0,8-1,5,Souter,1
2007,Gonzalez v. United States,06-11612,5th Circuit,Unknown,0,8-1,5,Thomas,0
2007,Gonzalez v. United States,06-11612,5th Circuit,Unknown,0,8-1,5,Ginsburg,1
2007,Gonzalez v. United States,06-11612,5th Circuit,Unknown,0,8-1,5,Breyer,1
2007,Gonzalez v. United States,06-11612,5th Circuit,Unknown,0,8-1,5,Jr.,1
2007,Greenlaw v. United States,07-330,8th Circuit,Unknown,1,6-3,5,Stevens,0
2007,Greenlaw v. United States,07-330,8th Circuit,Unknown,1,6-3,5,Scalia,1
2007,Greenlaw v. United States,07-330,8th Circuit,Unknown,1,6-3,5,Kennedy,1
2007,Greenlaw v. United States,07-330,8th Circuit,Unknown,1,6-3,5,Souter,1
2007,Greenlaw v. United States,07-330,8th Circuit,Unknown,1,6-3,5,Thomas,1
2007,Greenlaw v. United States,07-330,8th Circuit,Unknown,1,6-3,5,Ginsburg,1
2007,Greenlaw v. United States,07-330,8th Circuit,Unknown,1,6-3,5,Breyer,0
2007,Greenlaw v. United States,07-330,8th Circuit,Unknown,1,6-3,5,Jr.,1
2007,Greenlaw v. United States,07-330,8th Circuit,Unknown,1,6-3,5,Jr.,0
2007,Boumediene v. Bush,06-1195,Other,Unknown,1,5-4,5,Stevens,1
2007,Boumediene v. Bush,06-1195,Other,Unknown,1,5-4,5,Scalia,0
2007,Boumediene v. Bush,06-1195,Other,Unknown,1,5-4,5,Kennedy,1
2007,Boumediene v. Bush,06-1195,Other,Unknown,1,5-4,5,Souter,1
2007,Boumediene v. Bush,06-1195,Other,Unknown,1,5-4,5,Thomas,0
2007,Boumediene v. Bush,06-1195,Other,Unknown,1,5-4,5,Ginsburg,1
2007,Boumediene v. Bush,06-1195,Other,Unknown,1,5-4,5,Breyer,1
2007,Boumediene v. Bush,06-1195,Other,Unknown,1,5-4,5,Jr.,0
2007,Boumediene v. Bush,06-1195,Other,Unknown,1,5-4,5,Jr.,0
2007,"CSX Transportation, Inc. v. Georgia State Board of Equalization",06-1287,11th Circuit,Unknown,1,9-0,5,Stevens,1
2007,"CSX Transportation, Inc. v. Georgia State Board of Equalization",06-1287,11th Circuit,Unknown,1,9-0,5,Scalia,1
2007,"CSX Transportation, Inc. v. Georgia State Board of Equalization",06-1287,11th Circuit,Unknown,1,9-0,5,Kennedy,1
2007,"CSX Transportation, Inc. v. Georgia State Board of Equalization",06-1287,11th Circuit,Unknown,1,9-0,5,Souter,1
2007,"CSX Transportation, Inc. v. Georgia State Board of Equalization",06-1287,11th Circuit,Unknown,1,9-0,5,Thomas,1
2007,"CSX Transportation, Inc. v. Georgia State Board of Equalization",06-1287,11th Circuit,Unknown,1,9-0,5,Ginsburg,1
2007,"CSX Transportation, Inc. v. Georgia State Board of Equalization",06-1287,11th Circuit,Unknown,1,9-0,5,Breyer,1
2007,"CSX Transportation, Inc. v. Georgia State Board of Equalization",06-1287,11th Circuit,Unknown,1,9-0,5,Jr.,1
2007,"CSX Transportation, Inc. v. Georgia State Board of Equalization",06-1287,11th Circuit,Unknown,1,9-0,5,Jr.,1
2007,Chamber of Commerce of the U.S. v. Brown,06-939,9th Circuit,Unknown,1,7-2,5,Jr.,1
2007,Chamber of Commerce of the U.S. v. Brown,06-939,9th Circuit,Unknown,1,7-2,5,Stevens,1
2007,Chamber of Commerce of the U.S. v. Brown,06-939,9th Circuit,Unknown,1,7-2,5,Scalia,1
2007,Chamber of Commerce of the U.S. v. Brown,06-939,9th Circuit,Unknown,1,7-2,5,Kennedy,1
2007,Chamber of Commerce of the U.S. v. Brown,06-939,9th Circuit,Unknown,1,7-2,5,Souter,1
2007,Chamber of Commerce of the U.S. v. Brown,06-939,9th Circuit,Unknown,1,7-2,5,Thomas,1
2007,Chamber of Commerce of the U.S. v. Brown,06-939,9th Circuit,Unknown,1,7-2,5,Ginsburg,0
2007,Chamber of Commerce of the U.S. v. Brown,06-939,9th Circuit,Unknown,1,7-2,5,Breyer,0
2007,Chamber of Commerce of the U.S. v. Brown,06-939,9th Circuit,Unknown,1,7-2,5,Jr.,1
2007,Medellin v. Texas,06-984,State Supreme Court,Unknown,0,5-4,5,Jr.,1
2007,Medellin v. Texas,06-984,State Supreme Court,Unknown,0,5-4,5,Stevens,0
2007,Medellin v. Texas,06-984,State Supreme Court,Unknown,0,5-4,5,Scalia,1
2007,Medellin v. Texas,06-984,State Supreme Court,Unknown,0,5-4,5,Kennedy,1
2007,Medellin v. Texas,06-984,State Supreme Court,Unknown,0,5-4,5,Souter,0
2007,Medellin v. Texas,06-984,State Supreme Court,Unknown,0,5-4,5,Thomas,1
2007,Medellin v. Texas,06-984,State Supreme Court,Unknown,0,5-4,5,Ginsburg,0
2007,Medellin v. Texas,06-984,State Supreme Court,Unknown,0,5-4,5,Breyer,0
2007,Medellin v. Texas,06-984,State Supreme Court,Unknown,0,5-4,5,Jr.,1
2007,Kennedy v. Louisiana,07-343,Other,Unknown,1,5-4,5,Stevens,1
2007,Kennedy v. Louisiana,07-343,Other,Unknown,1,5-4,5,Scalia,0
2007,Kennedy v. Louisiana,07-343,Other,Unknown,1,5-4,5,Kennedy,1
2007,Kennedy v. Louisiana,07-343,Other,Unknown,1,5-4,5,Souter,1
2007,Kennedy v. Louisiana,07-343,Other,Unknown,1,5-4,5,Thomas,0
2007,Kennedy v. Louisiana,07-343,Other,Unknown,1,5-4,5,Ginsburg,1
2007,Kennedy v. Louisiana,07-343,Other,Unknown,1,5-4,5,Breyer,1
2007,Kennedy v. Louisiana,07-343,Other,Unknown,1,5-4,5,Jr.,0
2007,Kennedy v. Louisiana,07-343,Other,Unknown,1,5-4,5,Jr.,0
2007,New York State Board of Elections v. Lopez Torres,06-766,2nd Circuit,Unknown,1,9-0,5,Stevens,1
2007,New York State Board of Elections v. Lopez Torres,06-766,2nd Circuit,Unknown,1,9-0,5,Scalia,1
2007,New York State Board of Elections v. Lopez Torres,06-766,2nd Circuit,Unknown,1,9-0,5,Kennedy,1
2007,New York State Board of Elections v. Lopez Torres,06-766,2nd Circuit,Unknown,1,9-0,5,Souter,1
2007,New York State Board of Elections v. Lopez Torres,06-766,2nd Circuit,Unknown,1,9-0,5,Thomas,1
2007,New York State Board of Elections v. Lopez Torres,06-766,2nd Circuit,Unknown,1,9-0,5,Ginsburg,1
2007,New York State Board of Elections v. Lopez Torres,06-766,2nd Circuit,Unknown,1,9-0,5,Breyer,1
2007,New York State Board of Elections v. Lopez Torres,06-766,2nd Circuit,Unknown,1,9-0,5,Jr.,1
2007,New York State Board of Elections v. Lopez Torres,06-766,2nd Circuit,Unknown,1,9-0,5,Jr.,1
2007,Regalado Cuellar v. United States,06-1456,5th Circuit,Unknown,1,9-0,5,Stevens,1
2007,Regalado Cuellar v. United States,06-1456,5th Circuit,Unknown,1,9-0,5,Scalia,1
2007,Regalado Cuellar v. United States,06-1456,5th Circuit,Unknown,1,9-0,5,Kennedy,1
2007,Regalado Cuellar v. United States,06-1456,5th Circuit,Unknown,1,9-0,5,Souter,1
2007,Regalado Cuellar v. United States,06-1456,5th Circuit,Unknown,1,9-0,5,Thomas,1
2007,Regalado Cuellar v. United States,06-1456,5th Circuit,Unknown,1,9-0,5,Ginsburg,1
2007,Regalado Cuellar v. United States,06-1456,5th Circuit,Unknown,1,9-0,5,Breyer,1
2007,Regalado Cuellar v. United States,06-1456,5th Circuit,Unknown,1,9-0,5,Jr.,1
2007,Regalado Cuellar v. United States,06-1456,5th Circuit,Unknown,1,9-0,5,Jr.,1
2007,Giles v. California,07-6053,State Supreme Court,Unknown,1,6-3,5,Stevens,0
2007,Giles v. California,07-6053,State Supreme Court,Unknown,1,6-3,5,Scalia,1
2007,Giles v. California,07-6053,State Supreme Court,Unknown,1,6-3,5,Kennedy,0
2007,Giles v. California,07-6053,State Supreme Court,Unknown,1,6-3,5,Souter,1
2007,Giles v. California,07-6053,State Supreme Court,Unknown,1,6-3,5,Thomas,1
2007,Giles v. California,07-6053,State Supreme Court,Unknown,1,6-3,5,Ginsburg,1
2007,Giles v. California,07-6053,State Supreme Court,Unknown,1,6-3,5,Breyer,0
2007,Giles v. California,07-6053,State Supreme Court,Unknown,1,6-3,5,Jr.,1
2007,Giles v. California,07-6053,State Supreme Court,Unknown,1,6-3,5,Jr.,1
2007,United States v. Rodriquez,06-1646,9th Circuit,Unknown,1,6-3,5,Stevens,0
2007,United States v. Rodriquez,06-1646,9th Circuit,Unknown,1,6-3,5,Scalia,1
2007,United States v. Rodriquez,06-1646,9th Circuit,Unknown,1,6-3,5,Kennedy,1
2007,United States v. Rodriquez,06-1646,9th Circuit,Unknown,1,6-3,5,Souter,0
2007,United States v. Rodriquez,06-1646,9th Circuit,Unknown,1,6-3,5,Thomas,1
2007,United States v. Rodriquez,06-1646,9th Circuit,Unknown,1,6-3,5,Ginsburg,0
2007,United States v. Rodriquez,06-1646,9th Circuit,Unknown,1,6-3,5,Breyer,1
2007,United States v. Rodriquez,06-1646,9th Circuit,Unknown,1,6-3,5,Jr.,1
2007,United States v. Rodriquez,06-1646,9th Circuit,Unknown,1,6-3,5,Jr.,1
2007,Gall v. United States,06-7949,8th Circuit,Unknown,1,7-2,5,Stevens,1
2007,Gall v. United States,06-7949,8th Circuit,Unknown,1,7-2,5,Scalia,1
2007,Gall v. United States,06-7949,8th Circuit,Unknown,1,7-2,5,Kennedy,1
2007,Gall v. United States,06-7949,8th Circuit,Unknown,1,7-2,5,Souter,1
2007,Gall v. United States,06-7949,8th Circuit,Unknown,1,7-2,5,Thomas,0
2007,Gall v. United States,06-7949,8th Circuit,Unknown,1,7-2,5,Ginsburg,1
2007,Gall v. United States,06-7949,8th Circuit,Unknown,1,7-2,5,Breyer,1
2007,Gall v. United States,06-7949,8th Circuit,Unknown,1,7-2,5,Jr.,1
2007,Gall v. United States,06-7949,8th Circuit,Unknown,1,7-2,5,Jr.,0
2007,Department of Revenue of Kentucky v. Davis,06-666,Other,Unknown,1,7-2,5,Stevens,1
2007,Department of Revenue of Kentucky v. Davis,06-666,Other,Unknown,1,7-2,5,Scalia,1
2007,Department of Revenue of Kentucky v. Davis,06-666,Other,Unknown,1,7-2,5,Kennedy,0
2007,Department of Revenue of Kentucky v. Davis,06-666,Other,Unknown,1,7-2,5,Souter,1
2007,Department of Revenue of Kentucky v. Davis,06-666,Other,Unknown,1,7-2,5,Thomas,1
2007,Department of Revenue of Kentucky v. Davis,06-666,Other,Unknown,1,7-2,5,Ginsburg,1
2007,Department of Revenue of Kentucky v. Davis,06-666,Other,Unknown,1,7-2,5,Breyer,1
2007,Department of Revenue of Kentucky v. Davis,06-666,Other,Unknown,1,7-2,5,Jr.,1
2007,Department of Revenue of Kentucky v. Davis,06-666,Other,Unknown,1,7-2,5,Jr.,0
2007,Virginia v. Moore,06-1082,State Supreme Court,Unknown,1,9-0,5,Jr.,1
2007,Virginia v. Moore,06-1082,State Supreme Court,Unknown,1,9-0,5,Stevens,1
2007,Virginia v. Moore,06-1082,State Supreme Court,Unknown,1,9-0,5,Scalia,1
2007,Virginia v. Moore,06-1082,State Supreme Court,Unknown,1,9-0,5,Kennedy,1
2007,Virginia v. Moore,06-1082,State Supreme Court,Unknown,1,9-0,5,Souter,1
2007,Virginia v. Moore,06-1082,State Supreme Court,Unknown,1,9-0,5,Thomas,1
2007,Virginia v. Moore,06-1082,State Supreme Court,Unknown,1,9-0,5,Ginsburg,1
2007,Virginia v. Moore,06-1082,State Supreme Court,Unknown,1,9-0,5,Breyer,1
2007,Virginia v. Moore,06-1082,State Supreme Court,Unknown,1,9-0,5,Jr.,1
2007,Riley v. Kennedy,07-77,Other,Unknown,0,7-2,5,Stevens,0
2007,Riley v. Kennedy,07-77,Other,Unknown,0,7-2,5,Scalia,1
2007,Riley v. Kennedy,07-77,Other,Unknown,0,7-2,5,Kennedy,1
2007,Riley v. Kennedy,07-77,Other,Unknown,0,7-2,5,Souter,0
2007,Riley v. Kennedy,07-77,Other,Unknown,0,7-2,5,Thomas,1
2007,Riley v. Kennedy,07-77,Other,Unknown,0,7-2,5,Ginsburg,1
2007,Riley v. Kennedy,07-77,Other,Unknown,0,7-2,5,Breyer,1
2007,Riley v. Kennedy,07-77,Other,Unknown,0,7-2,5,Jr.,1
2007,Riley v. Kennedy,07-77,Other,Unknown,0,7-2,5,Jr.,1
2007,Taylor v. Sturgell,07-371,Other,Unknown,1,9-0,5,Stevens,1
2007,Taylor v. Sturgell,07-371,Other,Unknown,1,9-0,5,Scalia,1
2007,Taylor v. Sturgell,07-371,Other,Unknown,1,9-0,5,Kennedy,1
2007,Taylor v. Sturgell,07-371,Other,Unknown,1,9-0,5,Souter,1
2007,Taylor v. Sturgell,07-371,Other,Unknown,1,9-0,5,Thomas,1
2007,Taylor v. Sturgell,07-371,Other,Unknown,1,9-0,5,Ginsburg,1
2007,Taylor v. Sturgell,07-371,Other,Unknown,1,9-0,5,Breyer,1
2007,Taylor v. Sturgell,07-371,Other,Unknown,1,9-0,5,Jr.,1
2007,Taylor v. Sturgell,07-371,Other,Unknown,1,9-0,5,Jr.,1
2007,Watson v. United States,06-571,5th Circuit,Unknown,1,9-0,5,Stevens,1
2007,Watson v. United States,06-571,5th Circuit,Unknown,1,9-0,5,Scalia,1
2007,Watson v. United States,06-571,5th Circuit,Unknown,1,9-0,5,Kennedy,1
2007,Watson v. United States,06-571,5th Circuit,Unknown,1,9-0,5,Souter,1
2007,Watson v. United States,06-571,5th Circuit,Unknown,1,9-0,5,Thomas,1
2007,Watson v. United States,06-571,5th Circuit,Unknown,1,9-0,5,Ginsburg,1
2007,Watson v. United States,06-571,5th Circuit,Unknown,1,9-0,5,Breyer,1
2007,Watson v. United States,06-571,5th Circuit,Unknown,1,9-0,5,Jr.,1
2007,Watson v. United States,06-571,5th Circuit,Unknown,1,9-0,5,Jr.,1
2007,Preston v. Ferrer,06-1463,Other,Unknown,1,8-1,5,Stevens,1
2007,Preston v. Ferrer,06-1463,Other,Unknown,1,8-1,5,Scalia,1
2007,Preston v. Ferrer,06-1463,Other,Unknown,1,8-1,5,Kennedy,1
2007,Preston v. Ferrer,06-1463,Other,Unknown,1,8-1,5,Souter,1
2007,Preston v. Ferrer,06-1463,Other,Unknown,1,8-1,5,Thomas,0
2007,Preston v. Ferrer,06-1463,Other,Unknown,1,8-1,5,Ginsburg,1
2007,Preston v. Ferrer,06-1463,Other,Unknown,1,8-1,5,Breyer,1
2007,Preston v. Ferrer,06-1463,Other,Unknown,1,8-1,5,Jr.,1
2007,Preston v. Ferrer,06-1463,Other,Unknown,1,8-1,5,Jr.,1
2007,Indiana v. Edwards,07-208,State Supreme Court,Unknown,1,7-2,5,Stevens,1
2007,Indiana v. Edwards,07-208,State Supreme Court,Unknown,1,7-2,5,Scalia,0
2007,Indiana v. Edwards,07-208,State Supreme Court,Unknown,1,7-2,5,Kennedy,1
2007,Indiana v. Edwards,07-208,State Supreme Court,Unknown,1,7-2,5,Souter,1
2007,Indiana v. Edwards,07-208,State Supreme Court,Unknown,1,7-2,5,Thomas,0
2007,Indiana v. Edwards,07-208,State Supreme Court,Unknown,1,7-2,5,Ginsburg,1
2007,Indiana v. Edwards,07-208,State Supreme Court,Unknown,1,7-2,5,Breyer,1
2007,Indiana v. Edwards,07-208,State Supreme Court,Unknown,1,7-2,5,Jr.,1
2007,Indiana v. Edwards,07-208,State Supreme Court,Unknown,1,7-2,5,Jr.,1
2007,United States v. Williams,06-694,11th Circuit,Unknown,1,7-2,5,Stevens,1
2007,United States v. Williams,06-694,11th Circuit,Unknown,1,7-2,5,Scalia,1
2007,United States v. Williams,06-694,11th Circuit,Unknown,1,7-2,5,Kennedy,1
2007,United States v. Williams,06-694,11th Circuit,Unknown,1,7-2,5,Souter,0
2007,United States v. Williams,06-694,11th Circuit,Unknown,1,7-2,5,Thomas,1
2007,United States v. Williams,06-694,11th Circuit,Unknown,1,7-2,5,Ginsburg,0
2007,United States v. Williams,06-694,11th Circuit,Unknown,1,7-2,5,Breyer,1
2007,United States v. Williams,06-694,11th Circuit,Unknown,1,7-2,5,Jr.,1
2007,United States v. Williams,06-694,11th Circuit,Unknown,1,7-2,5,Jr.,1
2007,Arave v. Hoffman,07-110,9th Circuit,Unknown,1,9-0,5,Stevens,1
2007,Arave v. Hoffman,07-110,9th Circuit,Unknown,1,9-0,5,Scalia,1
2007,Arave v. Hoffman,07-110,9th Circuit,Unknown,1,9-0,5,Kennedy,1
2007,Arave v. Hoffman,07-110,9th Circuit,Unknown,1,9-0,5,Souter,1
2007,Arave v. Hoffman,07-110,9th Circuit,Unknown,1,9-0,5,Thomas,1
2007,Arave v. Hoffman,07-110,9th Circuit,Unknown,1,9-0,5,Ginsburg,1
2007,Arave v. Hoffman,07-110,9th Circuit,Unknown,1,9-0,5,Breyer,1
2007,Arave v. Hoffman,07-110,9th Circuit,Unknown,1,9-0,5,Jr.,1
2007,Arave v. Hoffman,07-110,9th Circuit,Unknown,1,9-0,5,Jr.,1
2007,Morgan Stanley Capital Group Inc. v. Public Utility District No. 1 of Snohomish County,06-1457,9th Circuit,Unknown,1,5-4,5,Jr.,0
2007,Morgan Stanley Capital Group Inc. v. Public Utility District No. 1 of Snohomish County,06-1457,9th Circuit,Unknown,1,5-4,5,Stevens,0
2007,Morgan Stanley Capital Group Inc. v. Public Utility District No. 1 of Snohomish County,06-1457,9th Circuit,Unknown,1,5-4,5,Scalia,1
2007,Morgan Stanley Capital Group Inc. v. Public Utility District No. 1 of Snohomish County,06-1457,9th Circuit,Unknown,1,5-4,5,Kennedy,1
2007,Morgan Stanley Capital Group Inc. v. Public Utility District No. 1 of Snohomish County,06-1457,9th Circuit,Unknown,1,5-4,5,Souter,0
2007,Morgan Stanley Capital Group Inc. v. Public Utility District No. 1 of Snohomish County,06-1457,9th Circuit,Unknown,1,5-4,5,Thomas,1
2007,Morgan Stanley Capital Group Inc. v. Public Utility District No. 1 of Snohomish County,06-1457,9th Circuit,Unknown,1,5-4,5,Ginsburg,1
2007,Morgan Stanley Capital Group Inc. v. Public Utility District No. 1 of Snohomish County,06-1457,9th Circuit,Unknown,1,5-4,5,Breyer,0
2007,Morgan Stanley Capital Group Inc. v. Public Utility District No. 1 of Snohomish County,06-1457,9th Circuit,Unknown,1,5-4,5,Jr.,1
2007,Republic of Philippines v. Pimentel,06-1204,9th Circuit,Unknown,1,7-2,5,Stevens,0
2007,Republic of Philippines v. Pimentel,06-1204,9th Circuit,Unknown,1,7-2,5,Scalia,1
2007,Republic of Philippines v. Pimentel,06-1204,9th Circuit,Unknown,1,7-2,5,Kennedy,1
2007,Republic of Philippines v. Pimentel,06-1204,9th Circuit,Unknown,1,7-2,5,Souter,0
2007,Republic of Philippines v. Pimentel,06-1204,9th Circuit,Unknown,1,7-2,5,Thomas,1
2007,Republic of Philippines v. Pimentel,06-1204,9th Circuit,Unknown,1,7-2,5,Ginsburg,1
2007,Republic of Philippines v. Pimentel,06-1204,9th Circuit,Unknown,1,7-2,5,Breyer,1
2007,Republic of Philippines v. Pimentel,06-1204,9th Circuit,Unknown,1,7-2,5,Jr.,1
2007,Republic of Philippines v. Pimentel,06-1204,9th Circuit,Unknown,1,7-2,5,Jr.,1
2007,Richlin Security Service Co. v. Chertoff,06-1717,Federal Circuit,Unknown,1,9-0,5,Stevens,1
2007,Richlin Security Service Co. v. Chertoff,06-1717,Federal Circuit,Unknown,1,9-0,5,Scalia,1
2007,Richlin Security Service Co. v. Chertoff,06-1717,Federal Circuit,Unknown,1,9-0,5,Kennedy,1
2007,Richlin Security Service Co. v. Chertoff,06-1717,Federal Circuit,Unknown,1,9-0,5,Souter,1
2007,Richlin Security Service Co. v. Chertoff,06-1717,Federal Circuit,Unknown,1,9-0,5,Thomas,1
2007,Richlin Security Service Co. v. Chertoff,06-1717,Federal Circuit,Unknown,1,9-0,5,Ginsburg,1
2007,Richlin Security Service Co. v. Chertoff,06-1717,Federal Circuit,Unknown,1,9-0,5,Breyer,1
2007,Richlin Security Service Co. v. Chertoff,06-1717,Federal Circuit,Unknown,1,9-0,5,Jr.,1
2007,Richlin Security Service Co. v. Chertoff,06-1717,Federal Circuit,Unknown,1,9-0,5,Jr.,1
2006,Los Angeles County v. Rettele,06-605,9th Circuit,Unknown,1,8-1,5,Stevens,1
2006,Los Angeles County v. Rettele,06-605,9th Circuit,Unknown,1,8-1,5,Scalia,1
2006,Los Angeles County v. Rettele,06-605,9th Circuit,Unknown,1,8-1,5,Kennedy,1
2006,Los Angeles County v. Rettele,06-605,9th Circuit,Unknown,1,8-1,5,Thomas,1
2006,Los Angeles County v. Rettele,06-605,9th Circuit,Unknown,1,8-1,5,Ginsburg,1
2006,Los Angeles County v. Rettele,06-605,9th Circuit,Unknown,1,8-1,5,Breyer,1
2006,Los Angeles County v. Rettele,06-605,9th Circuit,Unknown,1,8-1,5,Jr.,1
2006,Los Angeles County v. Rettele,06-605,9th Circuit,Unknown,1,8-1,5,Jr.,1
2006,Schriro v. Landrigan,05-1575,9th Circuit,Unknown,1,5-4,5,Stevens,0
2006,Schriro v. Landrigan,05-1575,9th Circuit,Unknown,1,5-4,5,Scalia,1
2006,Schriro v. Landrigan,05-1575,9th Circuit,Unknown,1,5-4,5,Kennedy,1
2006,Schriro v. Landrigan,05-1575,9th Circuit,Unknown,1,5-4,5,Souter,0
2006,Schriro v. Landrigan,05-1575,9th Circuit,Unknown,1,5-4,5,Thomas,1
2006,Schriro v. Landrigan,05-1575,9th Circuit,Unknown,1,5-4,5,Ginsburg,0
2006,Schriro v. Landrigan,05-1575,9th Circuit,Unknown,1,5-4,5,Breyer,0
2006,Schriro v. Landrigan,05-1575,9th Circuit,Unknown,1,5-4,5,Jr.,1
2006,Schriro v. Landrigan,05-1575,9th Circuit,Unknown,1,5-4,5,Jr.,1
2006,"Long Island Care at Home, Ltd. v. Coke",06-593,2nd Circuit,Unknown,1,9-0,5,Stevens,1
2006,"Long Island Care at Home, Ltd. v. Coke",06-593,2nd Circuit,Unknown,1,9-0,5,Scalia,1
2006,"Long Island Care at Home, Ltd. v. Coke",06-593,2nd Circuit,Unknown,1,9-0,5,Kennedy,1
2006,"Long Island Care at Home, Ltd. v. Coke",06-593,2nd Circuit,Unknown,1,9-0,5,Souter,1
2006,"Long Island Care at Home, Ltd. v. Coke",06-593,2nd Circuit,Unknown,1,9-0,5,Thomas,1
2006,"Long Island Care at Home, Ltd. v. Coke",06-593,2nd Circuit,Unknown,1,9-0,5,Ginsburg,1
2006,"Long Island Care at Home, Ltd. v. Coke",06-593,2nd Circuit,Unknown,1,9-0,5,Breyer,1
2006,"Long Island Care at Home, Ltd. v. Coke",06-593,2nd Circuit,Unknown,1,9-0,5,Jr.,1
2006,"Long Island Care at Home, Ltd. v. Coke",06-593,2nd Circuit,Unknown,1,9-0,5,Jr.,1
2006,Purcell v. Gonzalez,06-532,9th Circuit,Unknown,1,9-0,5,Stevens,1
2006,Purcell v. Gonzalez,06-532,9th Circuit,Unknown,1,9-0,5,Scalia,1
2006,Purcell v. Gonzalez,06-532,9th Circuit,Unknown,1,9-0,5,Kennedy,1
2006,Purcell v. Gonzalez,06-532,9th Circuit,Unknown,1,9-0,5,Souter,1
2006,Purcell v. Gonzalez,06-532,9th Circuit,Unknown,1,9-0,5,Thomas,1
2006,Purcell v. Gonzalez,06-532,9th Circuit,Unknown,1,9-0,5,Ginsburg,1
2006,Purcell v. Gonzalez,06-532,9th Circuit,Unknown,1,9-0,5,Breyer,1
2006,Purcell v. Gonzalez,06-532,9th Circuit,Unknown,1,9-0,5,Jr.,1
2006,Purcell v. Gonzalez,06-532,9th Circuit,Unknown,1,9-0,5,Jr.,1
2006,Cunningham v. California,05-6551,State Supreme Court,Unknown,1,6-3,5,Stevens,1
2006,Cunningham v. California,05-6551,State Supreme Court,Unknown,1,6-3,5,Scalia,1
2006,Cunningham v. California,05-6551,State Supreme Court,Unknown,1,6-3,5,Kennedy,0
2006,Cunningham v. California,05-6551,State Supreme Court,Unknown,1,6-3,5,Souter,1
2006,Cunningham v. California,05-6551,State Supreme Court,Unknown,1,6-3,5,Thomas,1
2006,Cunningham v. California,05-6551,State Supreme Court,Unknown,1,6-3,5,Ginsburg,1
2006,Cunningham v. California,05-6551,State Supreme Court,Unknown,1,6-3,5,Breyer,0
2006,Cunningham v. California,05-6551,State Supreme Court,Unknown,1,6-3,5,Jr.,1
2006,Cunningham v. California,05-6551,State Supreme Court,Unknown,1,6-3,5,Jr.,0
2006,National Association of Home Builders v. Defenders of Wildlife,06-340,9th Circuit,Unknown,1,5-4,5,Stevens,0
2006,National Association of Home Builders v. Defenders of Wildlife,06-340,9th Circuit,Unknown,1,5-4,5,Scalia,1
2006,National Association of Home Builders v. Defenders of Wildlife,06-340,9th Circuit,Unknown,1,5-4,5,Kennedy,1
2006,National Association of Home Builders v. Defenders of Wildlife,06-340,9th Circuit,Unknown,1,5-4,5,Souter,0
2006,National Association of Home Builders v. Defenders of Wildlife,06-340,9th Circuit,Unknown,1,5-4,5,Thomas,1
2006,National Association of Home Builders v. Defenders of Wildlife,06-340,9th Circuit,Unknown,1,5-4,5,Ginsburg,0
2006,National Association of Home Builders v. Defenders of Wildlife,06-340,9th Circuit,Unknown,1,5-4,5,Breyer,0
2006,National Association of Home Builders v. Defenders of Wildlife,06-340,9th Circuit,Unknown,1,5-4,5,Jr.,1
2006,National Association of Home Builders v. Defenders of Wildlife,06-340,9th Circuit,Unknown,1,5-4,5,Jr.,1
2006,National Association of Home Builders v. Defenders of Wildlife,06-340,9th Circuit,Unknown,1,5-4,5,Stevens,0
2006,National Association of Home Builders v. Defenders of Wildlife,06-340,9th Circuit,Unknown,1,5-4,5,Scalia,1
2006,National Association of Home Builders v. Defenders of Wildlife,06-340,9th Circuit,Unknown,1,5-4,5,Kennedy,1
2006,National Association of Home Builders v. Defenders of Wildlife,06-340,9th Circuit,Unknown,1,5-4,5,Souter,0
2006,National Association of Home Builders v. Defenders of Wildlife,06-340,9th Circuit,Unknown,1,5-4,5,Thomas,1
2006,National Association of Home Builders v. Defenders of Wildlife,06-340,9th Circuit,Unknown,1,5-4,5,Ginsburg,0
2006,National Association of Home Builders v. Defenders of Wildlife,06-340,9th Circuit,Unknown,1,5-4,5,Breyer,0
2006,National Association of Home Builders v. Defenders of Wildlife,06-340,9th Circuit,Unknown,1,5-4,5,Jr.,1
2006,National Association of Home Builders v. Defenders of Wildlife,06-340,9th Circuit,Unknown,1,5-4,5,Jr.,1
2006,Ayers v. Belmontes,05-493,9th Circuit,Unknown,1,5-4,5,Stevens,0
2006,Ayers v. Belmontes,05-493,9th Circuit,Unknown,1,5-4,5,Scalia,1
2006,Ayers v. Belmontes,05-493,9th Circuit,Unknown,1,5-4,5,Kennedy,1
2006,Ayers v. Belmontes,05-493,9th Circuit,Unknown,1,5-4,5,Souter,0
2006,Ayers v. Belmontes,05-493,9th Circuit,Unknown,1,5-4,5,Thomas,1
2006,Ayers v. Belmontes,05-493,9th Circuit,Unknown,1,5-4,5,Ginsburg,0
2006,Ayers v. Belmontes,05-493,9th Circuit,Unknown,1,5-4,5,Breyer,0
2006,Ayers v. Belmontes,05-493,9th Circuit,Unknown,1,5-4,5,Jr.,1
2006,Ayers v. Belmontes,05-493,9th Circuit,Unknown,1,5-4,5,Jr.,1
2006,Massachusetts v. Environmental Protection Agency,05-1120,Other,Unknown,1,5-4,5,Stevens,1
2006,Massachusetts v. Environmental Protection Agency,05-1120,Other,Unknown,1,5-4,5,Scalia,0
2006,Massachusetts v. Environmental Protection Agency,05-1120,Other,Unknown,1,5-4,5,Kennedy,1
2006,Massachusetts v. Environmental Protection Agency,05-1120,Other,Unknown,1,5-4,5,Souter,1
2006,Massachusetts v. Environmental Protection Agency,05-1120,Other,Unknown,1,5-4,5,Thomas,0
2006,Massachusetts v. Environmental Protection Agency,05-1120,Other,Unknown,1,5-4,5,Ginsburg,1
2006,Massachusetts v. Environmental Protection Agency,05-1120,Other,Unknown,1,5-4,5,Breyer,1
2006,Massachusetts v. Environmental Protection Agency,05-1120,Other,Unknown,1,5-4,5,Jr.,0
2006,Massachusetts v. Environmental Protection Agency,05-1120,Other,Unknown,1,5-4,5,Jr.,0
2006,Davenport v. Washington Education Association,05-1589,Other,Unknown,1,9-0,5,Stevens,1
2006,Davenport v. Washington Education Association,05-1589,Other,Unknown,1,9-0,5,Scalia,1
2006,Davenport v. Washington Education Association,05-1589,Other,Unknown,1,9-0,5,Kennedy,1
2006,Davenport v. Washington Education Association,05-1589,Other,Unknown,1,9-0,5,Souter,1
2006,Davenport v. Washington Education Association,05-1589,Other,Unknown,1,9-0,5,Thomas,1
2006,Davenport v. Washington Education Association,05-1589,Other,Unknown,1,9-0,5,Ginsburg,1
2006,Davenport v. Washington Education Association,05-1589,Other,Unknown,1,9-0,5,Breyer,1
2006,Davenport v. Washington Education Association,05-1589,Other,Unknown,1,9-0,5,Jr.,1
2006,Davenport v. Washington Education Association,05-1589,Other,Unknown,1,9-0,5,Jr.,1
2006,"Hein v. Freedom From Religion Foundation, Inc.",06-157,7th Circuit,Unknown,1,5-4,5,Stevens,0
2006,"Hein v. Freedom From Religion Foundation, Inc.",06-157,7th Circuit,Unknown,1,5-4,5,Scalia,1
2006,"Hein v. Freedom From Religion Foundation, Inc.",06-157,7th Circuit,Unknown,1,5-4,5,Kennedy,1
2006,"Hein v. Freedom From Religion Foundation, Inc.",06-157,7th Circuit,Unknown,1,5-4,5,Souter,0
2006,"Hein v. Freedom From Religion Foundation, Inc.",06-157,7th Circuit,Unknown,1,5-4,5,Thomas,1
2006,"Hein v. Freedom From Religion Foundation, Inc.",06-157,7th Circuit,Unknown,1,5-4,5,Ginsburg,0
2006,"Hein v. Freedom From Religion Foundation, Inc.",06-157,7th Circuit,Unknown,1,5-4,5,Breyer,0
2006,"Hein v. Freedom From Religion Foundation, Inc.",06-157,7th Circuit,Unknown,1,5-4,5,Jr.,1
2006,"Hein v. Freedom From Religion Foundation, Inc.",06-157,7th Circuit,Unknown,1,5-4,5,Jr.,1
2006,"Powerex Corp. v. Reliant Energy Services, Inc.",05-85,9th Circuit,Unknown,1,7-2,5,Stevens,0
2006,"Powerex Corp. v. Reliant Energy Services, Inc.",05-85,9th Circuit,Unknown,1,7-2,5,Scalia,1
2006,"Powerex Corp. v. Reliant Energy Services, Inc.",05-85,9th Circuit,Unknown,1,7-2,5,Kennedy,1
2006,"Powerex Corp. v. Reliant Energy Services, Inc.",05-85,9th Circuit,Unknown,1,7-2,5,Souter,1
2006,"Powerex Corp. v. Reliant Energy Services, Inc.",05-85,9th Circuit,Unknown,1,7-2,5,Thomas,1
2006,"Powerex Corp. v. Reliant Energy Services, Inc.",05-85,9th Circuit,Unknown,1,7-2,5,Ginsburg,1
2006,"Powerex Corp. v. Reliant Energy Services, Inc.",05-85,9th Circuit,Unknown,1,7-2,5,Breyer,0
2006,"Powerex Corp. v. Reliant Energy Services, Inc.",05-85,9th Circuit,Unknown,1,7-2,5,Jr.,1
2006,"Powerex Corp. v. Reliant Energy Services, Inc.",05-85,9th Circuit,Unknown,1,7-2,5,Jr.,1
2006,Sole v. Wyner,06-531,11th Circuit,Unknown,1,9-0,5,Stevens,1
2006,Sole v. Wyner,06-531,11th Circuit,Unknown,1,9-0,5,Scalia,1
2006,Sole v. Wyner,06-531,11th Circuit,Unknown,1,9-0,5,Kennedy,1
2006,Sole v. Wyner,06-531,11th Circuit,Unknown,1,9-0,5,Souter,1
2006,Sole v. Wyner,06-531,11th Circuit,Unknown,1,9-0,5,Thomas,1
2006,Sole v. Wyner,06-531,11th Circuit,Unknown,1,9-0,5,Ginsburg,1
2006,Sole v. Wyner,06-531,11th Circuit,Unknown,1,9-0,5,Breyer,1
2006,Sole v. Wyner,06-531,11th Circuit,Unknown,1,9-0,5,Jr.,1
2006,Sole v. Wyner,06-531,11th Circuit,Unknown,1,9-0,5,Jr.,1
2006,Tennessee Secondary School Athletic Association v. Brentwood Academy,06-427,6th Circuit,Unknown,1,9-0,5,Stevens,1
2006,Tennessee Secondary School Athletic Association v. Brentwood Academy,06-427,6th Circuit,Unknown,1,9-0,5,Scalia,1
2006,Tennessee Secondary School Athletic Association v. Brentwood Academy,06-427,6th Circuit,Unknown,1,9-0,5,Kennedy,1
2006,Tennessee Secondary School Athletic Association v. Brentwood Academy,06-427,6th Circuit,Unknown,1,9-0,5,Souter,1
2006,Tennessee Secondary School Athletic Association v. Brentwood Academy,06-427,6th Circuit,Unknown,1,9-0,5,Thomas,1
2006,Tennessee Secondary School Athletic Association v. Brentwood Academy,06-427,6th Circuit,Unknown,1,9-0,5,Ginsburg,1
2006,Tennessee Secondary School Athletic Association v. Brentwood Academy,06-427,6th Circuit,Unknown,1,9-0,5,Breyer,1
2006,Tennessee Secondary School Athletic Association v. Brentwood Academy,06-427,6th Circuit,Unknown,1,9-0,5,Jr.,1
2006,Tennessee Secondary School Athletic Association v. Brentwood Academy,06-427,6th Circuit,Unknown,1,9-0,5,Jr.,1
2006,Rockwell International Corp. v. United States,05-1272,10th Circuit,Unknown,1,6-3,5,Stevens,0
2006,Rockwell International Corp. v. United States,05-1272,10th Circuit,Unknown,1,6-3,5,Scalia,1
2006,Rockwell International Corp. v. United States,05-1272,10th Circuit,Unknown,1,6-3,5,Kennedy,1
2006,Rockwell International Corp. v. United States,05-1272,10th Circuit,Unknown,1,6-3,5,Souter,1
2006,Rockwell International Corp. v. United States,05-1272,10th Circuit,Unknown,1,6-3,5,Thomas,1
2006,Rockwell International Corp. v. United States,05-1272,10th Circuit,Unknown,1,6-3,5,Ginsburg,0
2006,Rockwell International Corp. v. United States,05-1272,10th Circuit,Unknown,1,6-3,5,Breyer,0
2006,Rockwell International Corp. v. United States,05-1272,10th Circuit,Unknown,1,6-3,5,Jr.,1
2006,Rockwell International Corp. v. United States,05-1272,10th Circuit,Unknown,1,6-3,5,Jr.,1
2006,Scott v. Harris,05-1631,11th Circuit,Unknown,1,8-1,5,Stevens,0
2006,Scott v. Harris,05-1631,11th Circuit,Unknown,1,8-1,5,Scalia,1
2006,Scott v. Harris,05-1631,11th Circuit,Unknown,1,8-1,5,Kennedy,1
2006,Scott v. Harris,05-1631,11th Circuit,Unknown,1,8-1,5,Souter,1
2006,Scott v. Harris,05-1631,11th Circuit,Unknown,1,8-1,5,Thomas,1
2006,Scott v. Harris,05-1631,11th Circuit,Unknown,1,8-1,5,Ginsburg,1
2006,Scott v. Harris,05-1631,11th Circuit,Unknown,1,8-1,5,Breyer,1
2006,Scott v. Harris,05-1631,11th Circuit,Unknown,1,8-1,5,Jr.,1
2006,Scott v. Harris,05-1631,11th Circuit,Unknown,1,8-1,5,Jr.,1
2006,Panetti v. Quarterman,06-6407,5th Circuit,Unknown,1,5-4,5,Stevens,1
2006,Panetti v. Quarterman,06-6407,5th Circuit,Unknown,1,5-4,5,Scalia,0
2006,Panetti v. Quarterman,06-6407,5th Circuit,Unknown,1,5-4,5,Kennedy,1
2006,Panetti v. Quarterman,06-6407,5th Circuit,Unknown,1,5-4,5,Souter,1
2006,Panetti v. Quarterman,06-6407,5th Circuit,Unknown,1,5-4,5,Thomas,0
2006,Panetti v. Quarterman,06-6407,5th Circuit,Unknown,1,5-4,5,Ginsburg,1
2006,Panetti v. Quarterman,06-6407,5th Circuit,Unknown,1,5-4,5,Breyer,1
2006,Panetti v. Quarterman,06-6407,5th Circuit,Unknown,1,5-4,5,Jr.,0
2006,Panetti v. Quarterman,06-6407,5th Circuit,Unknown,1,5-4,5,Jr.,0
2006,"Weyerhaeuser Co. v. Ross-Simmons Hardwood Lumber Co., Inc.",05-381,9th Circuit,Unknown,1,9-0,5,Stevens,1
2006,"Weyerhaeuser Co. v. Ross-Simmons Hardwood Lumber Co., Inc.",05-381,9th Circuit,Unknown,1,9-0,5,Scalia,1
2006,"Weyerhaeuser Co. v. Ross-Simmons Hardwood Lumber Co., Inc.",05-381,9th Circuit,Unknown,1,9-0,5,Kennedy,1
2006,"Weyerhaeuser Co. v. Ross-Simmons Hardwood Lumber Co., Inc.",05-381,9th Circuit,Unknown,1,9-0,5,Souter,1
2006,"Weyerhaeuser Co. v. Ross-Simmons Hardwood Lumber Co., Inc.",05-381,9th Circuit,Unknown,1,9-0,5,Thomas,1
2006,"Weyerhaeuser Co. v. Ross-Simmons Hardwood Lumber Co., Inc.",05-381,9th Circuit,Unknown,1,9-0,5,Ginsburg,1
2006,"Weyerhaeuser Co. v. Ross-Simmons Hardwood Lumber Co., Inc.",05-381,9th Circuit,Unknown,1,9-0,5,Breyer,1
2006,"Weyerhaeuser Co. v. Ross-Simmons Hardwood Lumber Co., Inc.",05-381,9th Circuit,Unknown,1,9-0,5,Jr.,1
2006,"Weyerhaeuser Co. v. Ross-Simmons Hardwood Lumber Co., Inc.",05-381,9th Circuit,Unknown,1,9-0,5,Jr.,1
2006,Whorton v. Bockting,05-595,9th Circuit,Unknown,1,9-0,5,Stevens,1
2006,Whorton v. Bockting,05-595,9th Circuit,Unknown,1,9-0,5,Scalia,1
2006,Whorton v. Bockting,05-595,9th Circuit,Unknown,1,9-0,5,Kennedy,1
2006,Whorton v. Bockting,05-595,9th Circuit,Unknown,1,9-0,5,Souter,1
2006,Whorton v. Bockting,05-595,9th Circuit,Unknown,1,9-0,5,Thomas,1
2006,Whorton v. Bockting,05-595,9th Circuit,Unknown,1,9-0,5,Ginsburg,1
2006,Whorton v. Bockting,05-595,9th Circuit,Unknown,1,9-0,5,Breyer,1
2006,Whorton v. Bockting,05-595,9th Circuit,Unknown,1,9-0,5,Jr.,1
2006,Whorton v. Bockting,05-595,9th Circuit,Unknown,1,9-0,5,Jr.,1
2006,Carey v. Musladin,05-785,9th Circuit,Unknown,1,9-0,5,Jr.,1
2006,Carey v. Musladin,05-785,9th Circuit,Unknown,1,9-0,5,Stevens,1
2006,Carey v. Musladin,05-785,9th Circuit,Unknown,1,9-0,5,Scalia,1
2006,Carey v. Musladin,05-785,9th Circuit,Unknown,1,9-0,5,Kennedy,1
2006,Carey v. Musladin,05-785,9th Circuit,Unknown,1,9-0,5,Souter,1
2006,Carey v. Musladin,05-785,9th Circuit,Unknown,1,9-0,5,Thomas,1
2006,Carey v. Musladin,05-785,9th Circuit,Unknown,1,9-0,5,Ginsburg,1
2006,Carey v. Musladin,05-785,9th Circuit,Unknown,1,9-0,5,Breyer,1
2006,Carey v. Musladin,05-785,9th Circuit,Unknown,1,9-0,5,Jr.,1
2006,Gonzales v. Duenas-Alvarez,05-1629,9th Circuit,Unknown,1,9-0,5,Stevens,1
2006,Gonzales v. Duenas-Alvarez,05-1629,9th Circuit,Unknown,1,9-0,5,Scalia,1
2006,Gonzales v. Duenas-Alvarez,05-1629,9th Circuit,Unknown,1,9-0,5,Kennedy,1
2006,Gonzales v. Duenas-Alvarez,05-1629,9th Circuit,Unknown,1,9-0,5,Souter,1
2006,Gonzales v. Duenas-Alvarez,05-1629,9th Circuit,Unknown,1,9-0,5,Thomas,1
2006,Gonzales v. Duenas-Alvarez,05-1629,9th Circuit,Unknown,1,9-0,5,Ginsburg,1
2006,Gonzales v. Duenas-Alvarez,05-1629,9th Circuit,Unknown,1,9-0,5,Breyer,1
2006,Gonzales v. Duenas-Alvarez,05-1629,9th Circuit,Unknown,1,9-0,5,Jr.,1
2006,Gonzales v. Duenas-Alvarez,05-1629,9th Circuit,Unknown,1,9-0,5,Jr.,1
2006,Environmental Defense v. Duke Energy Corp.,05-848,4th Circuit,Unknown,1,9-0,5,Stevens,1
2006,Environmental Defense v. Duke Energy Corp.,05-848,4th Circuit,Unknown,1,9-0,5,Scalia,1
2006,Environmental Defense v. Duke Energy Corp.,05-848,4th Circuit,Unknown,1,9-0,5,Kennedy,1
2006,Environmental Defense v. Duke Energy Corp.,05-848,4th Circuit,Unknown,1,9-0,5,Souter,1
2006,Environmental Defense v. Duke Energy Corp.,05-848,4th Circuit,Unknown,1,9-0,5,Thomas,1
2006,Environmental Defense v. Duke Energy Corp.,05-848,4th Circuit,Unknown,1,9-0,5,Ginsburg,1
2006,Environmental Defense v. Duke Energy Corp.,05-848,4th Circuit,Unknown,1,9-0,5,Breyer,1
2006,Environmental Defense v. Duke Energy Corp.,05-848,4th Circuit,Unknown,1,9-0,5,Jr.,1
2006,Environmental Defense v. Duke Energy Corp.,05-848,4th Circuit,Unknown,1,9-0,5,Jr.,1
2006,Wilkie v. Robbins,06-219,10th Circuit,Unknown,1,7-2,5,Jr.,1
2006,Wilkie v. Robbins,06-219,10th Circuit,Unknown,1,7-2,5,Stevens,0
2006,Wilkie v. Robbins,06-219,10th Circuit,Unknown,1,7-2,5,Scalia,1
2006,Wilkie v. Robbins,06-219,10th Circuit,Unknown,1,7-2,5,Kennedy,1
2006,Wilkie v. Robbins,06-219,10th Circuit,Unknown,1,7-2,5,Souter,1
2006,Wilkie v. Robbins,06-219,10th Circuit,Unknown,1,7-2,5,Thomas,1
2006,Wilkie v. Robbins,06-219,10th Circuit,Unknown,1,7-2,5,Ginsburg,0
2006,Wilkie v. Robbins,06-219,10th Circuit,Unknown,1,7-2,5,Breyer,1
2006,Wilkie v. Robbins,06-219,10th Circuit,Unknown,1,7-2,5,Jr.,1
2006,Travelers Casualty & Surety Co. of America v. Pacific Gas & Electric Co.,05-1429,9th Circuit,Unknown,1,9-0,5,Stevens,1
2006,Travelers Casualty & Surety Co. of America v. Pacific Gas & Electric Co.,05-1429,9th Circuit,Unknown,1,9-0,5,Scalia,1
2006,Travelers Casualty & Surety Co. of America v. Pacific Gas & Electric Co.,05-1429,9th Circuit,Unknown,1,9-0,5,Kennedy,1
2006,Travelers Casualty & Surety Co. of America v. Pacific Gas & Electric Co.,05-1429,9th Circuit,Unknown,1,9-0,5,Souter,1
2006,Travelers Casualty & Surety Co. of America v. Pacific Gas & Electric Co.,05-1429,9th Circuit,Unknown,1,9-0,5,Thomas,1
2006,Travelers Casualty & Surety Co. of America v. Pacific Gas & Electric Co.,05-1429,9th Circuit,Unknown,1,9-0,5,Ginsburg,1
2006,Travelers Casualty & Surety Co. of America v. Pacific Gas & Electric Co.,05-1429,9th Circuit,Unknown,1,9-0,5,Breyer,1
2006,Travelers Casualty & Surety Co. of America v. Pacific Gas & Electric Co.,05-1429,9th Circuit,Unknown,1,9-0,5,Jr.,1
2006,Travelers Casualty & Surety Co. of America v. Pacific Gas & Electric Co.,05-1429,9th Circuit,Unknown,1,9-0,5,Jr.,1
2006,Limtiaco v. Camacho,06-116,9th Circuit,Unknown,1,5-4,5,Stevens,0
2006,Limtiaco v. Camacho,06-116,9th Circuit,Unknown,1,5-4,5,Scalia,1
2006,Limtiaco v. Camacho,06-116,9th Circuit,Unknown,1,5-4,5,Kennedy,1
2006,Limtiaco v. Camacho,06-116,9th Circuit,Unknown,1,5-4,5,Souter,0
2006,Limtiaco v. Camacho,06-116,9th Circuit,Unknown,1,5-4,5,Thomas,1
2006,Limtiaco v. Camacho,06-116,9th Circuit,Unknown,1,5-4,5,Ginsburg,0
2006,Limtiaco v. Camacho,06-116,9th Circuit,Unknown,1,5-4,5,Breyer,1
2006,Limtiaco v. Camacho,06-116,9th Circuit,Unknown,1,5-4,5,Jr.,1
2006,Limtiaco v. Camacho,06-116,9th Circuit,Unknown,1,5-4,5,Jr.,0
2006,Gonzales v. Carhart,05-380,8th Circuit,Unknown,1,5-4,5,Jr.,1
2006,Gonzales v. Carhart,05-380,8th Circuit,Unknown,1,5-4,5,Stevens,0
2006,Gonzales v. Carhart,05-380,8th Circuit,Unknown,1,5-4,5,Scalia,1
2006,Gonzales v. Carhart,05-380,8th Circuit,Unknown,1,5-4,5,Kennedy,1
2006,Gonzales v. Carhart,05-380,8th Circuit,Unknown,1,5-4,5,Souter,0
2006,Gonzales v. Carhart,05-380,8th Circuit,Unknown,1,5-4,5,Thomas,1
2006,Gonzales v. Carhart,05-380,8th Circuit,Unknown,1,5-4,5,Ginsburg,0
2006,Gonzales v. Carhart,05-380,8th Circuit,Unknown,1,5-4,5,Breyer,0
2006,Gonzales v. Carhart,05-380,8th Circuit,Unknown,1,5-4,5,Jr.,1
2006,Safeco Insurance Co. of America v. Burr,06-84,9th Circuit,Unknown,1,9-0,5,Stevens,1
2006,Safeco Insurance Co. of America v. Burr,06-84,9th Circuit,Unknown,1,9-0,5,Scalia,1
2006,Safeco Insurance Co. of America v. Burr,06-84,9th Circuit,Unknown,1,9-0,5,Kennedy,1
2006,Safeco Insurance Co. of America v. Burr,06-84,9th Circuit,Unknown,1,9-0,5,Souter,1
2006,Safeco Insurance Co. of America v. Burr,06-84,9th Circuit,Unknown,1,9-0,5,Thomas,1
2006,Safeco Insurance Co. of America v. Burr,06-84,9th Circuit,Unknown,1,9-0,5,Ginsburg,1
2006,Safeco Insurance Co. of America v. Burr,06-84,9th Circuit,Unknown,1,9-0,5,Breyer,1
2006,Safeco Insurance Co. of America v. Burr,06-84,9th Circuit,Unknown,1,9-0,5,Jr.,1
2006,Safeco Insurance Co. of America v. Burr,06-84,9th Circuit,Unknown,1,9-0,5,Jr.,1
2006,Jones v. Bock,05-7058,6th Circuit,Unknown,1,9-0,5,Stevens,1
2006,Jones v. Bock,05-7058,6th Circuit,Unknown,1,9-0,5,Scalia,1
2006,Jones v. Bock,05-7058,6th Circuit,Unknown,1,9-0,5,Kennedy,1
2006,Jones v. Bock,05-7058,6th Circuit,Unknown,1,9-0,5,Souter,1
2006,Jones v. Bock,05-7058,6th Circuit,Unknown,1,9-0,5,Thomas,1
2006,Jones v. Bock,05-7058,6th Circuit,Unknown,1,9-0,5,Ginsburg,1
2006,Jones v. Bock,05-7058,6th Circuit,Unknown,1,9-0,5,Breyer,1
2006,Jones v. Bock,05-7058,6th Circuit,Unknown,1,9-0,5,Jr.,1
2006,Jones v. Bock,05-7058,6th Circuit,Unknown,1,9-0,5,Jr.,1
2006,Smith v. Texas,05-11304,State Supreme Court,Unknown,1,5-4,5,Stevens,1
2006,Smith v. Texas,05-11304,State Supreme Court,Unknown,1,5-4,5,Scalia,0
2006,Smith v. Texas,05-11304,State Supreme Court,Unknown,1,5-4,5,Kennedy,1
2006,Smith v. Texas,05-11304,State Supreme Court,Unknown,1,5-4,5,Souter,1
2006,Smith v. Texas,05-11304,State Supreme Court,Unknown,1,5-4,5,Thomas,0
2006,Smith v. Texas,05-11304,State Supreme Court,Unknown,1,5-4,5,Ginsburg,1
2006,Smith v. Texas,05-11304,State Supreme Court,Unknown,1,5-4,5,Breyer,1
2006,Smith v. Texas,05-11304,State Supreme Court,Unknown,1,5-4,5,Jr.,0
2006,Smith v. Texas,05-11304,State Supreme Court,Unknown,1,5-4,5,Jr.,0
2006,Norfolk Southern Railway Co. v. Sorrell,05-746,Other,Unknown,1,9-0,5,Stevens,1
2006,Norfolk Southern Railway Co. v. Sorrell,05-746,Other,Unknown,1,9-0,5,Scalia,1
2006,Norfolk Southern Railway Co. v. Sorrell,05-746,Other,Unknown,1,9-0,5,Kennedy,1
2006,Norfolk Southern Railway Co. v. Sorrell,05-746,Other,Unknown,1,9-0,5,Souter,1
2006,Norfolk Southern Railway Co. v. Sorrell,05-746,Other,Unknown,1,9-0,5,Thomas,1
2006,Norfolk Southern Railway Co. v. Sorrell,05-746,Other,Unknown,1,9-0,5,Ginsburg,1
2006,Norfolk Southern Railway Co. v. Sorrell,05-746,Other,Unknown,1,9-0,5,Breyer,1
2006,Norfolk Southern Railway Co. v. Sorrell,05-746,Other,Unknown,1,9-0,5,Jr.,1
2006,Norfolk Southern Railway Co. v. Sorrell,05-746,Other,Unknown,1,9-0,5,Jr.,1
2006,"Tellabs, Inc. v. Makor Issues & Rights, Ltd.",06-484,7th Circuit,Unknown,1,8-1,5,Stevens,0
2006,"Tellabs, Inc. v. Makor Issues & Rights, Ltd.",06-484,7th Circuit,Unknown,1,8-1,5,Scalia,1
2006,"Tellabs, Inc. v. Makor Issues & Rights, Ltd.",06-484,7th Circuit,Unknown,1,8-1,5,Kennedy,1
2006,"Tellabs, Inc. v. Makor Issues & Rights, Ltd.",06-484,7th Circuit,Unknown,1,8-1,5,Souter,1
2006,"Tellabs, Inc. v. Makor Issues & Rights, Ltd.",06-484,7th Circuit,Unknown,1,8-1,5,Thomas,1
2006,"Tellabs, Inc. v. Makor Issues & Rights, Ltd.",06-484,7th Circuit,Unknown,1,8-1,5,Ginsburg,1
2006,"Tellabs, Inc. v. Makor Issues & Rights, Ltd.",06-484,7th Circuit,Unknown,1,8-1,5,Breyer,1
2006,"Tellabs, Inc. v. Makor Issues & Rights, Ltd.",06-484,7th Circuit,Unknown,1,8-1,5,Jr.,1
2006,"Tellabs, Inc. v. Makor Issues & Rights, Ltd.",06-484,7th Circuit,Unknown,1,8-1,5,Jr.,1
2006,Morse v. Frederick,06-278,9th Circuit,Unknown,1,5-4,5,Stevens,0
2006,Morse v. Frederick,06-278,9th Circuit,Unknown,1,5-4,5,Scalia,1
2006,Morse v. Frederick,06-278,9th Circuit,Unknown,1,5-4,5,Kennedy,1
2006,Morse v. Frederick,06-278,9th Circuit,Unknown,1,5-4,5,Souter,0
2006,Morse v. Frederick,06-278,9th Circuit,Unknown,1,5-4,5,Thomas,1
2006,Morse v. Frederick,06-278,9th Circuit,Unknown,1,5-4,5,Ginsburg,0
2006,Morse v. Frederick,06-278,9th Circuit,Unknown,1,5-4,5,Breyer,0
2006,Morse v. Frederick,06-278,9th Circuit,Unknown,1,5-4,5,Jr.,1
2006,Morse v. Frederick,06-278,9th Circuit,Unknown,1,5-4,5,Jr.,1
2006,"Gonzales v. Planned Parenthood Federation of America, Inc.",05-1382,9th Circuit,Unknown,1,5-4,5,Jr.,1
2006,"Gonzales v. Planned Parenthood Federation of America, Inc.",05-1382,9th Circuit,Unknown,1,5-4,5,Stevens,0
2006,"Gonzales v. Planned Parenthood Federation of America, Inc.",05-1382,9th Circuit,Unknown,1,5-4,5,Scalia,1
2006,"Gonzales v. Planned Parenthood Federation of America, Inc.",05-1382,9th Circuit,Unknown,1,5-4,5,Kennedy,1
2006,"Gonzales v. Planned Parenthood Federation of America, Inc.",05-1382,9th Circuit,Unknown,1,5-4,5,Souter,0
2006,"Gonzales v. Planned Parenthood Federation of America, Inc.",05-1382,9th Circuit,Unknown,1,5-4,5,Thomas,1
2006,"Gonzales v. Planned Parenthood Federation of America, Inc.",05-1382,9th Circuit,Unknown,1,5-4,5,Ginsburg,0
2006,"Gonzales v. Planned Parenthood Federation of America, Inc.",05-1382,9th Circuit,Unknown,1,5-4,5,Breyer,0
2006,"Gonzales v. Planned Parenthood Federation of America, Inc.",05-1382,9th Circuit,Unknown,1,5-4,5,Jr.,1
2006,Beck v. PACE International Union,05-1448,9th Circuit,Unknown,1,9-0,5,Stevens,1
2006,Beck v. PACE International Union,05-1448,9th Circuit,Unknown,1,9-0,5,Scalia,1
2006,Beck v. PACE International Union,05-1448,9th Circuit,Unknown,1,9-0,5,Kennedy,1
2006,Beck v. PACE International Union,05-1448,9th Circuit,Unknown,1,9-0,5,Souter,1
2006,Beck v. PACE International Union,05-1448,9th Circuit,Unknown,1,9-0,5,Thomas,1
2006,Beck v. PACE International Union,05-1448,9th Circuit,Unknown,1,9-0,5,Ginsburg,1
2006,Beck v. PACE International Union,05-1448,9th Circuit,Unknown,1,9-0,5,Breyer,1
2006,Beck v. PACE International Union,05-1448,9th Circuit,Unknown,1,9-0,5,Jr.,1
2006,Beck v. PACE International Union,05-1448,9th Circuit,Unknown,1,9-0,5,Jr.,1
2006,Uttecht v. Brown,06-413,9th Circuit,Unknown,1,5-4,5,Stevens,0
2006,Uttecht v. Brown,06-413,9th Circuit,Unknown,1,5-4,5,Scalia,1
2006,Uttecht v. Brown,06-413,9th Circuit,Unknown,1,5-4,5,Kennedy,1
2006,Uttecht v. Brown,06-413,9th Circuit,Unknown,1,5-4,5,Souter,0
2006,Uttecht v. Brown,06-413,9th Circuit,Unknown,1,5-4,5,Thomas,1
2006,Uttecht v. Brown,06-413,9th Circuit,Unknown,1,5-4,5,Ginsburg,0
2006,Uttecht v. Brown,06-413,9th Circuit,Unknown,1,5-4,5,Breyer,0
2006,Uttecht v. Brown,06-413,9th Circuit,Unknown,1,5-4,5,Jr.,1
2006,Uttecht v. Brown,06-413,9th Circuit,Unknown,1,5-4,5,Jr.,1
2006,Lance v. Coffman,06-641,Other,Unknown,0,9-0,5,Stevens,1
2006,Lance v. Coffman,06-641,Other,Unknown,0,9-0,5,Scalia,1
2006,Lance v. Coffman,06-641,Other,Unknown,0,9-0,5,Kennedy,1
2006,Lance v. Coffman,06-641,Other,Unknown,0,9-0,5,Souter,1
2006,Lance v. Coffman,06-641,Other,Unknown,0,9-0,5,Thomas,1
2006,Lance v. Coffman,06-641,Other,Unknown,0,9-0,5,Ginsburg,1
2006,Lance v. Coffman,06-641,Other,Unknown,0,9-0,5,Breyer,1
2006,Lance v. Coffman,06-641,Other,Unknown,0,9-0,5,Jr.,1
2006,Lance v. Coffman,06-641,Other,Unknown,0,9-0,5,Jr.,1
2006,Philip Morris USA v. Williams,05-1256,Other,Unknown,1,5-4,5,Stevens,0
2006,Philip Morris USA v. Williams,05-1256,Other,Unknown,1,5-4,5,Scalia,0
2006,Philip Morris USA v. Williams,05-1256,Other,Unknown,1,5-4,5,Kennedy,1
2006,Philip Morris USA v. Williams,05-1256,Other,Unknown,1,5-4,5,Souter,1
2006,Philip Morris USA v. Williams,05-1256,Other,Unknown,1,5-4,5,Thomas,0
2006,Philip Morris USA v. Williams,05-1256,Other,Unknown,1,5-4,5,Ginsburg,0
2006,Philip Morris USA v. Williams,05-1256,Other,Unknown,1,5-4,5,Breyer,1
2006,Philip Morris USA v. Williams,05-1256,Other,Unknown,1,5-4,5,Jr.,1
2006,Philip Morris USA v. Williams,05-1256,Other,Unknown,1,5-4,5,Jr.,1
2006,Credit Suisse Securities (USA) LLC v. Billing,05-1157,2nd Circuit,Unknown,1,7-2,5,Jr.,1
2006,Credit Suisse Securities (USA) LLC v. Billing,05-1157,2nd Circuit,Unknown,1,7-2,5,Stevens,1
2006,Credit Suisse Securities (USA) LLC v. Billing,05-1157,2nd Circuit,Unknown,1,7-2,5,Scalia,1
2006,Credit Suisse Securities (USA) LLC v. Billing,05-1157,2nd Circuit,Unknown,1,7-2,5,Kennedy,0
2006,Credit Suisse Securities (USA) LLC v. Billing,05-1157,2nd Circuit,Unknown,1,7-2,5,Souter,1
2006,Credit Suisse Securities (USA) LLC v. Billing,05-1157,2nd Circuit,Unknown,1,7-2,5,Thomas,0
2006,Credit Suisse Securities (USA) LLC v. Billing,05-1157,2nd Circuit,Unknown,1,7-2,5,Ginsburg,1
2006,Credit Suisse Securities (USA) LLC v. Billing,05-1157,2nd Circuit,Unknown,1,7-2,5,Breyer,1
2006,Credit Suisse Securities (USA) LLC v. Billing,05-1157,2nd Circuit,Unknown,1,7-2,5,Jr.,1
2006,United States v. Resendiz-Ponce,05-998,9th Circuit,Unknown,1,8-1,5,Stevens,1
2006,United States v. Resendiz-Ponce,05-998,9th Circuit,Unknown,1,8-1,5,Scalia,0
2006,United States v. Resendiz-Ponce,05-998,9th Circuit,Unknown,1,8-1,5,Kennedy,1
2006,United States v. Resendiz-Ponce,05-998,9th Circuit,Unknown,1,8-1,5,Souter,1
2006,United States v. Resendiz-Ponce,05-998,9th Circuit,Unknown,1,8-1,5,Thomas,1
2006,United States v. Resendiz-Ponce,05-998,9th Circuit,Unknown,1,8-1,5,Ginsburg,1
2006,United States v. Resendiz-Ponce,05-998,9th Circuit,Unknown,1,8-1,5,Breyer,1
2006,United States v. Resendiz-Ponce,05-998,9th Circuit,Unknown,1,8-1,5,Jr.,1
2006,United States v. Resendiz-Ponce,05-998,9th Circuit,Unknown,1,8-1,5,Jr.,1
2006,Winkelman v. Parma City School District,05-983,6th Circuit,Unknown,1,7-2,5,Stevens,1
2006,Winkelman v. Parma City School District,05-983,6th Circuit,Unknown,1,7-2,5,Scalia,0
2006,Winkelman v. Parma City School District,05-983,6th Circuit,Unknown,1,7-2,5,Kennedy,1
2006,Winkelman v. Parma City School District,05-983,6th Circuit,Unknown,1,7-2,5,Souter,1
2006,Winkelman v. Parma City School District,05-983,6th Circuit,Unknown,1,7-2,5,Thomas,0
2006,Winkelman v. Parma City School District,05-983,6th Circuit,Unknown,1,7-2,5,Ginsburg,1
2006,Winkelman v. Parma City School District,05-983,6th Circuit,Unknown,1,7-2,5,Breyer,1
2006,Winkelman v. Parma City School District,05-983,6th Circuit,Unknown,1,7-2,5,Jr.,1
2006,Winkelman v. Parma City School District,05-983,6th Circuit,Unknown,1,7-2,5,Jr.,1
2006,Bell Atlantic Corp. v. Twombly,05-1126,2nd Circuit,Unknown,1,7-2,5,Jr.,1
2006,Bell Atlantic Corp. v. Twombly,05-1126,2nd Circuit,Unknown,1,7-2,5,Stevens,0
2006,Bell Atlantic Corp. v. Twombly,05-1126,2nd Circuit,Unknown,1,7-2,5,Scalia,1
2006,Bell Atlantic Corp. v. Twombly,05-1126,2nd Circuit,Unknown,1,7-2,5,Kennedy,1
2006,Bell Atlantic Corp. v. Twombly,05-1126,2nd Circuit,Unknown,1,7-2,5,Souter,1
2006,Bell Atlantic Corp. v. Twombly,05-1126,2nd Circuit,Unknown,1,7-2,5,Thomas,1
2006,Bell Atlantic Corp. v. Twombly,05-1126,2nd Circuit,Unknown,1,7-2,5,Ginsburg,0
2006,Bell Atlantic Corp. v. Twombly,05-1126,2nd Circuit,Unknown,1,7-2,5,Breyer,1
2006,Bell Atlantic Corp. v. Twombly,05-1126,2nd Circuit,Unknown,1,7-2,5,Jr.,1
2006,Bell Atlantic Corp. v. Twombly,05-1126,2nd Circuit,Unknown,1,7-2,5,Jr.,1
2006,Bell Atlantic Corp. v. Twombly,05-1126,2nd Circuit,Unknown,1,7-2,5,Stevens,0
2006,Bell Atlantic Corp. v. Twombly,05-1126,2nd Circuit,Unknown,1,7-2,5,Scalia,1
2006,Bell Atlantic Corp. v. Twombly,05-1126,2nd Circuit,Unknown,1,7-2,5,Kennedy,1
2006,Bell Atlantic Corp. v. Twombly,05-1126,2nd Circuit,Unknown,1,7-2,5,Souter,1
2006,Bell Atlantic Corp. v. Twombly,05-1126,2nd Circuit,Unknown,1,7-2,5,Thomas,1
2006,Bell Atlantic Corp. v. Twombly,05-1126,2nd Circuit,Unknown,1,7-2,5,Ginsburg,0
2006,Bell Atlantic Corp. v. Twombly,05-1126,2nd Circuit,Unknown,1,7-2,5,Breyer,1
2006,Bell Atlantic Corp. v. Twombly,05-1126,2nd Circuit,Unknown,1,7-2,5,Jr.,1
2006,Bell Atlantic Corp. v. Twombly,05-1126,2nd Circuit,Unknown,1,7-2,5,Souter,1
2006,Bell Atlantic Corp. v. Twombly,05-1126,2nd Circuit,Unknown,1,7-2,5,Jr.,1
2006,Bell Atlantic Corp. v. Twombly,05-1126,2nd Circuit,Unknown,1,7-2,5,Scalia,1
2006,Bell Atlantic Corp. v. Twombly,05-1126,2nd Circuit,Unknown,1,7-2,5,Kennedy,1
2006,Bell Atlantic Corp. v. Twombly,05-1126,2nd Circuit,Unknown,1,7-2,5,Thomas,1
2006,Bell Atlantic Corp. v. Twombly,05-1126,2nd Circuit,Unknown,1,7-2,5,Breyer,1
2006,Bell Atlantic Corp. v. Twombly,05-1126,2nd Circuit,Unknown,1,7-2,5,Jr.,1
2006,Bell Atlantic Corp. v. Twombly,05-1126,2nd Circuit,Unknown,1,7-2,5,Stevens,0
2006,Bell Atlantic Corp. v. Twombly,05-1126,2nd Circuit,Unknown,1,7-2,5,Ginsburg,0
2006,Bell Atlantic Corp. v. Twombly,05-1126,2nd Circuit,Unknown,1,7-2,5,Souter,1
2006,Bell Atlantic Corp. v. Twombly,05-1126,2nd Circuit,Unknown,1,7-2,5,Jr.,1
2006,Bell Atlantic Corp. v. Twombly,05-1126,2nd Circuit,Unknown,1,7-2,5,Scalia,1
2006,Bell Atlantic Corp. v. Twombly,05-1126,2nd Circuit,Unknown,1,7-2,5,Kennedy,1
2006,Bell Atlantic Corp. v. Twombly,05-1126,2nd Circuit,Unknown,1,7-2,5,Thomas,1
2006,Bell Atlantic Corp. v. Twombly,05-1126,2nd Circuit,Unknown,1,7-2,5,Breyer,1
2006,Bell Atlantic Corp. v. Twombly,05-1126,2nd Circuit,Unknown,1,7-2,5,Jr.,1
2006,Bell Atlantic Corp. v. Twombly,05-1126,2nd Circuit,Unknown,1,7-2,5,Stevens,0
2006,Bell Atlantic Corp. v. Twombly,05-1126,2nd Circuit,Unknown,1,7-2,5,Ginsburg,0
2006,KSR International Co. v. Teleflex Inc.,04-1350,Federal Circuit,Unknown,1,9-0,5,Stevens,1
2006,KSR International Co. v. Teleflex Inc.,04-1350,Federal Circuit,Unknown,1,9-0,5,Scalia,1
2006,KSR International Co. v. Teleflex Inc.,04-1350,Federal Circuit,Unknown,1,9-0,5,Kennedy,1
2006,KSR International Co. v. Teleflex Inc.,04-1350,Federal Circuit,Unknown,1,9-0,5,Souter,1
2006,KSR International Co. v. Teleflex Inc.,04-1350,Federal Circuit,Unknown,1,9-0,5,Thomas,1
2006,KSR International Co. v. Teleflex Inc.,04-1350,Federal Circuit,Unknown,1,9-0,5,Ginsburg,1
2006,KSR International Co. v. Teleflex Inc.,04-1350,Federal Circuit,Unknown,1,9-0,5,Breyer,1
2006,KSR International Co. v. Teleflex Inc.,04-1350,Federal Circuit,Unknown,1,9-0,5,Jr.,1
2006,KSR International Co. v. Teleflex Inc.,04-1350,Federal Circuit,Unknown,1,9-0,5,Jr.,1
2006,"Watson v. Philip Morris Companies, Inc.",05-1284,8th Circuit,Unknown,1,9-0,5,Stevens,1
2006,"Watson v. Philip Morris Companies, Inc.",05-1284,8th Circuit,Unknown,1,9-0,5,Scalia,1
2006,"Watson v. Philip Morris Companies, Inc.",05-1284,8th Circuit,Unknown,1,9-0,5,Kennedy,1
2006,"Watson v. Philip Morris Companies, Inc.",05-1284,8th Circuit,Unknown,1,9-0,5,Souter,1
2006,"Watson v. Philip Morris Companies, Inc.",05-1284,8th Circuit,Unknown,1,9-0,5,Thomas,1
2006,"Watson v. Philip Morris Companies, Inc.",05-1284,8th Circuit,Unknown,1,9-0,5,Ginsburg,1
2006,"Watson v. Philip Morris Companies, Inc.",05-1284,8th Circuit,Unknown,1,9-0,5,Breyer,1
2006,"Watson v. Philip Morris Companies, Inc.",05-1284,8th Circuit,Unknown,1,9-0,5,Jr.,1
2006,"Watson v. Philip Morris Companies, Inc.",05-1284,8th Circuit,Unknown,1,9-0,5,Jr.,1
2006,Lopez v. Gonzales,05-547,8th Circuit,Unknown,1,8-1,5,Stevens,1
2006,Lopez v. Gonzales,05-547,8th Circuit,Unknown,1,8-1,5,Scalia,1
2006,Lopez v. Gonzales,05-547,8th Circuit,Unknown,1,8-1,5,Kennedy,1
2006,Lopez v. Gonzales,05-547,8th Circuit,Unknown,1,8-1,5,Souter,1
2006,Lopez v. Gonzales,05-547,8th Circuit,Unknown,1,8-1,5,Thomas,0
2006,Lopez v. Gonzales,05-547,8th Circuit,Unknown,1,8-1,5,Ginsburg,1
2006,Lopez v. Gonzales,05-547,8th Circuit,Unknown,1,8-1,5,Breyer,1
2006,Lopez v. Gonzales,05-547,8th Circuit,Unknown,1,8-1,5,Jr.,1
2006,Lopez v. Gonzales,05-547,8th Circuit,Unknown,1,8-1,5,Jr.,1
2006,Lopez v. Gonzales,05-547,8th Circuit,Unknown,1,8-1,5,Stevens,1
2006,Lopez v. Gonzales,05-547,8th Circuit,Unknown,1,8-1,5,Scalia,1
2006,Lopez v. Gonzales,05-547,8th Circuit,Unknown,1,8-1,5,Kennedy,1
2006,Lopez v. Gonzales,05-547,8th Circuit,Unknown,1,8-1,5,Souter,1
2006,Lopez v. Gonzales,05-547,8th Circuit,Unknown,1,8-1,5,Thomas,0
2006,Lopez v. Gonzales,05-547,8th Circuit,Unknown,1,8-1,5,Ginsburg,1
2006,Lopez v. Gonzales,05-547,8th Circuit,Unknown,1,8-1,5,Breyer,1
2006,Lopez v. Gonzales,05-547,8th Circuit,Unknown,1,8-1,5,Jr.,1
2006,Lopez v. Gonzales,05-547,8th Circuit,Unknown,1,8-1,5,Jr.,1
2006,Abdul-Kabir v. Quarterman,05-11284,5th Circuit,Unknown,1,5-4,5,Stevens,1
2006,Abdul-Kabir v. Quarterman,05-11284,5th Circuit,Unknown,1,5-4,5,Scalia,0
2006,Abdul-Kabir v. Quarterman,05-11284,5th Circuit,Unknown,1,5-4,5,Kennedy,1
2006,Abdul-Kabir v. Quarterman,05-11284,5th Circuit,Unknown,1,5-4,5,Souter,1
2006,Abdul-Kabir v. Quarterman,05-11284,5th Circuit,Unknown,1,5-4,5,Thomas,0
2006,Abdul-Kabir v. Quarterman,05-11284,5th Circuit,Unknown,1,5-4,5,Ginsburg,1
2006,Abdul-Kabir v. Quarterman,05-11284,5th Circuit,Unknown,1,5-4,5,Breyer,1
2006,Abdul-Kabir v. Quarterman,05-11284,5th Circuit,Unknown,1,5-4,5,Jr.,0
2006,Abdul-Kabir v. Quarterman,05-11284,5th Circuit,Unknown,1,5-4,5,Jr.,0
2006,Brendlin v. California,06-8120,State Supreme Court,Unknown,1,9-0,5,Stevens,1
2006,Brendlin v. California,06-8120,State Supreme Court,Unknown,1,9-0,5,Scalia,1
2006,Brendlin v. California,06-8120,State Supreme Court,Unknown,1,9-0,5,Kennedy,1
2006,Brendlin v. California,06-8120,State Supreme Court,Unknown,1,9-0,5,Souter,1
2006,Brendlin v. California,06-8120,State Supreme Court,Unknown,1,9-0,5,Thomas,1
2006,Brendlin v. California,06-8120,State Supreme Court,Unknown,1,9-0,5,Ginsburg,1
2006,Brendlin v. California,06-8120,State Supreme Court,Unknown,1,9-0,5,Breyer,1
2006,Brendlin v. California,06-8120,State Supreme Court,Unknown,1,9-0,5,Jr.,1
2006,Brendlin v. California,06-8120,State Supreme Court,Unknown,1,9-0,5,Jr.,1
